2024-12-08T10:45:30.942+03:00  INFO 18004 --- [WMS] [main] com.warehouse.WMS.WmsApplication         : Starting WmsApplication using Java 22.0.2 with PID 18004 (C:\Users\Vadim\Desktop\WMS\target\classes started by Vadim in C:\Users\Vadim\Desktop\WMS)
2024-12-08T10:45:30.961+03:00  INFO 18004 --- [WMS] [main] com.warehouse.WMS.WmsApplication         : No active profile set, falling back to 1 default profile: "default"
2024-12-08T10:45:32.075+03:00  INFO 18004 --- [WMS] [main] .s.d.r.c.RepositoryConfigurationDelegate : Bootstrapping Spring Data JPA repositories in DEFAULT mode.
2024-12-08T10:45:32.136+03:00  INFO 18004 --- [WMS] [main] .s.d.r.c.RepositoryConfigurationDelegate : Finished Spring Data repository scanning in 55 ms. Found 5 JPA repository interfaces.
2024-12-08T10:45:32.638+03:00  INFO 18004 --- [WMS] [main] o.s.b.w.embedded.tomcat.TomcatWebServer  : Tomcat initialized with port 8080 (http)
2024-12-08T10:45:32.663+03:00  INFO 18004 --- [WMS] [main] o.apache.catalina.core.StandardService   : Starting service [Tomcat]
2024-12-08T10:45:32.664+03:00  INFO 18004 --- [WMS] [main] o.apache.catalina.core.StandardEngine    : Starting Servlet engine: [Apache Tomcat/10.1.31]
2024-12-08T10:45:32.747+03:00  INFO 18004 --- [WMS] [main] o.a.c.c.C.[Tomcat].[localhost].[/]       : Initializing Spring embedded WebApplicationContext
2024-12-08T10:45:32.747+03:00  INFO 18004 --- [WMS] [main] w.s.c.ServletWebServerApplicationContext : Root WebApplicationContext: initialization completed in 1718 ms
2024-12-08T10:45:32.871+03:00  INFO 18004 --- [WMS] [main] com.zaxxer.hikari.HikariDataSource       : HikariPool-1 - Starting...
2024-12-08T10:45:33.419+03:00  INFO 18004 --- [WMS] [main] com.zaxxer.hikari.pool.HikariPool        : HikariPool-1 - Added connection com.mysql.cj.jdbc.ConnectionImpl@2baac4a7
2024-12-08T10:45:33.421+03:00  INFO 18004 --- [WMS] [main] com.zaxxer.hikari.HikariDataSource       : HikariPool-1 - Start completed.
2024-12-08T10:45:33.463+03:00  INFO 18004 --- [WMS] [main] o.hibernate.jpa.internal.util.LogHelper  : HHH000204: Processing PersistenceUnitInfo [name: default]
2024-12-08T10:45:33.532+03:00  INFO 18004 --- [WMS] [main] org.hibernate.Version                    : HHH000412: Hibernate ORM core version 6.5.3.Final
2024-12-08T10:45:33.573+03:00  INFO 18004 --- [WMS] [main] o.h.c.internal.RegionFactoryInitiator    : HHH000026: Second-level cache disabled
2024-12-08T10:45:33.907+03:00  INFO 18004 --- [WMS] [main] o.s.o.j.p.SpringPersistenceUnitInfo      : No LoadTimeWeaver setup: ignoring JPA class transformer
2024-12-08T10:45:34.925+03:00  INFO 18004 --- [WMS] [main] o.h.e.t.j.p.i.JtaPlatformInitiator       : HHH000489: No JTA platform available (set 'hibernate.transaction.jta.platform' to enable JTA platform integration)
2024-12-08T10:45:34.929+03:00  INFO 18004 --- [WMS] [main] j.LocalContainerEntityManagerFactoryBean : Initialized JPA EntityManagerFactory for persistence unit 'default'
2024-12-08T10:45:35.533+03:00  WARN 18004 --- [WMS] [main] JpaBaseConfiguration$JpaWebConfiguration : spring.jpa.open-in-view is enabled by default. Therefore, database queries may be performed during view rendering. Explicitly configure spring.jpa.open-in-view to disable this warning
2024-12-08T10:45:35.996+03:00  INFO 18004 --- [WMS] [main] o.s.b.w.embedded.tomcat.TomcatWebServer  : Tomcat started on port 8080 (http) with context path '/'
2024-12-08T10:45:36.004+03:00  INFO 18004 --- [WMS] [main] com.warehouse.WMS.WmsApplication         : Started WmsApplication in 5.677 seconds (process running for 6.845)
2024-12-08T10:45:42.062+03:00  INFO 18004 --- [WMS] [http-nio-8080-exec-1] o.a.c.c.C.[Tomcat].[localhost].[/]       : Initializing Spring DispatcherServlet 'dispatcherServlet'
2024-12-08T10:45:42.062+03:00  INFO 18004 --- [WMS] [http-nio-8080-exec-1] o.s.web.servlet.DispatcherServlet        : Initializing Servlet 'dispatcherServlet'
2024-12-08T10:45:42.063+03:00  INFO 18004 --- [WMS] [http-nio-8080-exec-1] o.s.web.servlet.DispatcherServlet        : Completed initialization in 1 ms
2024-12-08T10:45:42.099+03:00  INFO 18004 --- [WMS] [http-nio-8080-exec-1] c.w.W.w.services.GetWarehousesService    : Получение всех запасов со склада
2024-12-08T10:45:42.291+03:00  INFO 18004 --- [WMS] [http-nio-8080-exec-2] c.w.W.w.services.GetWarehousesService    : Получение всех запасов со склада
2024-12-08T10:54:21.330+03:00  INFO 18004 --- [WMS] [SpringApplicationShutdownHook] j.LocalContainerEntityManagerFactoryBean : Closing JPA EntityManagerFactory for persistence unit 'default'
2024-12-08T10:54:21.366+03:00  INFO 18004 --- [WMS] [SpringApplicationShutdownHook] com.zaxxer.hikari.HikariDataSource       : HikariPool-1 - Shutdown initiated...
2024-12-08T10:54:21.373+03:00  INFO 18004 --- [WMS] [SpringApplicationShutdownHook] com.zaxxer.hikari.HikariDataSource       : HikariPool-1 - Shutdown completed.
2024-12-08T10:58:15.597+03:00  INFO 17848 --- [WMS] [main] com.warehouse.WMS.WmsApplication         : Starting WmsApplication using Java 22.0.2 with PID 17848 (C:\Users\Vadim\Desktop\WMS\target\classes started by Vadim in C:\Users\Vadim\Desktop\WMS)
2024-12-08T10:58:15.599+03:00  INFO 17848 --- [WMS] [main] com.warehouse.WMS.WmsApplication         : No active profile set, falling back to 1 default profile: "default"
2024-12-08T10:58:16.248+03:00  INFO 17848 --- [WMS] [main] .s.d.r.c.RepositoryConfigurationDelegate : Bootstrapping Spring Data JPA repositories in DEFAULT mode.
2024-12-08T10:58:16.303+03:00  INFO 17848 --- [WMS] [main] .s.d.r.c.RepositoryConfigurationDelegate : Finished Spring Data repository scanning in 49 ms. Found 5 JPA repository interfaces.
2024-12-08T10:58:16.677+03:00  INFO 17848 --- [WMS] [main] o.s.b.w.embedded.tomcat.TomcatWebServer  : Tomcat initialized with port 8080 (http)
2024-12-08T10:58:16.688+03:00  INFO 17848 --- [WMS] [main] o.apache.catalina.core.StandardService   : Starting service [Tomcat]
2024-12-08T10:58:16.688+03:00  INFO 17848 --- [WMS] [main] o.apache.catalina.core.StandardEngine    : Starting Servlet engine: [Apache Tomcat/10.1.31]
2024-12-08T10:58:16.734+03:00  INFO 17848 --- [WMS] [main] o.a.c.c.C.[Tomcat].[localhost].[/]       : Initializing Spring embedded WebApplicationContext
2024-12-08T10:58:16.734+03:00  INFO 17848 --- [WMS] [main] w.s.c.ServletWebServerApplicationContext : Root WebApplicationContext: initialization completed in 1097 ms
2024-12-08T10:58:16.851+03:00  INFO 17848 --- [WMS] [main] com.zaxxer.hikari.HikariDataSource       : HikariPool-1 - Starting...
2024-12-08T10:58:17.149+03:00  INFO 17848 --- [WMS] [main] com.zaxxer.hikari.pool.HikariPool        : HikariPool-1 - Added connection com.mysql.cj.jdbc.ConnectionImpl@3db6dd52
2024-12-08T10:58:17.151+03:00  INFO 17848 --- [WMS] [main] com.zaxxer.hikari.HikariDataSource       : HikariPool-1 - Start completed.
2024-12-08T10:58:17.183+03:00  INFO 17848 --- [WMS] [main] o.hibernate.jpa.internal.util.LogHelper  : HHH000204: Processing PersistenceUnitInfo [name: default]
2024-12-08T10:58:17.227+03:00  INFO 17848 --- [WMS] [main] org.hibernate.Version                    : HHH000412: Hibernate ORM core version 6.5.3.Final
2024-12-08T10:58:17.255+03:00  INFO 17848 --- [WMS] [main] o.h.c.internal.RegionFactoryInitiator    : HHH000026: Second-level cache disabled
2024-12-08T10:58:17.523+03:00  INFO 17848 --- [WMS] [main] o.s.o.j.p.SpringPersistenceUnitInfo      : No LoadTimeWeaver setup: ignoring JPA class transformer
2024-12-08T10:58:18.400+03:00  INFO 17848 --- [WMS] [main] o.h.e.t.j.p.i.JtaPlatformInitiator       : HHH000489: No JTA platform available (set 'hibernate.transaction.jta.platform' to enable JTA platform integration)
2024-12-08T10:58:18.402+03:00  INFO 17848 --- [WMS] [main] j.LocalContainerEntityManagerFactoryBean : Initialized JPA EntityManagerFactory for persistence unit 'default'
2024-12-08T10:58:18.754+03:00  WARN 17848 --- [WMS] [main] JpaBaseConfiguration$JpaWebConfiguration : spring.jpa.open-in-view is enabled by default. Therefore, database queries may be performed during view rendering. Explicitly configure spring.jpa.open-in-view to disable this warning
2024-12-08T10:58:19.086+03:00  INFO 17848 --- [WMS] [main] o.s.b.w.embedded.tomcat.TomcatWebServer  : Tomcat started on port 8080 (http) with context path '/'
2024-12-08T10:58:19.093+03:00  INFO 17848 --- [WMS] [main] com.warehouse.WMS.WmsApplication         : Started WmsApplication in 3.848 seconds (process running for 4.412)
2024-12-08T10:58:51.583+03:00  INFO 17848 --- [WMS] [http-nio-8080-exec-1] o.a.c.c.C.[Tomcat].[localhost].[/]       : Initializing Spring DispatcherServlet 'dispatcherServlet'
2024-12-08T10:58:51.584+03:00  INFO 17848 --- [WMS] [http-nio-8080-exec-1] o.s.web.servlet.DispatcherServlet        : Initializing Servlet 'dispatcherServlet'
2024-12-08T10:58:51.585+03:00  INFO 17848 --- [WMS] [http-nio-8080-exec-1] o.s.web.servlet.DispatcherServlet        : Completed initialization in 1 ms
2024-12-08T10:58:52.033+03:00  INFO 17848 --- [WMS] [http-nio-8080-exec-4] o.springdoc.api.AbstractOpenApiResource  : Init duration for springdoc-openapi is: 313 ms
2024-12-08T10:59:07.154+03:00  INFO 17848 --- [WMS] [http-nio-8080-exec-3] c.w.W.order.services.CreateOrderService  : Получение компонентов orderDTO : OrderDTO(id=1, orderDate=2024-11-01, deliveryDate=2024-11-10, components=[ComponentDTO(id=21, name=SSD Kingston, category=Накопитель, manufacture=Kingston, model=A2000 1TB, price=100)], quantities=[8], totalQuantity=8, status=Готовится к отправке)
 getComponents(): [ComponentDTO(id=21, name=SSD Kingston, category=Накопитель, manufacture=Kingston, model=A2000 1TB, price=100)]
2024-12-08T10:59:07.157+03:00  INFO 17848 --- [WMS] [http-nio-8080-exec-3] c.w.W.order.services.CreateOrderService  : Получение всех комплектующих заказа, которые уже есть в базе данных
2024-12-08T10:59:07.259+03:00  INFO 17848 --- [WMS] [http-nio-8080-exec-3] c.w.W.order.services.CreateOrderService  : Устанавливание связей между таблицами заказа и комплектующего
2024-12-08T10:59:07.368+03:00  INFO 17848 --- [WMS] [http-nio-8080-exec-3] c.w.W.order.services.CreateOrderService  : Сохрание заказа в базу данных
2024-12-08T10:59:15.853+03:00  INFO 17848 --- [WMS] [http-nio-8080-exec-9] c.w.W.order.services.CreateOrderService  : Получение компонентов orderDTO : OrderDTO(id=2, orderDate=2024-11-02, deliveryDate=2024-11-12, components=[ComponentDTO(id=22, name=Оперативная память Corsair, category=Оперативная память, manufacture=Corsair, model=Vengeance LPX 16GB, price=80)], quantities=[12], totalQuantity=12, status=Готовится к отправке)
 getComponents(): [ComponentDTO(id=22, name=Оперативная память Corsair, category=Оперативная память, manufacture=Corsair, model=Vengeance LPX 16GB, price=80)]
2024-12-08T10:59:15.854+03:00  INFO 17848 --- [WMS] [http-nio-8080-exec-9] c.w.W.order.services.CreateOrderService  : Получение всех комплектующих заказа, которые уже есть в базе данных
2024-12-08T10:59:15.857+03:00  INFO 17848 --- [WMS] [http-nio-8080-exec-9] c.w.W.order.services.CreateOrderService  : Устанавливание связей между таблицами заказа и комплектующего
2024-12-08T10:59:15.872+03:00  INFO 17848 --- [WMS] [http-nio-8080-exec-9] c.w.W.order.services.CreateOrderService  : Сохрание заказа в базу данных
2024-12-08T10:59:22.349+03:00  INFO 17848 --- [WMS] [http-nio-8080-exec-7] c.w.W.order.services.CreateOrderService  : Получение компонентов orderDTO : OrderDTO(id=3, orderDate=2024-11-03, deliveryDate=2024-11-13, components=[ComponentDTO(id=23, name=Видеокарта ASUS, category=Видеокарта, manufacture=ASUS, model=ROG Strix RTX 3060, price=550)], quantities=[5], totalQuantity=5, status=Готовится к отправке)
 getComponents(): [ComponentDTO(id=23, name=Видеокарта ASUS, category=Видеокарта, manufacture=ASUS, model=ROG Strix RTX 3060, price=550)]
2024-12-08T10:59:22.349+03:00  INFO 17848 --- [WMS] [http-nio-8080-exec-7] c.w.W.order.services.CreateOrderService  : Получение всех комплектующих заказа, которые уже есть в базе данных
2024-12-08T10:59:22.352+03:00  INFO 17848 --- [WMS] [http-nio-8080-exec-7] c.w.W.order.services.CreateOrderService  : Устанавливание связей между таблицами заказа и комплектующего
2024-12-08T10:59:22.413+03:00  INFO 17848 --- [WMS] [http-nio-8080-exec-7] c.w.W.order.services.CreateOrderService  : Сохрание заказа в базу данных
2024-12-08T10:59:29.338+03:00  INFO 17848 --- [WMS] [http-nio-8080-exec-8] c.w.W.order.services.CreateOrderService  : Получение компонентов orderDTO : OrderDTO(id=4, orderDate=2024-11-04, deliveryDate=2024-11-14, components=[ComponentDTO(id=24, name=Блок питания Seasonic, category=Блок питания, manufacture=Seasonic, model=Focus GX-750, price=120)], quantities=[4], totalQuantity=4, status=Готовится к отправке)
 getComponents(): [ComponentDTO(id=24, name=Блок питания Seasonic, category=Блок питания, manufacture=Seasonic, model=Focus GX-750, price=120)]
2024-12-08T10:59:29.338+03:00  INFO 17848 --- [WMS] [http-nio-8080-exec-8] c.w.W.order.services.CreateOrderService  : Получение всех комплектующих заказа, которые уже есть в базе данных
2024-12-08T10:59:29.341+03:00  INFO 17848 --- [WMS] [http-nio-8080-exec-8] c.w.W.order.services.CreateOrderService  : Устанавливание связей между таблицами заказа и комплектующего
2024-12-08T10:59:29.359+03:00  INFO 17848 --- [WMS] [http-nio-8080-exec-8] c.w.W.order.services.CreateOrderService  : Сохрание заказа в базу данных
2024-12-08T10:59:37.805+03:00  INFO 17848 --- [WMS] [http-nio-8080-exec-6] c.w.W.order.services.CreateOrderService  : Получение компонентов orderDTO : OrderDTO(id=5, orderDate=2024-11-05, deliveryDate=2024-11-15, components=[ComponentDTO(id=25, name=Кулер Noctua, category=Охлаждение, manufacture=Noctua, model=NH-D15, price=90)], quantities=[6], totalQuantity=6, status=Готовится к отправке)
 getComponents(): [ComponentDTO(id=25, name=Кулер Noctua, category=Охлаждение, manufacture=Noctua, model=NH-D15, price=90)]
2024-12-08T10:59:37.805+03:00  INFO 17848 --- [WMS] [http-nio-8080-exec-6] c.w.W.order.services.CreateOrderService  : Получение всех комплектующих заказа, которые уже есть в базе данных
2024-12-08T10:59:37.808+03:00  INFO 17848 --- [WMS] [http-nio-8080-exec-6] c.w.W.order.services.CreateOrderService  : Устанавливание связей между таблицами заказа и комплектующего
2024-12-08T10:59:37.828+03:00  INFO 17848 --- [WMS] [http-nio-8080-exec-6] c.w.W.order.services.CreateOrderService  : Сохрание заказа в базу данных
2024-12-08T10:59:44.013+03:00  INFO 17848 --- [WMS] [http-nio-8080-exec-10] c.w.W.order.services.CreateOrderService  : Получение компонентов orderDTO : OrderDTO(id=6, orderDate=2024-11-06, deliveryDate=2024-11-16, components=[ComponentDTO(id=26, name=Материнская плата MSI, category=Материнская плата, manufacture=MSI, model=B550-A PRO, price=150)], quantities=[3], totalQuantity=3, status=Готовится к отправке)
 getComponents(): [ComponentDTO(id=26, name=Материнская плата MSI, category=Материнская плата, manufacture=MSI, model=B550-A PRO, price=150)]
2024-12-08T10:59:44.014+03:00  INFO 17848 --- [WMS] [http-nio-8080-exec-10] c.w.W.order.services.CreateOrderService  : Получение всех комплектующих заказа, которые уже есть в базе данных
2024-12-08T10:59:44.016+03:00  INFO 17848 --- [WMS] [http-nio-8080-exec-10] c.w.W.order.services.CreateOrderService  : Устанавливание связей между таблицами заказа и комплектующего
2024-12-08T10:59:44.050+03:00  INFO 17848 --- [WMS] [http-nio-8080-exec-10] c.w.W.order.services.CreateOrderService  : Сохрание заказа в базу данных
2024-12-08T10:59:50.572+03:00  INFO 17848 --- [WMS] [http-nio-8080-exec-1] c.w.W.order.services.CreateOrderService  : Получение компонентов orderDTO : OrderDTO(id=7, orderDate=2024-11-07, deliveryDate=2024-11-17, components=[ComponentDTO(id=27, name=Монитор LG, category=Монитор, manufacture=LG, model=UltraGear 27GN950, price=900)], quantities=[1], totalQuantity=1, status=Готовится к отправке)
 getComponents(): [ComponentDTO(id=27, name=Монитор LG, category=Монитор, manufacture=LG, model=UltraGear 27GN950, price=900)]
2024-12-08T10:59:50.572+03:00  INFO 17848 --- [WMS] [http-nio-8080-exec-1] c.w.W.order.services.CreateOrderService  : Получение всех комплектующих заказа, которые уже есть в базе данных
2024-12-08T10:59:50.575+03:00  INFO 17848 --- [WMS] [http-nio-8080-exec-1] c.w.W.order.services.CreateOrderService  : Устанавливание связей между таблицами заказа и комплектующего
2024-12-08T10:59:50.595+03:00  INFO 17848 --- [WMS] [http-nio-8080-exec-1] c.w.W.order.services.CreateOrderService  : Сохрание заказа в базу данных
2024-12-08T10:59:56.038+03:00  INFO 17848 --- [WMS] [http-nio-8080-exec-5] c.w.W.order.services.CreateOrderService  : Получение компонентов orderDTO : OrderDTO(id=8, orderDate=2024-11-08, deliveryDate=2024-11-18, components=[ComponentDTO(id=28, name=Клавиатура Razer, category=Клавиатура, manufacture=Razer, model=BlackWidow V3, price=130)], quantities=[9], totalQuantity=9, status=Готовится к отправке)
 getComponents(): [ComponentDTO(id=28, name=Клавиатура Razer, category=Клавиатура, manufacture=Razer, model=BlackWidow V3, price=130)]
2024-12-08T10:59:56.038+03:00  INFO 17848 --- [WMS] [http-nio-8080-exec-5] c.w.W.order.services.CreateOrderService  : Получение всех комплектующих заказа, которые уже есть в базе данных
2024-12-08T10:59:56.040+03:00  INFO 17848 --- [WMS] [http-nio-8080-exec-5] c.w.W.order.services.CreateOrderService  : Устанавливание связей между таблицами заказа и комплектующего
2024-12-08T10:59:56.059+03:00  INFO 17848 --- [WMS] [http-nio-8080-exec-5] c.w.W.order.services.CreateOrderService  : Сохрание заказа в базу данных
2024-12-08T11:00:01.712+03:00  INFO 17848 --- [WMS] [http-nio-8080-exec-4] c.w.W.order.services.CreateOrderService  : Получение компонентов orderDTO : OrderDTO(id=9, orderDate=2024-11-09, deliveryDate=2024-11-19, components=[ComponentDTO(id=29, name=Мышь Logitech, category=Мышь, manufacture=Logitech, model=G502 HERO, price=50)], quantities=[20], totalQuantity=20, status=Готовится к отправке)
 getComponents(): [ComponentDTO(id=29, name=Мышь Logitech, category=Мышь, manufacture=Logitech, model=G502 HERO, price=50)]
2024-12-08T11:00:01.713+03:00  INFO 17848 --- [WMS] [http-nio-8080-exec-4] c.w.W.order.services.CreateOrderService  : Получение всех комплектующих заказа, которые уже есть в базе данных
2024-12-08T11:00:01.715+03:00  INFO 17848 --- [WMS] [http-nio-8080-exec-4] c.w.W.order.services.CreateOrderService  : Устанавливание связей между таблицами заказа и комплектующего
2024-12-08T11:00:01.751+03:00  INFO 17848 --- [WMS] [http-nio-8080-exec-4] c.w.W.order.services.CreateOrderService  : Сохрание заказа в базу данных
2024-12-08T11:00:07.864+03:00  INFO 17848 --- [WMS] [http-nio-8080-exec-3] c.w.W.order.services.CreateOrderService  : Получение компонентов orderDTO : OrderDTO(id=10, orderDate=2024-11-10, deliveryDate=2024-11-20, components=[ComponentDTO(id=30, name=Внешний жесткий диск WD, category=Накопитель, manufacture=Western Digital, model=My Passport 4TB, price=120)], quantities=[3], totalQuantity=3, status=Готовится к отправке)
 getComponents(): [ComponentDTO(id=30, name=Внешний жесткий диск WD, category=Накопитель, manufacture=Western Digital, model=My Passport 4TB, price=120)]
2024-12-08T11:00:07.864+03:00  INFO 17848 --- [WMS] [http-nio-8080-exec-3] c.w.W.order.services.CreateOrderService  : Получение всех комплектующих заказа, которые уже есть в базе данных
2024-12-08T11:00:07.866+03:00  INFO 17848 --- [WMS] [http-nio-8080-exec-3] c.w.W.order.services.CreateOrderService  : Устанавливание связей между таблицами заказа и комплектующего
2024-12-08T11:00:07.886+03:00  INFO 17848 --- [WMS] [http-nio-8080-exec-3] c.w.W.order.services.CreateOrderService  : Сохрание заказа в базу данных
2024-12-08T11:00:13.281+03:00  INFO 17848 --- [WMS] [http-nio-8080-exec-9] c.w.W.order.services.CreateOrderService  : Получение компонентов orderDTO : OrderDTO(id=11, orderDate=2024-11-11, deliveryDate=2024-11-21, components=[ComponentDTO(id=31, name=Гарнитура HyperX, category=Аудио, manufacture=HyperX, model=Cloud II, price=80)], quantities=[15], totalQuantity=15, status=Готовится к отправке)
 getComponents(): [ComponentDTO(id=31, name=Гарнитура HyperX, category=Аудио, manufacture=HyperX, model=Cloud II, price=80)]
2024-12-08T11:00:13.281+03:00  INFO 17848 --- [WMS] [http-nio-8080-exec-9] c.w.W.order.services.CreateOrderService  : Получение всех комплектующих заказа, которые уже есть в базе данных
2024-12-08T11:00:13.284+03:00  INFO 17848 --- [WMS] [http-nio-8080-exec-9] c.w.W.order.services.CreateOrderService  : Преобразование всех ComponentDTO в Component
2024-12-08T11:00:13.284+03:00  INFO 17848 --- [WMS] [http-nio-8080-exec-9] c.w.W.c.s.CreateAllComponentsService     : Сохранение всех комплектующих в базу данных
2024-12-08T11:00:18.166+03:00  INFO 17848 --- [WMS] [http-nio-8080-exec-7] c.w.W.order.services.CreateOrderService  : Получение компонентов orderDTO : OrderDTO(id=12, orderDate=2024-11-12, deliveryDate=2024-11-22, components=[ComponentDTO(id=32, name=Сетевой фильтр APC, category=Аксессуары, manufacture=APC, model=P11VT3, price=30)], quantities=[18], totalQuantity=18, status=Готовится к отправке)
 getComponents(): [ComponentDTO(id=32, name=Сетевой фильтр APC, category=Аксессуары, manufacture=APC, model=P11VT3, price=30)]
2024-12-08T11:00:18.166+03:00  INFO 17848 --- [WMS] [http-nio-8080-exec-7] c.w.W.order.services.CreateOrderService  : Получение всех комплектующих заказа, которые уже есть в базе данных
2024-12-08T11:00:18.169+03:00  INFO 17848 --- [WMS] [http-nio-8080-exec-7] c.w.W.order.services.CreateOrderService  : Преобразование всех ComponentDTO в Component
2024-12-08T11:00:18.169+03:00  INFO 17848 --- [WMS] [http-nio-8080-exec-7] c.w.W.c.s.CreateAllComponentsService     : Сохранение всех комплектующих в базу данных
2024-12-08T11:00:57.639+03:00  INFO 17848 --- [WMS] [http-nio-8080-exec-8] c.w.W.order.services.CreateOrderService  : Получение компонентов orderDTO : OrderDTO(id=5, orderDate=2024-11-05, deliveryDate=2024-11-15, components=[ComponentDTO(id=25, name=Кулер Noctua, category=Система охлаждения, manufacture=Noctua, model=NH-D15, price=90)], quantities=[6], totalQuantity=6, status=Готовится к отправке)
 getComponents(): [ComponentDTO(id=25, name=Кулер Noctua, category=Система охлаждения, manufacture=Noctua, model=NH-D15, price=90)]
2024-12-08T11:00:57.639+03:00  INFO 17848 --- [WMS] [http-nio-8080-exec-8] c.w.W.order.services.CreateOrderService  : Получение всех комплектующих заказа, которые уже есть в базе данных
2024-12-08T11:00:57.641+03:00  INFO 17848 --- [WMS] [http-nio-8080-exec-8] c.w.W.order.services.CreateOrderService  : Устанавливание связей между таблицами заказа и комплектующего
2024-12-08T11:00:57.648+03:00  INFO 17848 --- [WMS] [http-nio-8080-exec-8] c.w.W.order.services.CreateOrderService  : Сохрание заказа в базу данных
2024-12-08T11:02:03.254+03:00  INFO 17848 --- [WMS] [http-nio-8080-exec-10] c.w.W.order.services.CreateOrderService  : Получение компонентов orderDTO : OrderDTO(id=13, orderDate=2024-11-13, deliveryDate=2024-11-23, components=[ComponentDTO(id=33, name=Кулер Arctic, category=Система охлаждения, manufacture=Arctic, model=Freezer 34 eSports DUO, price=70)], quantities=[5], totalQuantity=5, status=Готовится к отправке)
 getComponents(): [ComponentDTO(id=33, name=Кулер Arctic, category=Система охлаждения, manufacture=Arctic, model=Freezer 34 eSports DUO, price=70)]
2024-12-08T11:02:03.254+03:00  INFO 17848 --- [WMS] [http-nio-8080-exec-10] c.w.W.order.services.CreateOrderService  : Получение всех комплектующих заказа, которые уже есть в базе данных
2024-12-08T11:02:03.258+03:00  INFO 17848 --- [WMS] [http-nio-8080-exec-10] c.w.W.order.services.CreateOrderService  : Устанавливание связей между таблицами заказа и комплектующего
2024-12-08T11:02:03.277+03:00  INFO 17848 --- [WMS] [http-nio-8080-exec-10] c.w.W.order.services.CreateOrderService  : Сохрание заказа в базу данных
2024-12-08T11:02:14.540+03:00  INFO 17848 --- [WMS] [http-nio-8080-exec-1] c.w.W.order.services.CreateOrderService  : Получение компонентов orderDTO : OrderDTO(id=15, orderDate=2024-11-15, deliveryDate=2024-11-25, components=[ComponentDTO(id=35, name=Системный блок Thermaltake, category=Корпус, manufacture=Thermaltake, model=V200, price=100)], quantities=[4], totalQuantity=4, status=Готовится к отправке)
 getComponents(): [ComponentDTO(id=35, name=Системный блок Thermaltake, category=Корпус, manufacture=Thermaltake, model=V200, price=100)]
2024-12-08T11:02:14.540+03:00  INFO 17848 --- [WMS] [http-nio-8080-exec-1] c.w.W.order.services.CreateOrderService  : Получение всех комплектующих заказа, которые уже есть в базе данных
2024-12-08T11:02:14.542+03:00  INFO 17848 --- [WMS] [http-nio-8080-exec-1] c.w.W.order.services.CreateOrderService  : Устанавливание связей между таблицами заказа и комплектующего
2024-12-08T11:02:14.560+03:00  INFO 17848 --- [WMS] [http-nio-8080-exec-1] c.w.W.order.services.CreateOrderService  : Сохрание заказа в базу данных
2024-12-08T11:02:20.880+03:00  INFO 17848 --- [WMS] [http-nio-8080-exec-2] c.w.W.order.services.CreateOrderService  : Получение компонентов orderDTO : OrderDTO(id=16, orderDate=2024-11-16, deliveryDate=2024-11-26, components=[ComponentDTO(id=36, name=Память G.Skill, category=Оперативная память, manufacture=G.Skill, model=Ripjaws V 32GB, price=150)], quantities=[6], totalQuantity=6, status=Готовится к отправке)
 getComponents(): [ComponentDTO(id=36, name=Память G.Skill, category=Оперативная память, manufacture=G.Skill, model=Ripjaws V 32GB, price=150)]
2024-12-08T11:02:20.880+03:00  INFO 17848 --- [WMS] [http-nio-8080-exec-2] c.w.W.order.services.CreateOrderService  : Получение всех комплектующих заказа, которые уже есть в базе данных
2024-12-08T11:02:20.882+03:00  INFO 17848 --- [WMS] [http-nio-8080-exec-2] c.w.W.order.services.CreateOrderService  : Устанавливание связей между таблицами заказа и комплектующего
2024-12-08T11:02:20.897+03:00  INFO 17848 --- [WMS] [http-nio-8080-exec-2] c.w.W.order.services.CreateOrderService  : Сохрание заказа в базу данных
2024-12-08T11:02:27.649+03:00  INFO 17848 --- [WMS] [http-nio-8080-exec-5] c.w.W.order.services.CreateOrderService  : Получение компонентов orderDTO : OrderDTO(id=17, orderDate=2024-11-17, deliveryDate=2024-11-27, components=[ComponentDTO(id=37, name=Клавиатура SteelSeries, category=Клавиатура, manufacture=SteelSeries, model=Apex 7, price=130)], quantities=[7], totalQuantity=7, status=Готовится к отправке)
 getComponents(): [ComponentDTO(id=37, name=Клавиатура SteelSeries, category=Клавиатура, manufacture=SteelSeries, model=Apex 7, price=130)]
2024-12-08T11:02:27.649+03:00  INFO 17848 --- [WMS] [http-nio-8080-exec-5] c.w.W.order.services.CreateOrderService  : Получение всех комплектующих заказа, которые уже есть в базе данных
2024-12-08T11:02:27.651+03:00  INFO 17848 --- [WMS] [http-nio-8080-exec-5] c.w.W.order.services.CreateOrderService  : Устанавливание связей между таблицами заказа и комплектующего
2024-12-08T11:02:27.668+03:00  INFO 17848 --- [WMS] [http-nio-8080-exec-5] c.w.W.order.services.CreateOrderService  : Сохрание заказа в базу данных
2024-12-08T11:02:43.591+03:00  INFO 17848 --- [WMS] [http-nio-8080-exec-4] c.w.W.order.services.CreateOrderService  : Получение компонентов orderDTO : OrderDTO(id=18, orderDate=2024-11-18, deliveryDate=2024-11-28, components=[ComponentDTO(id=38, name=Мышь Corsair, category=Компьютерная мышь, manufacture=Corsair, model=M65 RGB Elite, price=80)], quantities=[9], totalQuantity=9, status=Готовится к отправке)
 getComponents(): [ComponentDTO(id=38, name=Мышь Corsair, category=Компьютерная мышь, manufacture=Corsair, model=M65 RGB Elite, price=80)]
2024-12-08T11:02:43.591+03:00  INFO 17848 --- [WMS] [http-nio-8080-exec-4] c.w.W.order.services.CreateOrderService  : Получение всех комплектующих заказа, которые уже есть в базе данных
2024-12-08T11:02:43.594+03:00  INFO 17848 --- [WMS] [http-nio-8080-exec-4] c.w.W.order.services.CreateOrderService  : Устанавливание связей между таблицами заказа и комплектующего
2024-12-08T11:02:43.610+03:00  INFO 17848 --- [WMS] [http-nio-8080-exec-4] c.w.W.order.services.CreateOrderService  : Сохрание заказа в базу данных
2024-12-08T11:02:50.110+03:00  INFO 17848 --- [WMS] [http-nio-8080-exec-3] c.w.W.order.services.CreateOrderService  : Получение компонентов orderDTO : OrderDTO(id=19, orderDate=2024-11-19, deliveryDate=2024-11-29, components=[ComponentDTO(id=39, name=Внешний SSD Samsung, category=Накопитель, manufacture=Samsung, model=T7 1TB, price=150)], quantities=[4], totalQuantity=4, status=Готовится к отправке)
 getComponents(): [ComponentDTO(id=39, name=Внешний SSD Samsung, category=Накопитель, manufacture=Samsung, model=T7 1TB, price=150)]
2024-12-08T11:02:50.110+03:00  INFO 17848 --- [WMS] [http-nio-8080-exec-3] c.w.W.order.services.CreateOrderService  : Получение всех комплектующих заказа, которые уже есть в базе данных
2024-12-08T11:02:50.112+03:00  INFO 17848 --- [WMS] [http-nio-8080-exec-3] c.w.W.order.services.CreateOrderService  : Устанавливание связей между таблицами заказа и комплектующего
2024-12-08T11:02:50.130+03:00  INFO 17848 --- [WMS] [http-nio-8080-exec-3] c.w.W.order.services.CreateOrderService  : Сохрание заказа в базу данных
2024-12-08T11:03:16.439+03:00 ERROR 17848 --- [WMS] [http-nio-8080-exec-9] o.a.c.c.C.[.[.[/].[dispatcherServlet]    : Servlet.service() for servlet [dispatcherServlet] in context with path [] threw exception [Request processing failed: java.lang.NullPointerException: Cannot invoke "java.lang.Integer.intValue()" because the return value of "java.util.Map.get(Object)" is null] with root cause

java.lang.NullPointerException: Cannot invoke "java.lang.Integer.intValue()" because the return value of "java.util.Map.get(Object)" is null
	at com.warehouse.WMS.order.services.DemandAnalysisOrderService.calculateTrends(DemandAnalysisOrderService.java:64) ~[classes/:na]
	at com.warehouse.WMS.order.services.DemandAnalysisOrderService.execute(DemandAnalysisOrderService.java:48) ~[classes/:na]
	at com.warehouse.WMS.order.OrderController.getForecastOrders(OrderController.java:55) ~[classes/:na]
	at java.base/jdk.internal.reflect.DirectMethodHandleAccessor.invoke(DirectMethodHandleAccessor.java:103) ~[na:na]
	at java.base/java.lang.reflect.Method.invoke(Method.java:580) ~[na:na]
	at org.springframework.web.method.support.InvocableHandlerMethod.doInvoke(InvocableHandlerMethod.java:255) ~[spring-web-6.1.14.jar:6.1.14]
	at org.springframework.web.method.support.InvocableHandlerMethod.invokeForRequest(InvocableHandlerMethod.java:188) ~[spring-web-6.1.14.jar:6.1.14]
	at org.springframework.web.servlet.mvc.method.annotation.ServletInvocableHandlerMethod.invokeAndHandle(ServletInvocableHandlerMethod.java:118) ~[spring-webmvc-6.1.14.jar:6.1.14]
	at org.springframework.web.servlet.mvc.method.annotation.RequestMappingHandlerAdapter.invokeHandlerMethod(RequestMappingHandlerAdapter.java:926) ~[spring-webmvc-6.1.14.jar:6.1.14]
	at org.springframework.web.servlet.mvc.method.annotation.RequestMappingHandlerAdapter.handleInternal(RequestMappingHandlerAdapter.java:831) ~[spring-webmvc-6.1.14.jar:6.1.14]
	at org.springframework.web.servlet.mvc.method.AbstractHandlerMethodAdapter.handle(AbstractHandlerMethodAdapter.java:87) ~[spring-webmvc-6.1.14.jar:6.1.14]
	at org.springframework.web.servlet.DispatcherServlet.doDispatch(DispatcherServlet.java:1089) ~[spring-webmvc-6.1.14.jar:6.1.14]
	at org.springframework.web.servlet.DispatcherServlet.doService(DispatcherServlet.java:979) ~[spring-webmvc-6.1.14.jar:6.1.14]
	at org.springframework.web.servlet.FrameworkServlet.processRequest(FrameworkServlet.java:1014) ~[spring-webmvc-6.1.14.jar:6.1.14]
	at org.springframework.web.servlet.FrameworkServlet.doGet(FrameworkServlet.java:903) ~[spring-webmvc-6.1.14.jar:6.1.14]
	at jakarta.servlet.http.HttpServlet.service(HttpServlet.java:564) ~[tomcat-embed-core-10.1.31.jar:6.0]
	at org.springframework.web.servlet.FrameworkServlet.service(FrameworkServlet.java:885) ~[spring-webmvc-6.1.14.jar:6.1.14]
	at jakarta.servlet.http.HttpServlet.service(HttpServlet.java:658) ~[tomcat-embed-core-10.1.31.jar:6.0]
	at org.apache.catalina.core.ApplicationFilterChain.internalDoFilter(ApplicationFilterChain.java:195) ~[tomcat-embed-core-10.1.31.jar:10.1.31]
	at org.apache.catalina.core.ApplicationFilterChain.doFilter(ApplicationFilterChain.java:140) ~[tomcat-embed-core-10.1.31.jar:10.1.31]
	at org.apache.tomcat.websocket.server.WsFilter.doFilter(WsFilter.java:51) ~[tomcat-embed-websocket-10.1.31.jar:10.1.31]
	at org.apache.catalina.core.ApplicationFilterChain.internalDoFilter(ApplicationFilterChain.java:164) ~[tomcat-embed-core-10.1.31.jar:10.1.31]
	at org.apache.catalina.core.ApplicationFilterChain.doFilter(ApplicationFilterChain.java:140) ~[tomcat-embed-core-10.1.31.jar:10.1.31]
	at org.springframework.web.filter.RequestContextFilter.doFilterInternal(RequestContextFilter.java:100) ~[spring-web-6.1.14.jar:6.1.14]
	at org.springframework.web.filter.OncePerRequestFilter.doFilter(OncePerRequestFilter.java:116) ~[spring-web-6.1.14.jar:6.1.14]
	at org.apache.catalina.core.ApplicationFilterChain.internalDoFilter(ApplicationFilterChain.java:164) ~[tomcat-embed-core-10.1.31.jar:10.1.31]
	at org.apache.catalina.core.ApplicationFilterChain.doFilter(ApplicationFilterChain.java:140) ~[tomcat-embed-core-10.1.31.jar:10.1.31]
	at org.springframework.web.filter.FormContentFilter.doFilterInternal(FormContentFilter.java:93) ~[spring-web-6.1.14.jar:6.1.14]
	at org.springframework.web.filter.OncePerRequestFilter.doFilter(OncePerRequestFilter.java:116) ~[spring-web-6.1.14.jar:6.1.14]
	at org.apache.catalina.core.ApplicationFilterChain.internalDoFilter(ApplicationFilterChain.java:164) ~[tomcat-embed-core-10.1.31.jar:10.1.31]
	at org.apache.catalina.core.ApplicationFilterChain.doFilter(ApplicationFilterChain.java:140) ~[tomcat-embed-core-10.1.31.jar:10.1.31]
	at org.springframework.web.filter.CharacterEncodingFilter.doFilterInternal(CharacterEncodingFilter.java:201) ~[spring-web-6.1.14.jar:6.1.14]
	at org.springframework.web.filter.OncePerRequestFilter.doFilter(OncePerRequestFilter.java:116) ~[spring-web-6.1.14.jar:6.1.14]
	at org.apache.catalina.core.ApplicationFilterChain.internalDoFilter(ApplicationFilterChain.java:164) ~[tomcat-embed-core-10.1.31.jar:10.1.31]
	at org.apache.catalina.core.ApplicationFilterChain.doFilter(ApplicationFilterChain.java:140) ~[tomcat-embed-core-10.1.31.jar:10.1.31]
	at org.apache.catalina.core.StandardWrapperValve.invoke(StandardWrapperValve.java:167) ~[tomcat-embed-core-10.1.31.jar:10.1.31]
	at org.apache.catalina.core.StandardContextValve.invoke(StandardContextValve.java:90) ~[tomcat-embed-core-10.1.31.jar:10.1.31]
	at org.apache.catalina.authenticator.AuthenticatorBase.invoke(AuthenticatorBase.java:483) ~[tomcat-embed-core-10.1.31.jar:10.1.31]
	at org.apache.catalina.core.StandardHostValve.invoke(StandardHostValve.java:115) ~[tomcat-embed-core-10.1.31.jar:10.1.31]
	at org.apache.catalina.valves.ErrorReportValve.invoke(ErrorReportValve.java:93) ~[tomcat-embed-core-10.1.31.jar:10.1.31]
	at org.apache.catalina.core.StandardEngineValve.invoke(StandardEngineValve.java:74) ~[tomcat-embed-core-10.1.31.jar:10.1.31]
	at org.apache.catalina.connector.CoyoteAdapter.service(CoyoteAdapter.java:344) ~[tomcat-embed-core-10.1.31.jar:10.1.31]
	at org.apache.coyote.http11.Http11Processor.service(Http11Processor.java:384) ~[tomcat-embed-core-10.1.31.jar:10.1.31]
	at org.apache.coyote.AbstractProcessorLight.process(AbstractProcessorLight.java:63) ~[tomcat-embed-core-10.1.31.jar:10.1.31]
	at org.apache.coyote.AbstractProtocol$ConnectionHandler.process(AbstractProtocol.java:905) ~[tomcat-embed-core-10.1.31.jar:10.1.31]
	at org.apache.tomcat.util.net.NioEndpoint$SocketProcessor.doRun(NioEndpoint.java:1741) ~[tomcat-embed-core-10.1.31.jar:10.1.31]
	at org.apache.tomcat.util.net.SocketProcessorBase.run(SocketProcessorBase.java:52) ~[tomcat-embed-core-10.1.31.jar:10.1.31]
	at org.apache.tomcat.util.threads.ThreadPoolExecutor.runWorker(ThreadPoolExecutor.java:1190) ~[tomcat-embed-core-10.1.31.jar:10.1.31]
	at org.apache.tomcat.util.threads.ThreadPoolExecutor$Worker.run(ThreadPoolExecutor.java:659) ~[tomcat-embed-core-10.1.31.jar:10.1.31]
	at org.apache.tomcat.util.threads.TaskThread$WrappingRunnable.run(TaskThread.java:63) ~[tomcat-embed-core-10.1.31.jar:10.1.31]
	at java.base/java.lang.Thread.run(Thread.java:1570) ~[na:na]

2024-12-08T11:03:16.481+03:00 ERROR 17848 --- [WMS] [http-nio-8080-exec-7] o.a.c.c.C.[.[.[/].[dispatcherServlet]    : Servlet.service() for servlet [dispatcherServlet] in context with path [] threw exception [Request processing failed: java.lang.NullPointerException: Cannot invoke "java.lang.Integer.intValue()" because the return value of "java.util.Map.get(Object)" is null] with root cause

java.lang.NullPointerException: Cannot invoke "java.lang.Integer.intValue()" because the return value of "java.util.Map.get(Object)" is null
	at com.warehouse.WMS.order.services.DemandAnalysisOrderService.calculateTrends(DemandAnalysisOrderService.java:64) ~[classes/:na]
	at com.warehouse.WMS.order.services.DemandAnalysisOrderService.execute(DemandAnalysisOrderService.java:48) ~[classes/:na]
	at com.warehouse.WMS.order.OrderController.getForecastOrders(OrderController.java:55) ~[classes/:na]
	at java.base/jdk.internal.reflect.DirectMethodHandleAccessor.invoke(DirectMethodHandleAccessor.java:103) ~[na:na]
	at java.base/java.lang.reflect.Method.invoke(Method.java:580) ~[na:na]
	at org.springframework.web.method.support.InvocableHandlerMethod.doInvoke(InvocableHandlerMethod.java:255) ~[spring-web-6.1.14.jar:6.1.14]
	at org.springframework.web.method.support.InvocableHandlerMethod.invokeForRequest(InvocableHandlerMethod.java:188) ~[spring-web-6.1.14.jar:6.1.14]
	at org.springframework.web.servlet.mvc.method.annotation.ServletInvocableHandlerMethod.invokeAndHandle(ServletInvocableHandlerMethod.java:118) ~[spring-webmvc-6.1.14.jar:6.1.14]
	at org.springframework.web.servlet.mvc.method.annotation.RequestMappingHandlerAdapter.invokeHandlerMethod(RequestMappingHandlerAdapter.java:926) ~[spring-webmvc-6.1.14.jar:6.1.14]
	at org.springframework.web.servlet.mvc.method.annotation.RequestMappingHandlerAdapter.handleInternal(RequestMappingHandlerAdapter.java:831) ~[spring-webmvc-6.1.14.jar:6.1.14]
	at org.springframework.web.servlet.mvc.method.AbstractHandlerMethodAdapter.handle(AbstractHandlerMethodAdapter.java:87) ~[spring-webmvc-6.1.14.jar:6.1.14]
	at org.springframework.web.servlet.DispatcherServlet.doDispatch(DispatcherServlet.java:1089) ~[spring-webmvc-6.1.14.jar:6.1.14]
	at org.springframework.web.servlet.DispatcherServlet.doService(DispatcherServlet.java:979) ~[spring-webmvc-6.1.14.jar:6.1.14]
	at org.springframework.web.servlet.FrameworkServlet.processRequest(FrameworkServlet.java:1014) ~[spring-webmvc-6.1.14.jar:6.1.14]
	at org.springframework.web.servlet.FrameworkServlet.doGet(FrameworkServlet.java:903) ~[spring-webmvc-6.1.14.jar:6.1.14]
	at jakarta.servlet.http.HttpServlet.service(HttpServlet.java:564) ~[tomcat-embed-core-10.1.31.jar:6.0]
	at org.springframework.web.servlet.FrameworkServlet.service(FrameworkServlet.java:885) ~[spring-webmvc-6.1.14.jar:6.1.14]
	at jakarta.servlet.http.HttpServlet.service(HttpServlet.java:658) ~[tomcat-embed-core-10.1.31.jar:6.0]
	at org.apache.catalina.core.ApplicationFilterChain.internalDoFilter(ApplicationFilterChain.java:195) ~[tomcat-embed-core-10.1.31.jar:10.1.31]
	at org.apache.catalina.core.ApplicationFilterChain.doFilter(ApplicationFilterChain.java:140) ~[tomcat-embed-core-10.1.31.jar:10.1.31]
	at org.apache.tomcat.websocket.server.WsFilter.doFilter(WsFilter.java:51) ~[tomcat-embed-websocket-10.1.31.jar:10.1.31]
	at org.apache.catalina.core.ApplicationFilterChain.internalDoFilter(ApplicationFilterChain.java:164) ~[tomcat-embed-core-10.1.31.jar:10.1.31]
	at org.apache.catalina.core.ApplicationFilterChain.doFilter(ApplicationFilterChain.java:140) ~[tomcat-embed-core-10.1.31.jar:10.1.31]
	at org.springframework.web.filter.RequestContextFilter.doFilterInternal(RequestContextFilter.java:100) ~[spring-web-6.1.14.jar:6.1.14]
	at org.springframework.web.filter.OncePerRequestFilter.doFilter(OncePerRequestFilter.java:116) ~[spring-web-6.1.14.jar:6.1.14]
	at org.apache.catalina.core.ApplicationFilterChain.internalDoFilter(ApplicationFilterChain.java:164) ~[tomcat-embed-core-10.1.31.jar:10.1.31]
	at org.apache.catalina.core.ApplicationFilterChain.doFilter(ApplicationFilterChain.java:140) ~[tomcat-embed-core-10.1.31.jar:10.1.31]
	at org.springframework.web.filter.FormContentFilter.doFilterInternal(FormContentFilter.java:93) ~[spring-web-6.1.14.jar:6.1.14]
	at org.springframework.web.filter.OncePerRequestFilter.doFilter(OncePerRequestFilter.java:116) ~[spring-web-6.1.14.jar:6.1.14]
	at org.apache.catalina.core.ApplicationFilterChain.internalDoFilter(ApplicationFilterChain.java:164) ~[tomcat-embed-core-10.1.31.jar:10.1.31]
	at org.apache.catalina.core.ApplicationFilterChain.doFilter(ApplicationFilterChain.java:140) ~[tomcat-embed-core-10.1.31.jar:10.1.31]
	at org.springframework.web.filter.CharacterEncodingFilter.doFilterInternal(CharacterEncodingFilter.java:201) ~[spring-web-6.1.14.jar:6.1.14]
	at org.springframework.web.filter.OncePerRequestFilter.doFilter(OncePerRequestFilter.java:116) ~[spring-web-6.1.14.jar:6.1.14]
	at org.apache.catalina.core.ApplicationFilterChain.internalDoFilter(ApplicationFilterChain.java:164) ~[tomcat-embed-core-10.1.31.jar:10.1.31]
	at org.apache.catalina.core.ApplicationFilterChain.doFilter(ApplicationFilterChain.java:140) ~[tomcat-embed-core-10.1.31.jar:10.1.31]
	at org.apache.catalina.core.StandardWrapperValve.invoke(StandardWrapperValve.java:167) ~[tomcat-embed-core-10.1.31.jar:10.1.31]
	at org.apache.catalina.core.StandardContextValve.invoke(StandardContextValve.java:90) ~[tomcat-embed-core-10.1.31.jar:10.1.31]
	at org.apache.catalina.authenticator.AuthenticatorBase.invoke(AuthenticatorBase.java:483) ~[tomcat-embed-core-10.1.31.jar:10.1.31]
	at org.apache.catalina.core.StandardHostValve.invoke(StandardHostValve.java:115) ~[tomcat-embed-core-10.1.31.jar:10.1.31]
	at org.apache.catalina.valves.ErrorReportValve.invoke(ErrorReportValve.java:93) ~[tomcat-embed-core-10.1.31.jar:10.1.31]
	at org.apache.catalina.core.StandardEngineValve.invoke(StandardEngineValve.java:74) ~[tomcat-embed-core-10.1.31.jar:10.1.31]
	at org.apache.catalina.connector.CoyoteAdapter.service(CoyoteAdapter.java:344) ~[tomcat-embed-core-10.1.31.jar:10.1.31]
	at org.apache.coyote.http11.Http11Processor.service(Http11Processor.java:384) ~[tomcat-embed-core-10.1.31.jar:10.1.31]
	at org.apache.coyote.AbstractProcessorLight.process(AbstractProcessorLight.java:63) ~[tomcat-embed-core-10.1.31.jar:10.1.31]
	at org.apache.coyote.AbstractProtocol$ConnectionHandler.process(AbstractProtocol.java:905) ~[tomcat-embed-core-10.1.31.jar:10.1.31]
	at org.apache.tomcat.util.net.NioEndpoint$SocketProcessor.doRun(NioEndpoint.java:1741) ~[tomcat-embed-core-10.1.31.jar:10.1.31]
	at org.apache.tomcat.util.net.SocketProcessorBase.run(SocketProcessorBase.java:52) ~[tomcat-embed-core-10.1.31.jar:10.1.31]
	at org.apache.tomcat.util.threads.ThreadPoolExecutor.runWorker(ThreadPoolExecutor.java:1190) ~[tomcat-embed-core-10.1.31.jar:10.1.31]
	at org.apache.tomcat.util.threads.ThreadPoolExecutor$Worker.run(ThreadPoolExecutor.java:659) ~[tomcat-embed-core-10.1.31.jar:10.1.31]
	at org.apache.tomcat.util.threads.TaskThread$WrappingRunnable.run(TaskThread.java:63) ~[tomcat-embed-core-10.1.31.jar:10.1.31]
	at java.base/java.lang.Thread.run(Thread.java:1570) ~[na:na]

2024-12-08T11:06:08.428+03:00  INFO 17848 --- [WMS] [SpringApplicationShutdownHook] j.LocalContainerEntityManagerFactoryBean : Closing JPA EntityManagerFactory for persistence unit 'default'
2024-12-08T11:06:08.431+03:00  INFO 17848 --- [WMS] [SpringApplicationShutdownHook] com.zaxxer.hikari.HikariDataSource       : HikariPool-1 - Shutdown initiated...
2024-12-08T11:06:08.438+03:00  INFO 17848 --- [WMS] [SpringApplicationShutdownHook] com.zaxxer.hikari.HikariDataSource       : HikariPool-1 - Shutdown completed.
2024-12-08T11:07:05.527+03:00  INFO 15904 --- [WMS] [main] com.warehouse.WMS.WmsApplication         : Starting WmsApplication using Java 22.0.2 with PID 15904 (C:\Users\Vadim\Desktop\WMS\target\classes started by Vadim in C:\Users\Vadim\Desktop\WMS)
2024-12-08T11:07:05.529+03:00  INFO 15904 --- [WMS] [main] com.warehouse.WMS.WmsApplication         : No active profile set, falling back to 1 default profile: "default"
2024-12-08T11:07:06.294+03:00  INFO 15904 --- [WMS] [main] .s.d.r.c.RepositoryConfigurationDelegate : Bootstrapping Spring Data JPA repositories in DEFAULT mode.
2024-12-08T11:07:06.346+03:00  INFO 15904 --- [WMS] [main] .s.d.r.c.RepositoryConfigurationDelegate : Finished Spring Data repository scanning in 47 ms. Found 5 JPA repository interfaces.
2024-12-08T11:07:06.711+03:00  INFO 15904 --- [WMS] [main] o.s.b.w.embedded.tomcat.TomcatWebServer  : Tomcat initialized with port 8080 (http)
2024-12-08T11:07:06.721+03:00  INFO 15904 --- [WMS] [main] o.apache.catalina.core.StandardService   : Starting service [Tomcat]
2024-12-08T11:07:06.721+03:00  INFO 15904 --- [WMS] [main] o.apache.catalina.core.StandardEngine    : Starting Servlet engine: [Apache Tomcat/10.1.31]
2024-12-08T11:07:06.766+03:00  INFO 15904 --- [WMS] [main] o.a.c.c.C.[Tomcat].[localhost].[/]       : Initializing Spring embedded WebApplicationContext
2024-12-08T11:07:06.767+03:00  INFO 15904 --- [WMS] [main] w.s.c.ServletWebServerApplicationContext : Root WebApplicationContext: initialization completed in 1190 ms
2024-12-08T11:07:06.871+03:00  INFO 15904 --- [WMS] [main] com.zaxxer.hikari.HikariDataSource       : HikariPool-1 - Starting...
2024-12-08T11:07:07.134+03:00  INFO 15904 --- [WMS] [main] com.zaxxer.hikari.pool.HikariPool        : HikariPool-1 - Added connection com.mysql.cj.jdbc.ConnectionImpl@5463f035
2024-12-08T11:07:07.136+03:00  INFO 15904 --- [WMS] [main] com.zaxxer.hikari.HikariDataSource       : HikariPool-1 - Start completed.
2024-12-08T11:07:07.166+03:00  INFO 15904 --- [WMS] [main] o.hibernate.jpa.internal.util.LogHelper  : HHH000204: Processing PersistenceUnitInfo [name: default]
2024-12-08T11:07:07.207+03:00  INFO 15904 --- [WMS] [main] org.hibernate.Version                    : HHH000412: Hibernate ORM core version 6.5.3.Final
2024-12-08T11:07:07.232+03:00  INFO 15904 --- [WMS] [main] o.h.c.internal.RegionFactoryInitiator    : HHH000026: Second-level cache disabled
2024-12-08T11:07:07.496+03:00  INFO 15904 --- [WMS] [main] o.s.o.j.p.SpringPersistenceUnitInfo      : No LoadTimeWeaver setup: ignoring JPA class transformer
2024-12-08T11:07:08.402+03:00  INFO 15904 --- [WMS] [main] o.h.e.t.j.p.i.JtaPlatformInitiator       : HHH000489: No JTA platform available (set 'hibernate.transaction.jta.platform' to enable JTA platform integration)
2024-12-08T11:07:08.405+03:00  INFO 15904 --- [WMS] [main] j.LocalContainerEntityManagerFactoryBean : Initialized JPA EntityManagerFactory for persistence unit 'default'
2024-12-08T11:07:08.777+03:00  WARN 15904 --- [WMS] [main] JpaBaseConfiguration$JpaWebConfiguration : spring.jpa.open-in-view is enabled by default. Therefore, database queries may be performed during view rendering. Explicitly configure spring.jpa.open-in-view to disable this warning
2024-12-08T11:07:09.113+03:00  INFO 15904 --- [WMS] [main] o.s.b.w.embedded.tomcat.TomcatWebServer  : Tomcat started on port 8080 (http) with context path '/'
2024-12-08T11:07:09.119+03:00  INFO 15904 --- [WMS] [main] com.warehouse.WMS.WmsApplication         : Started WmsApplication in 3.967 seconds (process running for 4.536)
2024-12-08T11:07:13.741+03:00  INFO 15904 --- [WMS] [http-nio-8080-exec-1] o.a.c.c.C.[Tomcat].[localhost].[/]       : Initializing Spring DispatcherServlet 'dispatcherServlet'
2024-12-08T11:07:13.741+03:00  INFO 15904 --- [WMS] [http-nio-8080-exec-1] o.s.web.servlet.DispatcherServlet        : Initializing Servlet 'dispatcherServlet'
2024-12-08T11:07:13.742+03:00  INFO 15904 --- [WMS] [http-nio-8080-exec-1] o.s.web.servlet.DispatcherServlet        : Completed initialization in 1 ms
2024-12-08T11:07:13.967+03:00 ERROR 15904 --- [WMS] [http-nio-8080-exec-1] o.a.c.c.C.[.[.[/].[dispatcherServlet]    : Servlet.service() for servlet [dispatcherServlet] in context with path [] threw exception [Request processing failed: java.lang.NullPointerException: Cannot invoke "java.lang.Integer.intValue()" because the return value of "java.util.Map.get(Object)" is null] with root cause

java.lang.NullPointerException: Cannot invoke "java.lang.Integer.intValue()" because the return value of "java.util.Map.get(Object)" is null
	at com.warehouse.WMS.order.services.DemandAnalysisOrderService.calculateTrends(DemandAnalysisOrderService.java:64) ~[classes/:na]
	at com.warehouse.WMS.order.services.DemandAnalysisOrderService.execute(DemandAnalysisOrderService.java:48) ~[classes/:na]
	at com.warehouse.WMS.order.OrderController.getForecastOrders(OrderController.java:55) ~[classes/:na]
	at java.base/jdk.internal.reflect.DirectMethodHandleAccessor.invoke(DirectMethodHandleAccessor.java:103) ~[na:na]
	at java.base/java.lang.reflect.Method.invoke(Method.java:580) ~[na:na]
	at org.springframework.web.method.support.InvocableHandlerMethod.doInvoke(InvocableHandlerMethod.java:255) ~[spring-web-6.1.14.jar:6.1.14]
	at org.springframework.web.method.support.InvocableHandlerMethod.invokeForRequest(InvocableHandlerMethod.java:188) ~[spring-web-6.1.14.jar:6.1.14]
	at org.springframework.web.servlet.mvc.method.annotation.ServletInvocableHandlerMethod.invokeAndHandle(ServletInvocableHandlerMethod.java:118) ~[spring-webmvc-6.1.14.jar:6.1.14]
	at org.springframework.web.servlet.mvc.method.annotation.RequestMappingHandlerAdapter.invokeHandlerMethod(RequestMappingHandlerAdapter.java:926) ~[spring-webmvc-6.1.14.jar:6.1.14]
	at org.springframework.web.servlet.mvc.method.annotation.RequestMappingHandlerAdapter.handleInternal(RequestMappingHandlerAdapter.java:831) ~[spring-webmvc-6.1.14.jar:6.1.14]
	at org.springframework.web.servlet.mvc.method.AbstractHandlerMethodAdapter.handle(AbstractHandlerMethodAdapter.java:87) ~[spring-webmvc-6.1.14.jar:6.1.14]
	at org.springframework.web.servlet.DispatcherServlet.doDispatch(DispatcherServlet.java:1089) ~[spring-webmvc-6.1.14.jar:6.1.14]
	at org.springframework.web.servlet.DispatcherServlet.doService(DispatcherServlet.java:979) ~[spring-webmvc-6.1.14.jar:6.1.14]
	at org.springframework.web.servlet.FrameworkServlet.processRequest(FrameworkServlet.java:1014) ~[spring-webmvc-6.1.14.jar:6.1.14]
	at org.springframework.web.servlet.FrameworkServlet.doGet(FrameworkServlet.java:903) ~[spring-webmvc-6.1.14.jar:6.1.14]
	at jakarta.servlet.http.HttpServlet.service(HttpServlet.java:564) ~[tomcat-embed-core-10.1.31.jar:6.0]
	at org.springframework.web.servlet.FrameworkServlet.service(FrameworkServlet.java:885) ~[spring-webmvc-6.1.14.jar:6.1.14]
	at jakarta.servlet.http.HttpServlet.service(HttpServlet.java:658) ~[tomcat-embed-core-10.1.31.jar:6.0]
	at org.apache.catalina.core.ApplicationFilterChain.internalDoFilter(ApplicationFilterChain.java:195) ~[tomcat-embed-core-10.1.31.jar:10.1.31]
	at org.apache.catalina.core.ApplicationFilterChain.doFilter(ApplicationFilterChain.java:140) ~[tomcat-embed-core-10.1.31.jar:10.1.31]
	at org.apache.tomcat.websocket.server.WsFilter.doFilter(WsFilter.java:51) ~[tomcat-embed-websocket-10.1.31.jar:10.1.31]
	at org.apache.catalina.core.ApplicationFilterChain.internalDoFilter(ApplicationFilterChain.java:164) ~[tomcat-embed-core-10.1.31.jar:10.1.31]
	at org.apache.catalina.core.ApplicationFilterChain.doFilter(ApplicationFilterChain.java:140) ~[tomcat-embed-core-10.1.31.jar:10.1.31]
	at org.springframework.web.filter.RequestContextFilter.doFilterInternal(RequestContextFilter.java:100) ~[spring-web-6.1.14.jar:6.1.14]
	at org.springframework.web.filter.OncePerRequestFilter.doFilter(OncePerRequestFilter.java:116) ~[spring-web-6.1.14.jar:6.1.14]
	at org.apache.catalina.core.ApplicationFilterChain.internalDoFilter(ApplicationFilterChain.java:164) ~[tomcat-embed-core-10.1.31.jar:10.1.31]
	at org.apache.catalina.core.ApplicationFilterChain.doFilter(ApplicationFilterChain.java:140) ~[tomcat-embed-core-10.1.31.jar:10.1.31]
	at org.springframework.web.filter.FormContentFilter.doFilterInternal(FormContentFilter.java:93) ~[spring-web-6.1.14.jar:6.1.14]
	at org.springframework.web.filter.OncePerRequestFilter.doFilter(OncePerRequestFilter.java:116) ~[spring-web-6.1.14.jar:6.1.14]
	at org.apache.catalina.core.ApplicationFilterChain.internalDoFilter(ApplicationFilterChain.java:164) ~[tomcat-embed-core-10.1.31.jar:10.1.31]
	at org.apache.catalina.core.ApplicationFilterChain.doFilter(ApplicationFilterChain.java:140) ~[tomcat-embed-core-10.1.31.jar:10.1.31]
	at org.springframework.web.filter.CharacterEncodingFilter.doFilterInternal(CharacterEncodingFilter.java:201) ~[spring-web-6.1.14.jar:6.1.14]
	at org.springframework.web.filter.OncePerRequestFilter.doFilter(OncePerRequestFilter.java:116) ~[spring-web-6.1.14.jar:6.1.14]
	at org.apache.catalina.core.ApplicationFilterChain.internalDoFilter(ApplicationFilterChain.java:164) ~[tomcat-embed-core-10.1.31.jar:10.1.31]
	at org.apache.catalina.core.ApplicationFilterChain.doFilter(ApplicationFilterChain.java:140) ~[tomcat-embed-core-10.1.31.jar:10.1.31]
	at org.apache.catalina.core.StandardWrapperValve.invoke(StandardWrapperValve.java:167) ~[tomcat-embed-core-10.1.31.jar:10.1.31]
	at org.apache.catalina.core.StandardContextValve.invoke(StandardContextValve.java:90) ~[tomcat-embed-core-10.1.31.jar:10.1.31]
	at org.apache.catalina.authenticator.AuthenticatorBase.invoke(AuthenticatorBase.java:483) ~[tomcat-embed-core-10.1.31.jar:10.1.31]
	at org.apache.catalina.core.StandardHostValve.invoke(StandardHostValve.java:115) ~[tomcat-embed-core-10.1.31.jar:10.1.31]
	at org.apache.catalina.valves.ErrorReportValve.invoke(ErrorReportValve.java:93) ~[tomcat-embed-core-10.1.31.jar:10.1.31]
	at org.apache.catalina.core.StandardEngineValve.invoke(StandardEngineValve.java:74) ~[tomcat-embed-core-10.1.31.jar:10.1.31]
	at org.apache.catalina.connector.CoyoteAdapter.service(CoyoteAdapter.java:344) ~[tomcat-embed-core-10.1.31.jar:10.1.31]
	at org.apache.coyote.http11.Http11Processor.service(Http11Processor.java:384) ~[tomcat-embed-core-10.1.31.jar:10.1.31]
	at org.apache.coyote.AbstractProcessorLight.process(AbstractProcessorLight.java:63) ~[tomcat-embed-core-10.1.31.jar:10.1.31]
	at org.apache.coyote.AbstractProtocol$ConnectionHandler.process(AbstractProtocol.java:905) ~[tomcat-embed-core-10.1.31.jar:10.1.31]
	at org.apache.tomcat.util.net.NioEndpoint$SocketProcessor.doRun(NioEndpoint.java:1741) ~[tomcat-embed-core-10.1.31.jar:10.1.31]
	at org.apache.tomcat.util.net.SocketProcessorBase.run(SocketProcessorBase.java:52) ~[tomcat-embed-core-10.1.31.jar:10.1.31]
	at org.apache.tomcat.util.threads.ThreadPoolExecutor.runWorker(ThreadPoolExecutor.java:1190) ~[tomcat-embed-core-10.1.31.jar:10.1.31]
	at org.apache.tomcat.util.threads.ThreadPoolExecutor$Worker.run(ThreadPoolExecutor.java:659) ~[tomcat-embed-core-10.1.31.jar:10.1.31]
	at org.apache.tomcat.util.threads.TaskThread$WrappingRunnable.run(TaskThread.java:63) ~[tomcat-embed-core-10.1.31.jar:10.1.31]
	at java.base/java.lang.Thread.run(Thread.java:1570) ~[na:na]

2024-12-08T11:07:14.059+03:00 ERROR 15904 --- [WMS] [http-nio-8080-exec-2] o.a.c.c.C.[.[.[/].[dispatcherServlet]    : Servlet.service() for servlet [dispatcherServlet] in context with path [] threw exception [Request processing failed: java.lang.NullPointerException: Cannot invoke "java.lang.Integer.intValue()" because the return value of "java.util.Map.get(Object)" is null] with root cause

java.lang.NullPointerException: Cannot invoke "java.lang.Integer.intValue()" because the return value of "java.util.Map.get(Object)" is null
	at com.warehouse.WMS.order.services.DemandAnalysisOrderService.calculateTrends(DemandAnalysisOrderService.java:64) ~[classes/:na]
	at com.warehouse.WMS.order.services.DemandAnalysisOrderService.execute(DemandAnalysisOrderService.java:48) ~[classes/:na]
	at com.warehouse.WMS.order.OrderController.getForecastOrders(OrderController.java:55) ~[classes/:na]
	at java.base/jdk.internal.reflect.DirectMethodHandleAccessor.invoke(DirectMethodHandleAccessor.java:103) ~[na:na]
	at java.base/java.lang.reflect.Method.invoke(Method.java:580) ~[na:na]
	at org.springframework.web.method.support.InvocableHandlerMethod.doInvoke(InvocableHandlerMethod.java:255) ~[spring-web-6.1.14.jar:6.1.14]
	at org.springframework.web.method.support.InvocableHandlerMethod.invokeForRequest(InvocableHandlerMethod.java:188) ~[spring-web-6.1.14.jar:6.1.14]
	at org.springframework.web.servlet.mvc.method.annotation.ServletInvocableHandlerMethod.invokeAndHandle(ServletInvocableHandlerMethod.java:118) ~[spring-webmvc-6.1.14.jar:6.1.14]
	at org.springframework.web.servlet.mvc.method.annotation.RequestMappingHandlerAdapter.invokeHandlerMethod(RequestMappingHandlerAdapter.java:926) ~[spring-webmvc-6.1.14.jar:6.1.14]
	at org.springframework.web.servlet.mvc.method.annotation.RequestMappingHandlerAdapter.handleInternal(RequestMappingHandlerAdapter.java:831) ~[spring-webmvc-6.1.14.jar:6.1.14]
	at org.springframework.web.servlet.mvc.method.AbstractHandlerMethodAdapter.handle(AbstractHandlerMethodAdapter.java:87) ~[spring-webmvc-6.1.14.jar:6.1.14]
	at org.springframework.web.servlet.DispatcherServlet.doDispatch(DispatcherServlet.java:1089) ~[spring-webmvc-6.1.14.jar:6.1.14]
	at org.springframework.web.servlet.DispatcherServlet.doService(DispatcherServlet.java:979) ~[spring-webmvc-6.1.14.jar:6.1.14]
	at org.springframework.web.servlet.FrameworkServlet.processRequest(FrameworkServlet.java:1014) ~[spring-webmvc-6.1.14.jar:6.1.14]
	at org.springframework.web.servlet.FrameworkServlet.doGet(FrameworkServlet.java:903) ~[spring-webmvc-6.1.14.jar:6.1.14]
	at jakarta.servlet.http.HttpServlet.service(HttpServlet.java:564) ~[tomcat-embed-core-10.1.31.jar:6.0]
	at org.springframework.web.servlet.FrameworkServlet.service(FrameworkServlet.java:885) ~[spring-webmvc-6.1.14.jar:6.1.14]
	at jakarta.servlet.http.HttpServlet.service(HttpServlet.java:658) ~[tomcat-embed-core-10.1.31.jar:6.0]
	at org.apache.catalina.core.ApplicationFilterChain.internalDoFilter(ApplicationFilterChain.java:195) ~[tomcat-embed-core-10.1.31.jar:10.1.31]
	at org.apache.catalina.core.ApplicationFilterChain.doFilter(ApplicationFilterChain.java:140) ~[tomcat-embed-core-10.1.31.jar:10.1.31]
	at org.apache.tomcat.websocket.server.WsFilter.doFilter(WsFilter.java:51) ~[tomcat-embed-websocket-10.1.31.jar:10.1.31]
	at org.apache.catalina.core.ApplicationFilterChain.internalDoFilter(ApplicationFilterChain.java:164) ~[tomcat-embed-core-10.1.31.jar:10.1.31]
	at org.apache.catalina.core.ApplicationFilterChain.doFilter(ApplicationFilterChain.java:140) ~[tomcat-embed-core-10.1.31.jar:10.1.31]
	at org.springframework.web.filter.RequestContextFilter.doFilterInternal(RequestContextFilter.java:100) ~[spring-web-6.1.14.jar:6.1.14]
	at org.springframework.web.filter.OncePerRequestFilter.doFilter(OncePerRequestFilter.java:116) ~[spring-web-6.1.14.jar:6.1.14]
	at org.apache.catalina.core.ApplicationFilterChain.internalDoFilter(ApplicationFilterChain.java:164) ~[tomcat-embed-core-10.1.31.jar:10.1.31]
	at org.apache.catalina.core.ApplicationFilterChain.doFilter(ApplicationFilterChain.java:140) ~[tomcat-embed-core-10.1.31.jar:10.1.31]
	at org.springframework.web.filter.FormContentFilter.doFilterInternal(FormContentFilter.java:93) ~[spring-web-6.1.14.jar:6.1.14]
	at org.springframework.web.filter.OncePerRequestFilter.doFilter(OncePerRequestFilter.java:116) ~[spring-web-6.1.14.jar:6.1.14]
	at org.apache.catalina.core.ApplicationFilterChain.internalDoFilter(ApplicationFilterChain.java:164) ~[tomcat-embed-core-10.1.31.jar:10.1.31]
	at org.apache.catalina.core.ApplicationFilterChain.doFilter(ApplicationFilterChain.java:140) ~[tomcat-embed-core-10.1.31.jar:10.1.31]
	at org.springframework.web.filter.CharacterEncodingFilter.doFilterInternal(CharacterEncodingFilter.java:201) ~[spring-web-6.1.14.jar:6.1.14]
	at org.springframework.web.filter.OncePerRequestFilter.doFilter(OncePerRequestFilter.java:116) ~[spring-web-6.1.14.jar:6.1.14]
	at org.apache.catalina.core.ApplicationFilterChain.internalDoFilter(ApplicationFilterChain.java:164) ~[tomcat-embed-core-10.1.31.jar:10.1.31]
	at org.apache.catalina.core.ApplicationFilterChain.doFilter(ApplicationFilterChain.java:140) ~[tomcat-embed-core-10.1.31.jar:10.1.31]
	at org.apache.catalina.core.StandardWrapperValve.invoke(StandardWrapperValve.java:167) ~[tomcat-embed-core-10.1.31.jar:10.1.31]
	at org.apache.catalina.core.StandardContextValve.invoke(StandardContextValve.java:90) ~[tomcat-embed-core-10.1.31.jar:10.1.31]
	at org.apache.catalina.authenticator.AuthenticatorBase.invoke(AuthenticatorBase.java:483) ~[tomcat-embed-core-10.1.31.jar:10.1.31]
	at org.apache.catalina.core.StandardHostValve.invoke(StandardHostValve.java:115) ~[tomcat-embed-core-10.1.31.jar:10.1.31]
	at org.apache.catalina.valves.ErrorReportValve.invoke(ErrorReportValve.java:93) ~[tomcat-embed-core-10.1.31.jar:10.1.31]
	at org.apache.catalina.core.StandardEngineValve.invoke(StandardEngineValve.java:74) ~[tomcat-embed-core-10.1.31.jar:10.1.31]
	at org.apache.catalina.connector.CoyoteAdapter.service(CoyoteAdapter.java:344) ~[tomcat-embed-core-10.1.31.jar:10.1.31]
	at org.apache.coyote.http11.Http11Processor.service(Http11Processor.java:384) ~[tomcat-embed-core-10.1.31.jar:10.1.31]
	at org.apache.coyote.AbstractProcessorLight.process(AbstractProcessorLight.java:63) ~[tomcat-embed-core-10.1.31.jar:10.1.31]
	at org.apache.coyote.AbstractProtocol$ConnectionHandler.process(AbstractProtocol.java:905) ~[tomcat-embed-core-10.1.31.jar:10.1.31]
	at org.apache.tomcat.util.net.NioEndpoint$SocketProcessor.doRun(NioEndpoint.java:1741) ~[tomcat-embed-core-10.1.31.jar:10.1.31]
	at org.apache.tomcat.util.net.SocketProcessorBase.run(SocketProcessorBase.java:52) ~[tomcat-embed-core-10.1.31.jar:10.1.31]
	at org.apache.tomcat.util.threads.ThreadPoolExecutor.runWorker(ThreadPoolExecutor.java:1190) ~[tomcat-embed-core-10.1.31.jar:10.1.31]
	at org.apache.tomcat.util.threads.ThreadPoolExecutor$Worker.run(ThreadPoolExecutor.java:659) ~[tomcat-embed-core-10.1.31.jar:10.1.31]
	at org.apache.tomcat.util.threads.TaskThread$WrappingRunnable.run(TaskThread.java:63) ~[tomcat-embed-core-10.1.31.jar:10.1.31]
	at java.base/java.lang.Thread.run(Thread.java:1570) ~[na:na]

2024-12-08T11:08:58.325+03:00  INFO 15904 --- [WMS] [SpringApplicationShutdownHook] j.LocalContainerEntityManagerFactoryBean : Closing JPA EntityManagerFactory for persistence unit 'default'
2024-12-08T11:08:58.326+03:00  INFO 15904 --- [WMS] [SpringApplicationShutdownHook] com.zaxxer.hikari.HikariDataSource       : HikariPool-1 - Shutdown initiated...
2024-12-08T11:08:58.335+03:00  INFO 15904 --- [WMS] [SpringApplicationShutdownHook] com.zaxxer.hikari.HikariDataSource       : HikariPool-1 - Shutdown completed.
2024-12-08T11:09:13.503+03:00  INFO 3972 --- [WMS] [main] com.warehouse.WMS.WmsApplication         : Starting WmsApplication using Java 22.0.2 with PID 3972 (C:\Users\Vadim\Desktop\WMS\target\classes started by Vadim in C:\Users\Vadim\Desktop\WMS)
2024-12-08T11:09:13.505+03:00  INFO 3972 --- [WMS] [main] com.warehouse.WMS.WmsApplication         : No active profile set, falling back to 1 default profile: "default"
2024-12-08T11:09:14.240+03:00  INFO 3972 --- [WMS] [main] .s.d.r.c.RepositoryConfigurationDelegate : Bootstrapping Spring Data JPA repositories in DEFAULT mode.
2024-12-08T11:09:14.295+03:00  INFO 3972 --- [WMS] [main] .s.d.r.c.RepositoryConfigurationDelegate : Finished Spring Data repository scanning in 49 ms. Found 5 JPA repository interfaces.
2024-12-08T11:09:14.663+03:00  INFO 3972 --- [WMS] [main] o.s.b.w.embedded.tomcat.TomcatWebServer  : Tomcat initialized with port 8080 (http)
2024-12-08T11:09:14.674+03:00  INFO 3972 --- [WMS] [main] o.apache.catalina.core.StandardService   : Starting service [Tomcat]
2024-12-08T11:09:14.674+03:00  INFO 3972 --- [WMS] [main] o.apache.catalina.core.StandardEngine    : Starting Servlet engine: [Apache Tomcat/10.1.31]
2024-12-08T11:09:14.719+03:00  INFO 3972 --- [WMS] [main] o.a.c.c.C.[Tomcat].[localhost].[/]       : Initializing Spring embedded WebApplicationContext
2024-12-08T11:09:14.719+03:00  INFO 3972 --- [WMS] [main] w.s.c.ServletWebServerApplicationContext : Root WebApplicationContext: initialization completed in 1165 ms
2024-12-08T11:09:14.814+03:00  INFO 3972 --- [WMS] [main] com.zaxxer.hikari.HikariDataSource       : HikariPool-1 - Starting...
2024-12-08T11:09:15.081+03:00  INFO 3972 --- [WMS] [main] com.zaxxer.hikari.pool.HikariPool        : HikariPool-1 - Added connection com.mysql.cj.jdbc.ConnectionImpl@6aff97d6
2024-12-08T11:09:15.082+03:00  INFO 3972 --- [WMS] [main] com.zaxxer.hikari.HikariDataSource       : HikariPool-1 - Start completed.
2024-12-08T11:09:15.112+03:00  INFO 3972 --- [WMS] [main] o.hibernate.jpa.internal.util.LogHelper  : HHH000204: Processing PersistenceUnitInfo [name: default]
2024-12-08T11:09:15.168+03:00  INFO 3972 --- [WMS] [main] org.hibernate.Version                    : HHH000412: Hibernate ORM core version 6.5.3.Final
2024-12-08T11:09:15.194+03:00  INFO 3972 --- [WMS] [main] o.h.c.internal.RegionFactoryInitiator    : HHH000026: Second-level cache disabled
2024-12-08T11:09:15.437+03:00  INFO 3972 --- [WMS] [main] o.s.o.j.p.SpringPersistenceUnitInfo      : No LoadTimeWeaver setup: ignoring JPA class transformer
2024-12-08T11:09:16.283+03:00  INFO 3972 --- [WMS] [main] o.h.e.t.j.p.i.JtaPlatformInitiator       : HHH000489: No JTA platform available (set 'hibernate.transaction.jta.platform' to enable JTA platform integration)
2024-12-08T11:09:16.285+03:00  INFO 3972 --- [WMS] [main] j.LocalContainerEntityManagerFactoryBean : Initialized JPA EntityManagerFactory for persistence unit 'default'
2024-12-08T11:09:16.634+03:00  WARN 3972 --- [WMS] [main] JpaBaseConfiguration$JpaWebConfiguration : spring.jpa.open-in-view is enabled by default. Therefore, database queries may be performed during view rendering. Explicitly configure spring.jpa.open-in-view to disable this warning
2024-12-08T11:09:16.955+03:00  INFO 3972 --- [WMS] [main] o.s.b.w.embedded.tomcat.TomcatWebServer  : Tomcat started on port 8080 (http) with context path '/'
2024-12-08T11:09:16.962+03:00  INFO 3972 --- [WMS] [main] com.warehouse.WMS.WmsApplication         : Started WmsApplication in 3.801 seconds (process running for 4.326)
2024-12-08T11:09:22.210+03:00  INFO 3972 --- [WMS] [http-nio-8080-exec-1] o.a.c.c.C.[Tomcat].[localhost].[/]       : Initializing Spring DispatcherServlet 'dispatcherServlet'
2024-12-08T11:09:22.210+03:00  INFO 3972 --- [WMS] [http-nio-8080-exec-1] o.s.web.servlet.DispatcherServlet        : Initializing Servlet 'dispatcherServlet'
2024-12-08T11:09:22.211+03:00  INFO 3972 --- [WMS] [http-nio-8080-exec-1] o.s.web.servlet.DispatcherServlet        : Completed initialization in 1 ms
2024-12-08T11:09:22.436+03:00  INFO 3972 --- [WMS] [http-nio-8080-exec-1] c.w.W.o.s.DemandAnalysisOrderService     : calculateTrends, oneMonth: [ComponentForecastDTO(id=19, name=Видеокарта ASUS, category=Видеокарта, manufacture=ASUS, model=ROG Strix RTX 3060, price=550, forecast=0, trend=0), ComponentForecastDTO(id=30, name=Клавиатура SteelSeries, category=Клавиатура, manufacture=SteelSeries, model=Apex 7, price=130, forecast=7, trend=0), ComponentForecastDTO(id=14, name=Материнская плата ASUS, category=Материнская плата, manufacture=ASUS, model=ROG Strix Z490-E, price=560, forecast=0, trend=0), ComponentForecastDTO(id=11, name=Внешний жёсткий диск Seagate, category=Накопитель, manufacture=Seagate, model=Backup Plus 4TB, price=230, forecast=0, trend=0), ComponentForecastDTO(id=15, name=Игровой монитор Xiaomi Redmi, category=Монитор, manufacture=Xiaomi Redmi, model=G24 A24FAA-RG, price=335, forecast=0, trend=0), ComponentForecastDTO(id=26, name=Внешний жесткий диск WD, category=Накопитель, manufacture=Western Digital, model=My Passport 4TB, price=120, forecast=3, trend=0), ComponentForecastDTO(id=25, name=Мышь Logitech, category=Компьютерная мышь, manufacture=Logitech, model=G502 HERO, price=50, forecast=20, trend=0), ComponentForecastDTO(id=20, name=Блок питания Seasonic, category=Блок питания, manufacture=Seasonic, model=Focus GX-750, price=120, forecast=0, trend=0), ComponentForecastDTO(id=28, name=Системный блок Thermaltake, category=Корпус, manufacture=Thermaltake, model=V200, price=100, forecast=4, trend=0), ComponentForecastDTO(id=13, name=Вентилятор Noctua, category=Система охлаждения, manufacture=Noctua, model=NF-A12x25 PWM, price=45, forecast=0, trend=0), ComponentForecastDTO(id=18, name=SSD Kingston, category=Накопитель, manufacture=Kingston, model=A2000 1TB, price=100, forecast=0, trend=0), ComponentForecastDTO(id=32, name=Внешний SSD Samsung, category=Накопитель, manufacture=Samsung, model=T7 1TB, price=150, forecast=4, trend=0), ComponentForecastDTO(id=21, name=Кулер Noctua, category=Система охлаждения, manufacture=Noctua, model=NH-D15, price=90, forecast=0, trend=0), ComponentForecastDTO(id=22, name=Материнская плата MSI, category=Материнская плата, manufacture=MSI, model=B550-A PRO, price=150, forecast=0, trend=0), ComponentForecastDTO(id=24, name=Клавиатура Razer, category=Клавиатура, manufacture=Razer, model=BlackWidow V3, price=130, forecast=0, trend=0), ComponentForecastDTO(id=29, name=Память G.Skill, category=Оперативная память, manufacture=G.Skill, model=Ripjaws V 32GB, price=150, forecast=6, trend=0), ComponentForecastDTO(id=23, name=Монитор LG, category=Монитор, manufacture=LG, model=UltraGear 27GN950, price=900, forecast=0, trend=0), ComponentForecastDTO(id=27, name=Кулер Arctic, category=Система охлаждения, manufacture=Arctic, model=Freezer 34 eSports DUO, price=70, forecast=5, trend=0), ComponentForecastDTO(id=31, name=Мышь Corsair, category=Компьютерная мышь, manufacture=Corsair, model=M65 RGB Elite, price=80, forecast=9, trend=0), ComponentForecastDTO(id=6, name=Оперативная память Corsair, category=Оперативная память, manufacture=Corsair, model=Vengeance LPX 16GB, price=116, forecast=0, trend=0), ComponentForecastDTO(id=12, name=Корпус NZXT, category=Корпус, manufacture=NZXT, model=H510 Elite, price=260, forecast=0, trend=0)]
2024-12-08T11:09:22.443+03:00 ERROR 3972 --- [WMS] [http-nio-8080-exec-1] o.a.c.c.C.[.[.[/].[dispatcherServlet]    : Servlet.service() for servlet [dispatcherServlet] in context with path [] threw exception [Request processing failed: java.lang.NullPointerException: Cannot invoke "java.lang.Integer.intValue()" because the return value of "java.util.Map.get(Object)" is null] with root cause

java.lang.NullPointerException: Cannot invoke "java.lang.Integer.intValue()" because the return value of "java.util.Map.get(Object)" is null
	at com.warehouse.WMS.order.services.DemandAnalysisOrderService.calculateTrends(DemandAnalysisOrderService.java:69) ~[classes/:na]
	at com.warehouse.WMS.order.services.DemandAnalysisOrderService.execute(DemandAnalysisOrderService.java:52) ~[classes/:na]
	at com.warehouse.WMS.order.OrderController.getForecastOrders(OrderController.java:55) ~[classes/:na]
	at java.base/jdk.internal.reflect.DirectMethodHandleAccessor.invoke(DirectMethodHandleAccessor.java:103) ~[na:na]
	at java.base/java.lang.reflect.Method.invoke(Method.java:580) ~[na:na]
	at org.springframework.web.method.support.InvocableHandlerMethod.doInvoke(InvocableHandlerMethod.java:255) ~[spring-web-6.1.14.jar:6.1.14]
	at org.springframework.web.method.support.InvocableHandlerMethod.invokeForRequest(InvocableHandlerMethod.java:188) ~[spring-web-6.1.14.jar:6.1.14]
	at org.springframework.web.servlet.mvc.method.annotation.ServletInvocableHandlerMethod.invokeAndHandle(ServletInvocableHandlerMethod.java:118) ~[spring-webmvc-6.1.14.jar:6.1.14]
	at org.springframework.web.servlet.mvc.method.annotation.RequestMappingHandlerAdapter.invokeHandlerMethod(RequestMappingHandlerAdapter.java:926) ~[spring-webmvc-6.1.14.jar:6.1.14]
	at org.springframework.web.servlet.mvc.method.annotation.RequestMappingHandlerAdapter.handleInternal(RequestMappingHandlerAdapter.java:831) ~[spring-webmvc-6.1.14.jar:6.1.14]
	at org.springframework.web.servlet.mvc.method.AbstractHandlerMethodAdapter.handle(AbstractHandlerMethodAdapter.java:87) ~[spring-webmvc-6.1.14.jar:6.1.14]
	at org.springframework.web.servlet.DispatcherServlet.doDispatch(DispatcherServlet.java:1089) ~[spring-webmvc-6.1.14.jar:6.1.14]
	at org.springframework.web.servlet.DispatcherServlet.doService(DispatcherServlet.java:979) ~[spring-webmvc-6.1.14.jar:6.1.14]
	at org.springframework.web.servlet.FrameworkServlet.processRequest(FrameworkServlet.java:1014) ~[spring-webmvc-6.1.14.jar:6.1.14]
	at org.springframework.web.servlet.FrameworkServlet.doGet(FrameworkServlet.java:903) ~[spring-webmvc-6.1.14.jar:6.1.14]
	at jakarta.servlet.http.HttpServlet.service(HttpServlet.java:564) ~[tomcat-embed-core-10.1.31.jar:6.0]
	at org.springframework.web.servlet.FrameworkServlet.service(FrameworkServlet.java:885) ~[spring-webmvc-6.1.14.jar:6.1.14]
	at jakarta.servlet.http.HttpServlet.service(HttpServlet.java:658) ~[tomcat-embed-core-10.1.31.jar:6.0]
	at org.apache.catalina.core.ApplicationFilterChain.internalDoFilter(ApplicationFilterChain.java:195) ~[tomcat-embed-core-10.1.31.jar:10.1.31]
	at org.apache.catalina.core.ApplicationFilterChain.doFilter(ApplicationFilterChain.java:140) ~[tomcat-embed-core-10.1.31.jar:10.1.31]
	at org.apache.tomcat.websocket.server.WsFilter.doFilter(WsFilter.java:51) ~[tomcat-embed-websocket-10.1.31.jar:10.1.31]
	at org.apache.catalina.core.ApplicationFilterChain.internalDoFilter(ApplicationFilterChain.java:164) ~[tomcat-embed-core-10.1.31.jar:10.1.31]
	at org.apache.catalina.core.ApplicationFilterChain.doFilter(ApplicationFilterChain.java:140) ~[tomcat-embed-core-10.1.31.jar:10.1.31]
	at org.springframework.web.filter.RequestContextFilter.doFilterInternal(RequestContextFilter.java:100) ~[spring-web-6.1.14.jar:6.1.14]
	at org.springframework.web.filter.OncePerRequestFilter.doFilter(OncePerRequestFilter.java:116) ~[spring-web-6.1.14.jar:6.1.14]
	at org.apache.catalina.core.ApplicationFilterChain.internalDoFilter(ApplicationFilterChain.java:164) ~[tomcat-embed-core-10.1.31.jar:10.1.31]
	at org.apache.catalina.core.ApplicationFilterChain.doFilter(ApplicationFilterChain.java:140) ~[tomcat-embed-core-10.1.31.jar:10.1.31]
	at org.springframework.web.filter.FormContentFilter.doFilterInternal(FormContentFilter.java:93) ~[spring-web-6.1.14.jar:6.1.14]
	at org.springframework.web.filter.OncePerRequestFilter.doFilter(OncePerRequestFilter.java:116) ~[spring-web-6.1.14.jar:6.1.14]
	at org.apache.catalina.core.ApplicationFilterChain.internalDoFilter(ApplicationFilterChain.java:164) ~[tomcat-embed-core-10.1.31.jar:10.1.31]
	at org.apache.catalina.core.ApplicationFilterChain.doFilter(ApplicationFilterChain.java:140) ~[tomcat-embed-core-10.1.31.jar:10.1.31]
	at org.springframework.web.filter.CharacterEncodingFilter.doFilterInternal(CharacterEncodingFilter.java:201) ~[spring-web-6.1.14.jar:6.1.14]
	at org.springframework.web.filter.OncePerRequestFilter.doFilter(OncePerRequestFilter.java:116) ~[spring-web-6.1.14.jar:6.1.14]
	at org.apache.catalina.core.ApplicationFilterChain.internalDoFilter(ApplicationFilterChain.java:164) ~[tomcat-embed-core-10.1.31.jar:10.1.31]
	at org.apache.catalina.core.ApplicationFilterChain.doFilter(ApplicationFilterChain.java:140) ~[tomcat-embed-core-10.1.31.jar:10.1.31]
	at org.apache.catalina.core.StandardWrapperValve.invoke(StandardWrapperValve.java:167) ~[tomcat-embed-core-10.1.31.jar:10.1.31]
	at org.apache.catalina.core.StandardContextValve.invoke(StandardContextValve.java:90) ~[tomcat-embed-core-10.1.31.jar:10.1.31]
	at org.apache.catalina.authenticator.AuthenticatorBase.invoke(AuthenticatorBase.java:483) ~[tomcat-embed-core-10.1.31.jar:10.1.31]
	at org.apache.catalina.core.StandardHostValve.invoke(StandardHostValve.java:115) ~[tomcat-embed-core-10.1.31.jar:10.1.31]
	at org.apache.catalina.valves.ErrorReportValve.invoke(ErrorReportValve.java:93) ~[tomcat-embed-core-10.1.31.jar:10.1.31]
	at org.apache.catalina.core.StandardEngineValve.invoke(StandardEngineValve.java:74) ~[tomcat-embed-core-10.1.31.jar:10.1.31]
	at org.apache.catalina.connector.CoyoteAdapter.service(CoyoteAdapter.java:344) ~[tomcat-embed-core-10.1.31.jar:10.1.31]
	at org.apache.coyote.http11.Http11Processor.service(Http11Processor.java:384) ~[tomcat-embed-core-10.1.31.jar:10.1.31]
	at org.apache.coyote.AbstractProcessorLight.process(AbstractProcessorLight.java:63) ~[tomcat-embed-core-10.1.31.jar:10.1.31]
	at org.apache.coyote.AbstractProtocol$ConnectionHandler.process(AbstractProtocol.java:905) ~[tomcat-embed-core-10.1.31.jar:10.1.31]
	at org.apache.tomcat.util.net.NioEndpoint$SocketProcessor.doRun(NioEndpoint.java:1741) ~[tomcat-embed-core-10.1.31.jar:10.1.31]
	at org.apache.tomcat.util.net.SocketProcessorBase.run(SocketProcessorBase.java:52) ~[tomcat-embed-core-10.1.31.jar:10.1.31]
	at org.apache.tomcat.util.threads.ThreadPoolExecutor.runWorker(ThreadPoolExecutor.java:1190) ~[tomcat-embed-core-10.1.31.jar:10.1.31]
	at org.apache.tomcat.util.threads.ThreadPoolExecutor$Worker.run(ThreadPoolExecutor.java:659) ~[tomcat-embed-core-10.1.31.jar:10.1.31]
	at org.apache.tomcat.util.threads.TaskThread$WrappingRunnable.run(TaskThread.java:63) ~[tomcat-embed-core-10.1.31.jar:10.1.31]
	at java.base/java.lang.Thread.run(Thread.java:1570) ~[na:na]

2024-12-08T11:09:22.548+03:00  INFO 3972 --- [WMS] [http-nio-8080-exec-3] c.w.W.o.s.DemandAnalysisOrderService     : calculateTrends, oneMonth: [ComponentForecastDTO(id=19, name=Видеокарта ASUS, category=Видеокарта, manufacture=ASUS, model=ROG Strix RTX 3060, price=550, forecast=0, trend=0), ComponentForecastDTO(id=30, name=Клавиатура SteelSeries, category=Клавиатура, manufacture=SteelSeries, model=Apex 7, price=130, forecast=7, trend=0), ComponentForecastDTO(id=14, name=Материнская плата ASUS, category=Материнская плата, manufacture=ASUS, model=ROG Strix Z490-E, price=560, forecast=0, trend=0), ComponentForecastDTO(id=11, name=Внешний жёсткий диск Seagate, category=Накопитель, manufacture=Seagate, model=Backup Plus 4TB, price=230, forecast=0, trend=0), ComponentForecastDTO(id=15, name=Игровой монитор Xiaomi Redmi, category=Монитор, manufacture=Xiaomi Redmi, model=G24 A24FAA-RG, price=335, forecast=0, trend=0), ComponentForecastDTO(id=26, name=Внешний жесткий диск WD, category=Накопитель, manufacture=Western Digital, model=My Passport 4TB, price=120, forecast=3, trend=0), ComponentForecastDTO(id=25, name=Мышь Logitech, category=Компьютерная мышь, manufacture=Logitech, model=G502 HERO, price=50, forecast=20, trend=0), ComponentForecastDTO(id=20, name=Блок питания Seasonic, category=Блок питания, manufacture=Seasonic, model=Focus GX-750, price=120, forecast=0, trend=0), ComponentForecastDTO(id=28, name=Системный блок Thermaltake, category=Корпус, manufacture=Thermaltake, model=V200, price=100, forecast=4, trend=0), ComponentForecastDTO(id=13, name=Вентилятор Noctua, category=Система охлаждения, manufacture=Noctua, model=NF-A12x25 PWM, price=45, forecast=0, trend=0), ComponentForecastDTO(id=18, name=SSD Kingston, category=Накопитель, manufacture=Kingston, model=A2000 1TB, price=100, forecast=0, trend=0), ComponentForecastDTO(id=32, name=Внешний SSD Samsung, category=Накопитель, manufacture=Samsung, model=T7 1TB, price=150, forecast=4, trend=0), ComponentForecastDTO(id=21, name=Кулер Noctua, category=Система охлаждения, manufacture=Noctua, model=NH-D15, price=90, forecast=0, trend=0), ComponentForecastDTO(id=22, name=Материнская плата MSI, category=Материнская плата, manufacture=MSI, model=B550-A PRO, price=150, forecast=0, trend=0), ComponentForecastDTO(id=24, name=Клавиатура Razer, category=Клавиатура, manufacture=Razer, model=BlackWidow V3, price=130, forecast=0, trend=0), ComponentForecastDTO(id=29, name=Память G.Skill, category=Оперативная память, manufacture=G.Skill, model=Ripjaws V 32GB, price=150, forecast=6, trend=0), ComponentForecastDTO(id=23, name=Монитор LG, category=Монитор, manufacture=LG, model=UltraGear 27GN950, price=900, forecast=0, trend=0), ComponentForecastDTO(id=27, name=Кулер Arctic, category=Система охлаждения, manufacture=Arctic, model=Freezer 34 eSports DUO, price=70, forecast=5, trend=0), ComponentForecastDTO(id=31, name=Мышь Corsair, category=Компьютерная мышь, manufacture=Corsair, model=M65 RGB Elite, price=80, forecast=9, trend=0), ComponentForecastDTO(id=6, name=Оперативная память Corsair, category=Оперативная память, manufacture=Corsair, model=Vengeance LPX 16GB, price=116, forecast=0, trend=0), ComponentForecastDTO(id=12, name=Корпус NZXT, category=Корпус, manufacture=NZXT, model=H510 Elite, price=260, forecast=0, trend=0)]
2024-12-08T11:09:22.549+03:00 ERROR 3972 --- [WMS] [http-nio-8080-exec-3] o.a.c.c.C.[.[.[/].[dispatcherServlet]    : Servlet.service() for servlet [dispatcherServlet] in context with path [] threw exception [Request processing failed: java.lang.NullPointerException: Cannot invoke "java.lang.Integer.intValue()" because the return value of "java.util.Map.get(Object)" is null] with root cause

java.lang.NullPointerException: Cannot invoke "java.lang.Integer.intValue()" because the return value of "java.util.Map.get(Object)" is null
	at com.warehouse.WMS.order.services.DemandAnalysisOrderService.calculateTrends(DemandAnalysisOrderService.java:69) ~[classes/:na]
	at com.warehouse.WMS.order.services.DemandAnalysisOrderService.execute(DemandAnalysisOrderService.java:52) ~[classes/:na]
	at com.warehouse.WMS.order.OrderController.getForecastOrders(OrderController.java:55) ~[classes/:na]
	at java.base/jdk.internal.reflect.DirectMethodHandleAccessor.invoke(DirectMethodHandleAccessor.java:103) ~[na:na]
	at java.base/java.lang.reflect.Method.invoke(Method.java:580) ~[na:na]
	at org.springframework.web.method.support.InvocableHandlerMethod.doInvoke(InvocableHandlerMethod.java:255) ~[spring-web-6.1.14.jar:6.1.14]
	at org.springframework.web.method.support.InvocableHandlerMethod.invokeForRequest(InvocableHandlerMethod.java:188) ~[spring-web-6.1.14.jar:6.1.14]
	at org.springframework.web.servlet.mvc.method.annotation.ServletInvocableHandlerMethod.invokeAndHandle(ServletInvocableHandlerMethod.java:118) ~[spring-webmvc-6.1.14.jar:6.1.14]
	at org.springframework.web.servlet.mvc.method.annotation.RequestMappingHandlerAdapter.invokeHandlerMethod(RequestMappingHandlerAdapter.java:926) ~[spring-webmvc-6.1.14.jar:6.1.14]
	at org.springframework.web.servlet.mvc.method.annotation.RequestMappingHandlerAdapter.handleInternal(RequestMappingHandlerAdapter.java:831) ~[spring-webmvc-6.1.14.jar:6.1.14]
	at org.springframework.web.servlet.mvc.method.AbstractHandlerMethodAdapter.handle(AbstractHandlerMethodAdapter.java:87) ~[spring-webmvc-6.1.14.jar:6.1.14]
	at org.springframework.web.servlet.DispatcherServlet.doDispatch(DispatcherServlet.java:1089) ~[spring-webmvc-6.1.14.jar:6.1.14]
	at org.springframework.web.servlet.DispatcherServlet.doService(DispatcherServlet.java:979) ~[spring-webmvc-6.1.14.jar:6.1.14]
	at org.springframework.web.servlet.FrameworkServlet.processRequest(FrameworkServlet.java:1014) ~[spring-webmvc-6.1.14.jar:6.1.14]
	at org.springframework.web.servlet.FrameworkServlet.doGet(FrameworkServlet.java:903) ~[spring-webmvc-6.1.14.jar:6.1.14]
	at jakarta.servlet.http.HttpServlet.service(HttpServlet.java:564) ~[tomcat-embed-core-10.1.31.jar:6.0]
	at org.springframework.web.servlet.FrameworkServlet.service(FrameworkServlet.java:885) ~[spring-webmvc-6.1.14.jar:6.1.14]
	at jakarta.servlet.http.HttpServlet.service(HttpServlet.java:658) ~[tomcat-embed-core-10.1.31.jar:6.0]
	at org.apache.catalina.core.ApplicationFilterChain.internalDoFilter(ApplicationFilterChain.java:195) ~[tomcat-embed-core-10.1.31.jar:10.1.31]
	at org.apache.catalina.core.ApplicationFilterChain.doFilter(ApplicationFilterChain.java:140) ~[tomcat-embed-core-10.1.31.jar:10.1.31]
	at org.apache.tomcat.websocket.server.WsFilter.doFilter(WsFilter.java:51) ~[tomcat-embed-websocket-10.1.31.jar:10.1.31]
	at org.apache.catalina.core.ApplicationFilterChain.internalDoFilter(ApplicationFilterChain.java:164) ~[tomcat-embed-core-10.1.31.jar:10.1.31]
	at org.apache.catalina.core.ApplicationFilterChain.doFilter(ApplicationFilterChain.java:140) ~[tomcat-embed-core-10.1.31.jar:10.1.31]
	at org.springframework.web.filter.RequestContextFilter.doFilterInternal(RequestContextFilter.java:100) ~[spring-web-6.1.14.jar:6.1.14]
	at org.springframework.web.filter.OncePerRequestFilter.doFilter(OncePerRequestFilter.java:116) ~[spring-web-6.1.14.jar:6.1.14]
	at org.apache.catalina.core.ApplicationFilterChain.internalDoFilter(ApplicationFilterChain.java:164) ~[tomcat-embed-core-10.1.31.jar:10.1.31]
	at org.apache.catalina.core.ApplicationFilterChain.doFilter(ApplicationFilterChain.java:140) ~[tomcat-embed-core-10.1.31.jar:10.1.31]
	at org.springframework.web.filter.FormContentFilter.doFilterInternal(FormContentFilter.java:93) ~[spring-web-6.1.14.jar:6.1.14]
	at org.springframework.web.filter.OncePerRequestFilter.doFilter(OncePerRequestFilter.java:116) ~[spring-web-6.1.14.jar:6.1.14]
	at org.apache.catalina.core.ApplicationFilterChain.internalDoFilter(ApplicationFilterChain.java:164) ~[tomcat-embed-core-10.1.31.jar:10.1.31]
	at org.apache.catalina.core.ApplicationFilterChain.doFilter(ApplicationFilterChain.java:140) ~[tomcat-embed-core-10.1.31.jar:10.1.31]
	at org.springframework.web.filter.CharacterEncodingFilter.doFilterInternal(CharacterEncodingFilter.java:201) ~[spring-web-6.1.14.jar:6.1.14]
	at org.springframework.web.filter.OncePerRequestFilter.doFilter(OncePerRequestFilter.java:116) ~[spring-web-6.1.14.jar:6.1.14]
	at org.apache.catalina.core.ApplicationFilterChain.internalDoFilter(ApplicationFilterChain.java:164) ~[tomcat-embed-core-10.1.31.jar:10.1.31]
	at org.apache.catalina.core.ApplicationFilterChain.doFilter(ApplicationFilterChain.java:140) ~[tomcat-embed-core-10.1.31.jar:10.1.31]
	at org.apache.catalina.core.StandardWrapperValve.invoke(StandardWrapperValve.java:167) ~[tomcat-embed-core-10.1.31.jar:10.1.31]
	at org.apache.catalina.core.StandardContextValve.invoke(StandardContextValve.java:90) ~[tomcat-embed-core-10.1.31.jar:10.1.31]
	at org.apache.catalina.authenticator.AuthenticatorBase.invoke(AuthenticatorBase.java:483) ~[tomcat-embed-core-10.1.31.jar:10.1.31]
	at org.apache.catalina.core.StandardHostValve.invoke(StandardHostValve.java:115) ~[tomcat-embed-core-10.1.31.jar:10.1.31]
	at org.apache.catalina.valves.ErrorReportValve.invoke(ErrorReportValve.java:93) ~[tomcat-embed-core-10.1.31.jar:10.1.31]
	at org.apache.catalina.core.StandardEngineValve.invoke(StandardEngineValve.java:74) ~[tomcat-embed-core-10.1.31.jar:10.1.31]
	at org.apache.catalina.connector.CoyoteAdapter.service(CoyoteAdapter.java:344) ~[tomcat-embed-core-10.1.31.jar:10.1.31]
	at org.apache.coyote.http11.Http11Processor.service(Http11Processor.java:384) ~[tomcat-embed-core-10.1.31.jar:10.1.31]
	at org.apache.coyote.AbstractProcessorLight.process(AbstractProcessorLight.java:63) ~[tomcat-embed-core-10.1.31.jar:10.1.31]
	at org.apache.coyote.AbstractProtocol$ConnectionHandler.process(AbstractProtocol.java:905) ~[tomcat-embed-core-10.1.31.jar:10.1.31]
	at org.apache.tomcat.util.net.NioEndpoint$SocketProcessor.doRun(NioEndpoint.java:1741) ~[tomcat-embed-core-10.1.31.jar:10.1.31]
	at org.apache.tomcat.util.net.SocketProcessorBase.run(SocketProcessorBase.java:52) ~[tomcat-embed-core-10.1.31.jar:10.1.31]
	at org.apache.tomcat.util.threads.ThreadPoolExecutor.runWorker(ThreadPoolExecutor.java:1190) ~[tomcat-embed-core-10.1.31.jar:10.1.31]
	at org.apache.tomcat.util.threads.ThreadPoolExecutor$Worker.run(ThreadPoolExecutor.java:659) ~[tomcat-embed-core-10.1.31.jar:10.1.31]
	at org.apache.tomcat.util.threads.TaskThread$WrappingRunnable.run(TaskThread.java:63) ~[tomcat-embed-core-10.1.31.jar:10.1.31]
	at java.base/java.lang.Thread.run(Thread.java:1570) ~[na:na]

2024-12-08T11:10:31.462+03:00  INFO 3972 --- [WMS] [SpringApplicationShutdownHook] j.LocalContainerEntityManagerFactoryBean : Closing JPA EntityManagerFactory for persistence unit 'default'
2024-12-08T11:10:31.464+03:00  INFO 3972 --- [WMS] [SpringApplicationShutdownHook] com.zaxxer.hikari.HikariDataSource       : HikariPool-1 - Shutdown initiated...
2024-12-08T11:10:31.471+03:00  INFO 3972 --- [WMS] [SpringApplicationShutdownHook] com.zaxxer.hikari.HikariDataSource       : HikariPool-1 - Shutdown completed.
2024-12-08T11:10:35.867+03:00  INFO 10380 --- [WMS] [main] com.warehouse.WMS.WmsApplication         : Starting WmsApplication using Java 22.0.2 with PID 10380 (C:\Users\Vadim\Desktop\WMS\target\classes started by Vadim in C:\Users\Vadim\Desktop\WMS)
2024-12-08T11:10:35.869+03:00  INFO 10380 --- [WMS] [main] com.warehouse.WMS.WmsApplication         : No active profile set, falling back to 1 default profile: "default"
2024-12-08T11:10:36.589+03:00  INFO 10380 --- [WMS] [main] .s.d.r.c.RepositoryConfigurationDelegate : Bootstrapping Spring Data JPA repositories in DEFAULT mode.
2024-12-08T11:10:36.650+03:00  INFO 10380 --- [WMS] [main] .s.d.r.c.RepositoryConfigurationDelegate : Finished Spring Data repository scanning in 55 ms. Found 5 JPA repository interfaces.
2024-12-08T11:10:37.021+03:00  INFO 10380 --- [WMS] [main] o.s.b.w.embedded.tomcat.TomcatWebServer  : Tomcat initialized with port 8080 (http)
2024-12-08T11:10:37.032+03:00  INFO 10380 --- [WMS] [main] o.apache.catalina.core.StandardService   : Starting service [Tomcat]
2024-12-08T11:10:37.033+03:00  INFO 10380 --- [WMS] [main] o.apache.catalina.core.StandardEngine    : Starting Servlet engine: [Apache Tomcat/10.1.31]
2024-12-08T11:10:37.078+03:00  INFO 10380 --- [WMS] [main] o.a.c.c.C.[Tomcat].[localhost].[/]       : Initializing Spring embedded WebApplicationContext
2024-12-08T11:10:37.078+03:00  INFO 10380 --- [WMS] [main] w.s.c.ServletWebServerApplicationContext : Root WebApplicationContext: initialization completed in 1170 ms
2024-12-08T11:10:37.177+03:00  INFO 10380 --- [WMS] [main] com.zaxxer.hikari.HikariDataSource       : HikariPool-1 - Starting...
2024-12-08T11:10:37.448+03:00  INFO 10380 --- [WMS] [main] com.zaxxer.hikari.pool.HikariPool        : HikariPool-1 - Added connection com.mysql.cj.jdbc.ConnectionImpl@23ad2d17
2024-12-08T11:10:37.449+03:00  INFO 10380 --- [WMS] [main] com.zaxxer.hikari.HikariDataSource       : HikariPool-1 - Start completed.
2024-12-08T11:10:37.479+03:00  INFO 10380 --- [WMS] [main] o.hibernate.jpa.internal.util.LogHelper  : HHH000204: Processing PersistenceUnitInfo [name: default]
2024-12-08T11:10:37.518+03:00  INFO 10380 --- [WMS] [main] org.hibernate.Version                    : HHH000412: Hibernate ORM core version 6.5.3.Final
2024-12-08T11:10:37.543+03:00  INFO 10380 --- [WMS] [main] o.h.c.internal.RegionFactoryInitiator    : HHH000026: Second-level cache disabled
2024-12-08T11:10:37.779+03:00  INFO 10380 --- [WMS] [main] o.s.o.j.p.SpringPersistenceUnitInfo      : No LoadTimeWeaver setup: ignoring JPA class transformer
2024-12-08T11:10:38.651+03:00  INFO 10380 --- [WMS] [main] o.h.e.t.j.p.i.JtaPlatformInitiator       : HHH000489: No JTA platform available (set 'hibernate.transaction.jta.platform' to enable JTA platform integration)
2024-12-08T11:10:38.653+03:00  INFO 10380 --- [WMS] [main] j.LocalContainerEntityManagerFactoryBean : Initialized JPA EntityManagerFactory for persistence unit 'default'
2024-12-08T11:10:39.000+03:00  WARN 10380 --- [WMS] [main] JpaBaseConfiguration$JpaWebConfiguration : spring.jpa.open-in-view is enabled by default. Therefore, database queries may be performed during view rendering. Explicitly configure spring.jpa.open-in-view to disable this warning
2024-12-08T11:10:39.321+03:00  INFO 10380 --- [WMS] [main] o.s.b.w.embedded.tomcat.TomcatWebServer  : Tomcat started on port 8080 (http) with context path '/'
2024-12-08T11:10:39.329+03:00  INFO 10380 --- [WMS] [main] com.warehouse.WMS.WmsApplication         : Started WmsApplication in 3.793 seconds (process running for 4.346)
2024-12-08T11:10:47.925+03:00  INFO 10380 --- [WMS] [http-nio-8080-exec-1] o.a.c.c.C.[Tomcat].[localhost].[/]       : Initializing Spring DispatcherServlet 'dispatcherServlet'
2024-12-08T11:10:47.925+03:00  INFO 10380 --- [WMS] [http-nio-8080-exec-1] o.s.web.servlet.DispatcherServlet        : Initializing Servlet 'dispatcherServlet'
2024-12-08T11:10:47.926+03:00  INFO 10380 --- [WMS] [http-nio-8080-exec-1] o.s.web.servlet.DispatcherServlet        : Completed initialization in 1 ms
2024-12-08T11:10:48.133+03:00  INFO 10380 --- [WMS] [http-nio-8080-exec-1] c.w.W.o.s.DemandAnalysisOrderService     : calculateTrends, oneMonth: [ComponentForecastDTO(id=19, name=Видеокарта ASUS, category=Видеокарта, manufacture=ASUS, model=ROG Strix RTX 3060, price=550, forecast=0, trend=0), ComponentForecastDTO(id=30, name=Клавиатура SteelSeries, category=Клавиатура, manufacture=SteelSeries, model=Apex 7, price=130, forecast=7, trend=0), ComponentForecastDTO(id=14, name=Материнская плата ASUS, category=Материнская плата, manufacture=ASUS, model=ROG Strix Z490-E, price=560, forecast=0, trend=0), ComponentForecastDTO(id=11, name=Внешний жёсткий диск Seagate, category=Накопитель, manufacture=Seagate, model=Backup Plus 4TB, price=230, forecast=0, trend=0), ComponentForecastDTO(id=15, name=Игровой монитор Xiaomi Redmi, category=Монитор, manufacture=Xiaomi Redmi, model=G24 A24FAA-RG, price=335, forecast=0, trend=0), ComponentForecastDTO(id=26, name=Внешний жесткий диск WD, category=Накопитель, manufacture=Western Digital, model=My Passport 4TB, price=120, forecast=3, trend=0), ComponentForecastDTO(id=25, name=Мышь Logitech, category=Компьютерная мышь, manufacture=Logitech, model=G502 HERO, price=50, forecast=20, trend=0), ComponentForecastDTO(id=20, name=Блок питания Seasonic, category=Блок питания, manufacture=Seasonic, model=Focus GX-750, price=120, forecast=0, trend=0), ComponentForecastDTO(id=28, name=Системный блок Thermaltake, category=Корпус, manufacture=Thermaltake, model=V200, price=100, forecast=4, trend=0), ComponentForecastDTO(id=13, name=Вентилятор Noctua, category=Система охлаждения, manufacture=Noctua, model=NF-A12x25 PWM, price=45, forecast=0, trend=0), ComponentForecastDTO(id=18, name=SSD Kingston, category=Накопитель, manufacture=Kingston, model=A2000 1TB, price=100, forecast=0, trend=0), ComponentForecastDTO(id=32, name=Внешний SSD Samsung, category=Накопитель, manufacture=Samsung, model=T7 1TB, price=150, forecast=4, trend=0), ComponentForecastDTO(id=21, name=Кулер Noctua, category=Система охлаждения, manufacture=Noctua, model=NH-D15, price=90, forecast=0, trend=0), ComponentForecastDTO(id=22, name=Материнская плата MSI, category=Материнская плата, manufacture=MSI, model=B550-A PRO, price=150, forecast=0, trend=0), ComponentForecastDTO(id=24, name=Клавиатура Razer, category=Клавиатура, manufacture=Razer, model=BlackWidow V3, price=130, forecast=0, trend=0), ComponentForecastDTO(id=29, name=Память G.Skill, category=Оперативная память, manufacture=G.Skill, model=Ripjaws V 32GB, price=150, forecast=6, trend=0), ComponentForecastDTO(id=23, name=Монитор LG, category=Монитор, manufacture=LG, model=UltraGear 27GN950, price=900, forecast=0, trend=0), ComponentForecastDTO(id=27, name=Кулер Arctic, category=Система охлаждения, manufacture=Arctic, model=Freezer 34 eSports DUO, price=70, forecast=5, trend=0), ComponentForecastDTO(id=31, name=Мышь Corsair, category=Компьютерная мышь, manufacture=Corsair, model=M65 RGB Elite, price=80, forecast=9, trend=0), ComponentForecastDTO(id=6, name=Оперативная память Corsair, category=Оперативная память, manufacture=Corsair, model=Vengeance LPX 16GB, price=116, forecast=0, trend=0), ComponentForecastDTO(id=12, name=Корпус NZXT, category=Корпус, manufacture=NZXT, model=H510 Elite, price=260, forecast=0, trend=0)]
2024-12-08T11:10:48.139+03:00 ERROR 10380 --- [WMS] [http-nio-8080-exec-1] o.a.c.c.C.[.[.[/].[dispatcherServlet]    : Servlet.service() for servlet [dispatcherServlet] in context with path [] threw exception [Request processing failed: java.lang.NullPointerException: Cannot invoke "java.lang.Integer.intValue()" because the return value of "java.util.Map.get(Object)" is null] with root cause

java.lang.NullPointerException: Cannot invoke "java.lang.Integer.intValue()" because the return value of "java.util.Map.get(Object)" is null
	at com.warehouse.WMS.order.services.DemandAnalysisOrderService.calculateTrends(DemandAnalysisOrderService.java:69) ~[classes/:na]
	at com.warehouse.WMS.order.services.DemandAnalysisOrderService.execute(DemandAnalysisOrderService.java:52) ~[classes/:na]
	at com.warehouse.WMS.order.OrderController.getForecastOrders(OrderController.java:55) ~[classes/:na]
	at java.base/jdk.internal.reflect.DirectMethodHandleAccessor.invoke(DirectMethodHandleAccessor.java:103) ~[na:na]
	at java.base/java.lang.reflect.Method.invoke(Method.java:580) ~[na:na]
	at org.springframework.web.method.support.InvocableHandlerMethod.doInvoke(InvocableHandlerMethod.java:255) ~[spring-web-6.1.14.jar:6.1.14]
	at org.springframework.web.method.support.InvocableHandlerMethod.invokeForRequest(InvocableHandlerMethod.java:188) ~[spring-web-6.1.14.jar:6.1.14]
	at org.springframework.web.servlet.mvc.method.annotation.ServletInvocableHandlerMethod.invokeAndHandle(ServletInvocableHandlerMethod.java:118) ~[spring-webmvc-6.1.14.jar:6.1.14]
	at org.springframework.web.servlet.mvc.method.annotation.RequestMappingHandlerAdapter.invokeHandlerMethod(RequestMappingHandlerAdapter.java:926) ~[spring-webmvc-6.1.14.jar:6.1.14]
	at org.springframework.web.servlet.mvc.method.annotation.RequestMappingHandlerAdapter.handleInternal(RequestMappingHandlerAdapter.java:831) ~[spring-webmvc-6.1.14.jar:6.1.14]
	at org.springframework.web.servlet.mvc.method.AbstractHandlerMethodAdapter.handle(AbstractHandlerMethodAdapter.java:87) ~[spring-webmvc-6.1.14.jar:6.1.14]
	at org.springframework.web.servlet.DispatcherServlet.doDispatch(DispatcherServlet.java:1089) ~[spring-webmvc-6.1.14.jar:6.1.14]
	at org.springframework.web.servlet.DispatcherServlet.doService(DispatcherServlet.java:979) ~[spring-webmvc-6.1.14.jar:6.1.14]
	at org.springframework.web.servlet.FrameworkServlet.processRequest(FrameworkServlet.java:1014) ~[spring-webmvc-6.1.14.jar:6.1.14]
	at org.springframework.web.servlet.FrameworkServlet.doGet(FrameworkServlet.java:903) ~[spring-webmvc-6.1.14.jar:6.1.14]
	at jakarta.servlet.http.HttpServlet.service(HttpServlet.java:564) ~[tomcat-embed-core-10.1.31.jar:6.0]
	at org.springframework.web.servlet.FrameworkServlet.service(FrameworkServlet.java:885) ~[spring-webmvc-6.1.14.jar:6.1.14]
	at jakarta.servlet.http.HttpServlet.service(HttpServlet.java:658) ~[tomcat-embed-core-10.1.31.jar:6.0]
	at org.apache.catalina.core.ApplicationFilterChain.internalDoFilter(ApplicationFilterChain.java:195) ~[tomcat-embed-core-10.1.31.jar:10.1.31]
	at org.apache.catalina.core.ApplicationFilterChain.doFilter(ApplicationFilterChain.java:140) ~[tomcat-embed-core-10.1.31.jar:10.1.31]
	at org.apache.tomcat.websocket.server.WsFilter.doFilter(WsFilter.java:51) ~[tomcat-embed-websocket-10.1.31.jar:10.1.31]
	at org.apache.catalina.core.ApplicationFilterChain.internalDoFilter(ApplicationFilterChain.java:164) ~[tomcat-embed-core-10.1.31.jar:10.1.31]
	at org.apache.catalina.core.ApplicationFilterChain.doFilter(ApplicationFilterChain.java:140) ~[tomcat-embed-core-10.1.31.jar:10.1.31]
	at org.springframework.web.filter.RequestContextFilter.doFilterInternal(RequestContextFilter.java:100) ~[spring-web-6.1.14.jar:6.1.14]
	at org.springframework.web.filter.OncePerRequestFilter.doFilter(OncePerRequestFilter.java:116) ~[spring-web-6.1.14.jar:6.1.14]
	at org.apache.catalina.core.ApplicationFilterChain.internalDoFilter(ApplicationFilterChain.java:164) ~[tomcat-embed-core-10.1.31.jar:10.1.31]
	at org.apache.catalina.core.ApplicationFilterChain.doFilter(ApplicationFilterChain.java:140) ~[tomcat-embed-core-10.1.31.jar:10.1.31]
	at org.springframework.web.filter.FormContentFilter.doFilterInternal(FormContentFilter.java:93) ~[spring-web-6.1.14.jar:6.1.14]
	at org.springframework.web.filter.OncePerRequestFilter.doFilter(OncePerRequestFilter.java:116) ~[spring-web-6.1.14.jar:6.1.14]
	at org.apache.catalina.core.ApplicationFilterChain.internalDoFilter(ApplicationFilterChain.java:164) ~[tomcat-embed-core-10.1.31.jar:10.1.31]
	at org.apache.catalina.core.ApplicationFilterChain.doFilter(ApplicationFilterChain.java:140) ~[tomcat-embed-core-10.1.31.jar:10.1.31]
	at org.springframework.web.filter.CharacterEncodingFilter.doFilterInternal(CharacterEncodingFilter.java:201) ~[spring-web-6.1.14.jar:6.1.14]
	at org.springframework.web.filter.OncePerRequestFilter.doFilter(OncePerRequestFilter.java:116) ~[spring-web-6.1.14.jar:6.1.14]
	at org.apache.catalina.core.ApplicationFilterChain.internalDoFilter(ApplicationFilterChain.java:164) ~[tomcat-embed-core-10.1.31.jar:10.1.31]
	at org.apache.catalina.core.ApplicationFilterChain.doFilter(ApplicationFilterChain.java:140) ~[tomcat-embed-core-10.1.31.jar:10.1.31]
	at org.apache.catalina.core.StandardWrapperValve.invoke(StandardWrapperValve.java:167) ~[tomcat-embed-core-10.1.31.jar:10.1.31]
	at org.apache.catalina.core.StandardContextValve.invoke(StandardContextValve.java:90) ~[tomcat-embed-core-10.1.31.jar:10.1.31]
	at org.apache.catalina.authenticator.AuthenticatorBase.invoke(AuthenticatorBase.java:483) ~[tomcat-embed-core-10.1.31.jar:10.1.31]
	at org.apache.catalina.core.StandardHostValve.invoke(StandardHostValve.java:115) ~[tomcat-embed-core-10.1.31.jar:10.1.31]
	at org.apache.catalina.valves.ErrorReportValve.invoke(ErrorReportValve.java:93) ~[tomcat-embed-core-10.1.31.jar:10.1.31]
	at org.apache.catalina.core.StandardEngineValve.invoke(StandardEngineValve.java:74) ~[tomcat-embed-core-10.1.31.jar:10.1.31]
	at org.apache.catalina.connector.CoyoteAdapter.service(CoyoteAdapter.java:344) ~[tomcat-embed-core-10.1.31.jar:10.1.31]
	at org.apache.coyote.http11.Http11Processor.service(Http11Processor.java:384) ~[tomcat-embed-core-10.1.31.jar:10.1.31]
	at org.apache.coyote.AbstractProcessorLight.process(AbstractProcessorLight.java:63) ~[tomcat-embed-core-10.1.31.jar:10.1.31]
	at org.apache.coyote.AbstractProtocol$ConnectionHandler.process(AbstractProtocol.java:905) ~[tomcat-embed-core-10.1.31.jar:10.1.31]
	at org.apache.tomcat.util.net.NioEndpoint$SocketProcessor.doRun(NioEndpoint.java:1741) ~[tomcat-embed-core-10.1.31.jar:10.1.31]
	at org.apache.tomcat.util.net.SocketProcessorBase.run(SocketProcessorBase.java:52) ~[tomcat-embed-core-10.1.31.jar:10.1.31]
	at org.apache.tomcat.util.threads.ThreadPoolExecutor.runWorker(ThreadPoolExecutor.java:1190) ~[tomcat-embed-core-10.1.31.jar:10.1.31]
	at org.apache.tomcat.util.threads.ThreadPoolExecutor$Worker.run(ThreadPoolExecutor.java:659) ~[tomcat-embed-core-10.1.31.jar:10.1.31]
	at org.apache.tomcat.util.threads.TaskThread$WrappingRunnable.run(TaskThread.java:63) ~[tomcat-embed-core-10.1.31.jar:10.1.31]
	at java.base/java.lang.Thread.run(Thread.java:1570) ~[na:na]

2024-12-08T11:10:48.230+03:00  INFO 10380 --- [WMS] [http-nio-8080-exec-3] c.w.W.o.s.DemandAnalysisOrderService     : calculateTrends, oneMonth: [ComponentForecastDTO(id=19, name=Видеокарта ASUS, category=Видеокарта, manufacture=ASUS, model=ROG Strix RTX 3060, price=550, forecast=0, trend=0), ComponentForecastDTO(id=30, name=Клавиатура SteelSeries, category=Клавиатура, manufacture=SteelSeries, model=Apex 7, price=130, forecast=7, trend=0), ComponentForecastDTO(id=14, name=Материнская плата ASUS, category=Материнская плата, manufacture=ASUS, model=ROG Strix Z490-E, price=560, forecast=0, trend=0), ComponentForecastDTO(id=11, name=Внешний жёсткий диск Seagate, category=Накопитель, manufacture=Seagate, model=Backup Plus 4TB, price=230, forecast=0, trend=0), ComponentForecastDTO(id=15, name=Игровой монитор Xiaomi Redmi, category=Монитор, manufacture=Xiaomi Redmi, model=G24 A24FAA-RG, price=335, forecast=0, trend=0), ComponentForecastDTO(id=26, name=Внешний жесткий диск WD, category=Накопитель, manufacture=Western Digital, model=My Passport 4TB, price=120, forecast=3, trend=0), ComponentForecastDTO(id=25, name=Мышь Logitech, category=Компьютерная мышь, manufacture=Logitech, model=G502 HERO, price=50, forecast=20, trend=0), ComponentForecastDTO(id=20, name=Блок питания Seasonic, category=Блок питания, manufacture=Seasonic, model=Focus GX-750, price=120, forecast=0, trend=0), ComponentForecastDTO(id=28, name=Системный блок Thermaltake, category=Корпус, manufacture=Thermaltake, model=V200, price=100, forecast=4, trend=0), ComponentForecastDTO(id=13, name=Вентилятор Noctua, category=Система охлаждения, manufacture=Noctua, model=NF-A12x25 PWM, price=45, forecast=0, trend=0), ComponentForecastDTO(id=18, name=SSD Kingston, category=Накопитель, manufacture=Kingston, model=A2000 1TB, price=100, forecast=0, trend=0), ComponentForecastDTO(id=32, name=Внешний SSD Samsung, category=Накопитель, manufacture=Samsung, model=T7 1TB, price=150, forecast=4, trend=0), ComponentForecastDTO(id=21, name=Кулер Noctua, category=Система охлаждения, manufacture=Noctua, model=NH-D15, price=90, forecast=0, trend=0), ComponentForecastDTO(id=22, name=Материнская плата MSI, category=Материнская плата, manufacture=MSI, model=B550-A PRO, price=150, forecast=0, trend=0), ComponentForecastDTO(id=24, name=Клавиатура Razer, category=Клавиатура, manufacture=Razer, model=BlackWidow V3, price=130, forecast=0, trend=0), ComponentForecastDTO(id=29, name=Память G.Skill, category=Оперативная память, manufacture=G.Skill, model=Ripjaws V 32GB, price=150, forecast=6, trend=0), ComponentForecastDTO(id=23, name=Монитор LG, category=Монитор, manufacture=LG, model=UltraGear 27GN950, price=900, forecast=0, trend=0), ComponentForecastDTO(id=27, name=Кулер Arctic, category=Система охлаждения, manufacture=Arctic, model=Freezer 34 eSports DUO, price=70, forecast=5, trend=0), ComponentForecastDTO(id=31, name=Мышь Corsair, category=Компьютерная мышь, manufacture=Corsair, model=M65 RGB Elite, price=80, forecast=9, trend=0), ComponentForecastDTO(id=6, name=Оперативная память Corsair, category=Оперативная память, manufacture=Corsair, model=Vengeance LPX 16GB, price=116, forecast=0, trend=0), ComponentForecastDTO(id=12, name=Корпус NZXT, category=Корпус, manufacture=NZXT, model=H510 Elite, price=260, forecast=0, trend=0)]
2024-12-08T11:10:48.231+03:00 ERROR 10380 --- [WMS] [http-nio-8080-exec-3] o.a.c.c.C.[.[.[/].[dispatcherServlet]    : Servlet.service() for servlet [dispatcherServlet] in context with path [] threw exception [Request processing failed: java.lang.NullPointerException: Cannot invoke "java.lang.Integer.intValue()" because the return value of "java.util.Map.get(Object)" is null] with root cause

java.lang.NullPointerException: Cannot invoke "java.lang.Integer.intValue()" because the return value of "java.util.Map.get(Object)" is null
	at com.warehouse.WMS.order.services.DemandAnalysisOrderService.calculateTrends(DemandAnalysisOrderService.java:69) ~[classes/:na]
	at com.warehouse.WMS.order.services.DemandAnalysisOrderService.execute(DemandAnalysisOrderService.java:52) ~[classes/:na]
	at com.warehouse.WMS.order.OrderController.getForecastOrders(OrderController.java:55) ~[classes/:na]
	at java.base/jdk.internal.reflect.DirectMethodHandleAccessor.invoke(DirectMethodHandleAccessor.java:103) ~[na:na]
	at java.base/java.lang.reflect.Method.invoke(Method.java:580) ~[na:na]
	at org.springframework.web.method.support.InvocableHandlerMethod.doInvoke(InvocableHandlerMethod.java:255) ~[spring-web-6.1.14.jar:6.1.14]
	at org.springframework.web.method.support.InvocableHandlerMethod.invokeForRequest(InvocableHandlerMethod.java:188) ~[spring-web-6.1.14.jar:6.1.14]
	at org.springframework.web.servlet.mvc.method.annotation.ServletInvocableHandlerMethod.invokeAndHandle(ServletInvocableHandlerMethod.java:118) ~[spring-webmvc-6.1.14.jar:6.1.14]
	at org.springframework.web.servlet.mvc.method.annotation.RequestMappingHandlerAdapter.invokeHandlerMethod(RequestMappingHandlerAdapter.java:926) ~[spring-webmvc-6.1.14.jar:6.1.14]
	at org.springframework.web.servlet.mvc.method.annotation.RequestMappingHandlerAdapter.handleInternal(RequestMappingHandlerAdapter.java:831) ~[spring-webmvc-6.1.14.jar:6.1.14]
	at org.springframework.web.servlet.mvc.method.AbstractHandlerMethodAdapter.handle(AbstractHandlerMethodAdapter.java:87) ~[spring-webmvc-6.1.14.jar:6.1.14]
	at org.springframework.web.servlet.DispatcherServlet.doDispatch(DispatcherServlet.java:1089) ~[spring-webmvc-6.1.14.jar:6.1.14]
	at org.springframework.web.servlet.DispatcherServlet.doService(DispatcherServlet.java:979) ~[spring-webmvc-6.1.14.jar:6.1.14]
	at org.springframework.web.servlet.FrameworkServlet.processRequest(FrameworkServlet.java:1014) ~[spring-webmvc-6.1.14.jar:6.1.14]
	at org.springframework.web.servlet.FrameworkServlet.doGet(FrameworkServlet.java:903) ~[spring-webmvc-6.1.14.jar:6.1.14]
	at jakarta.servlet.http.HttpServlet.service(HttpServlet.java:564) ~[tomcat-embed-core-10.1.31.jar:6.0]
	at org.springframework.web.servlet.FrameworkServlet.service(FrameworkServlet.java:885) ~[spring-webmvc-6.1.14.jar:6.1.14]
	at jakarta.servlet.http.HttpServlet.service(HttpServlet.java:658) ~[tomcat-embed-core-10.1.31.jar:6.0]
	at org.apache.catalina.core.ApplicationFilterChain.internalDoFilter(ApplicationFilterChain.java:195) ~[tomcat-embed-core-10.1.31.jar:10.1.31]
	at org.apache.catalina.core.ApplicationFilterChain.doFilter(ApplicationFilterChain.java:140) ~[tomcat-embed-core-10.1.31.jar:10.1.31]
	at org.apache.tomcat.websocket.server.WsFilter.doFilter(WsFilter.java:51) ~[tomcat-embed-websocket-10.1.31.jar:10.1.31]
	at org.apache.catalina.core.ApplicationFilterChain.internalDoFilter(ApplicationFilterChain.java:164) ~[tomcat-embed-core-10.1.31.jar:10.1.31]
	at org.apache.catalina.core.ApplicationFilterChain.doFilter(ApplicationFilterChain.java:140) ~[tomcat-embed-core-10.1.31.jar:10.1.31]
	at org.springframework.web.filter.RequestContextFilter.doFilterInternal(RequestContextFilter.java:100) ~[spring-web-6.1.14.jar:6.1.14]
	at org.springframework.web.filter.OncePerRequestFilter.doFilter(OncePerRequestFilter.java:116) ~[spring-web-6.1.14.jar:6.1.14]
	at org.apache.catalina.core.ApplicationFilterChain.internalDoFilter(ApplicationFilterChain.java:164) ~[tomcat-embed-core-10.1.31.jar:10.1.31]
	at org.apache.catalina.core.ApplicationFilterChain.doFilter(ApplicationFilterChain.java:140) ~[tomcat-embed-core-10.1.31.jar:10.1.31]
	at org.springframework.web.filter.FormContentFilter.doFilterInternal(FormContentFilter.java:93) ~[spring-web-6.1.14.jar:6.1.14]
	at org.springframework.web.filter.OncePerRequestFilter.doFilter(OncePerRequestFilter.java:116) ~[spring-web-6.1.14.jar:6.1.14]
	at org.apache.catalina.core.ApplicationFilterChain.internalDoFilter(ApplicationFilterChain.java:164) ~[tomcat-embed-core-10.1.31.jar:10.1.31]
	at org.apache.catalina.core.ApplicationFilterChain.doFilter(ApplicationFilterChain.java:140) ~[tomcat-embed-core-10.1.31.jar:10.1.31]
	at org.springframework.web.filter.CharacterEncodingFilter.doFilterInternal(CharacterEncodingFilter.java:201) ~[spring-web-6.1.14.jar:6.1.14]
	at org.springframework.web.filter.OncePerRequestFilter.doFilter(OncePerRequestFilter.java:116) ~[spring-web-6.1.14.jar:6.1.14]
	at org.apache.catalina.core.ApplicationFilterChain.internalDoFilter(ApplicationFilterChain.java:164) ~[tomcat-embed-core-10.1.31.jar:10.1.31]
	at org.apache.catalina.core.ApplicationFilterChain.doFilter(ApplicationFilterChain.java:140) ~[tomcat-embed-core-10.1.31.jar:10.1.31]
	at org.apache.catalina.core.StandardWrapperValve.invoke(StandardWrapperValve.java:167) ~[tomcat-embed-core-10.1.31.jar:10.1.31]
	at org.apache.catalina.core.StandardContextValve.invoke(StandardContextValve.java:90) ~[tomcat-embed-core-10.1.31.jar:10.1.31]
	at org.apache.catalina.authenticator.AuthenticatorBase.invoke(AuthenticatorBase.java:483) ~[tomcat-embed-core-10.1.31.jar:10.1.31]
	at org.apache.catalina.core.StandardHostValve.invoke(StandardHostValve.java:115) ~[tomcat-embed-core-10.1.31.jar:10.1.31]
	at org.apache.catalina.valves.ErrorReportValve.invoke(ErrorReportValve.java:93) ~[tomcat-embed-core-10.1.31.jar:10.1.31]
	at org.apache.catalina.core.StandardEngineValve.invoke(StandardEngineValve.java:74) ~[tomcat-embed-core-10.1.31.jar:10.1.31]
	at org.apache.catalina.connector.CoyoteAdapter.service(CoyoteAdapter.java:344) ~[tomcat-embed-core-10.1.31.jar:10.1.31]
	at org.apache.coyote.http11.Http11Processor.service(Http11Processor.java:384) ~[tomcat-embed-core-10.1.31.jar:10.1.31]
	at org.apache.coyote.AbstractProcessorLight.process(AbstractProcessorLight.java:63) ~[tomcat-embed-core-10.1.31.jar:10.1.31]
	at org.apache.coyote.AbstractProtocol$ConnectionHandler.process(AbstractProtocol.java:905) ~[tomcat-embed-core-10.1.31.jar:10.1.31]
	at org.apache.tomcat.util.net.NioEndpoint$SocketProcessor.doRun(NioEndpoint.java:1741) ~[tomcat-embed-core-10.1.31.jar:10.1.31]
	at org.apache.tomcat.util.net.SocketProcessorBase.run(SocketProcessorBase.java:52) ~[tomcat-embed-core-10.1.31.jar:10.1.31]
	at org.apache.tomcat.util.threads.ThreadPoolExecutor.runWorker(ThreadPoolExecutor.java:1190) ~[tomcat-embed-core-10.1.31.jar:10.1.31]
	at org.apache.tomcat.util.threads.ThreadPoolExecutor$Worker.run(ThreadPoolExecutor.java:659) ~[tomcat-embed-core-10.1.31.jar:10.1.31]
	at org.apache.tomcat.util.threads.TaskThread$WrappingRunnable.run(TaskThread.java:63) ~[tomcat-embed-core-10.1.31.jar:10.1.31]
	at java.base/java.lang.Thread.run(Thread.java:1570) ~[na:na]

2024-12-08T11:12:12.912+03:00  INFO 10380 --- [WMS] [SpringApplicationShutdownHook] j.LocalContainerEntityManagerFactoryBean : Closing JPA EntityManagerFactory for persistence unit 'default'
2024-12-08T11:12:12.913+03:00  INFO 10380 --- [WMS] [SpringApplicationShutdownHook] com.zaxxer.hikari.HikariDataSource       : HikariPool-1 - Shutdown initiated...
2024-12-08T11:12:12.927+03:00  INFO 10380 --- [WMS] [SpringApplicationShutdownHook] com.zaxxer.hikari.HikariDataSource       : HikariPool-1 - Shutdown completed.
2024-12-08T11:14:31.355+03:00  INFO 9204 --- [WMS] [main] com.warehouse.WMS.WmsApplication         : Starting WmsApplication using Java 22.0.2 with PID 9204 (C:\Users\Vadim\Desktop\WMS\target\classes started by Vadim in C:\Users\Vadim\Desktop\WMS)
2024-12-08T11:14:31.357+03:00  INFO 9204 --- [WMS] [main] com.warehouse.WMS.WmsApplication         : No active profile set, falling back to 1 default profile: "default"
2024-12-08T11:14:32.061+03:00  INFO 9204 --- [WMS] [main] .s.d.r.c.RepositoryConfigurationDelegate : Bootstrapping Spring Data JPA repositories in DEFAULT mode.
2024-12-08T11:14:32.114+03:00  INFO 9204 --- [WMS] [main] .s.d.r.c.RepositoryConfigurationDelegate : Finished Spring Data repository scanning in 47 ms. Found 5 JPA repository interfaces.
2024-12-08T11:14:32.472+03:00  INFO 9204 --- [WMS] [main] o.s.b.w.embedded.tomcat.TomcatWebServer  : Tomcat initialized with port 8080 (http)
2024-12-08T11:14:32.483+03:00  INFO 9204 --- [WMS] [main] o.apache.catalina.core.StandardService   : Starting service [Tomcat]
2024-12-08T11:14:32.484+03:00  INFO 9204 --- [WMS] [main] o.apache.catalina.core.StandardEngine    : Starting Servlet engine: [Apache Tomcat/10.1.31]
2024-12-08T11:14:32.533+03:00  INFO 9204 --- [WMS] [main] o.a.c.c.C.[Tomcat].[localhost].[/]       : Initializing Spring embedded WebApplicationContext
2024-12-08T11:14:32.533+03:00  INFO 9204 --- [WMS] [main] w.s.c.ServletWebServerApplicationContext : Root WebApplicationContext: initialization completed in 1134 ms
2024-12-08T11:14:32.631+03:00  INFO 9204 --- [WMS] [main] com.zaxxer.hikari.HikariDataSource       : HikariPool-1 - Starting...
2024-12-08T11:14:32.887+03:00  INFO 9204 --- [WMS] [main] com.zaxxer.hikari.pool.HikariPool        : HikariPool-1 - Added connection com.mysql.cj.jdbc.ConnectionImpl@5463f035
2024-12-08T11:14:32.889+03:00  INFO 9204 --- [WMS] [main] com.zaxxer.hikari.HikariDataSource       : HikariPool-1 - Start completed.
2024-12-08T11:14:32.918+03:00  INFO 9204 --- [WMS] [main] o.hibernate.jpa.internal.util.LogHelper  : HHH000204: Processing PersistenceUnitInfo [name: default]
2024-12-08T11:14:32.958+03:00  INFO 9204 --- [WMS] [main] org.hibernate.Version                    : HHH000412: Hibernate ORM core version 6.5.3.Final
2024-12-08T11:14:32.982+03:00  INFO 9204 --- [WMS] [main] o.h.c.internal.RegionFactoryInitiator    : HHH000026: Second-level cache disabled
2024-12-08T11:14:33.219+03:00  INFO 9204 --- [WMS] [main] o.s.o.j.p.SpringPersistenceUnitInfo      : No LoadTimeWeaver setup: ignoring JPA class transformer
2024-12-08T11:14:34.093+03:00  INFO 9204 --- [WMS] [main] o.h.e.t.j.p.i.JtaPlatformInitiator       : HHH000489: No JTA platform available (set 'hibernate.transaction.jta.platform' to enable JTA platform integration)
2024-12-08T11:14:34.095+03:00  INFO 9204 --- [WMS] [main] j.LocalContainerEntityManagerFactoryBean : Initialized JPA EntityManagerFactory for persistence unit 'default'
2024-12-08T11:14:34.437+03:00  WARN 9204 --- [WMS] [main] JpaBaseConfiguration$JpaWebConfiguration : spring.jpa.open-in-view is enabled by default. Therefore, database queries may be performed during view rendering. Explicitly configure spring.jpa.open-in-view to disable this warning
2024-12-08T11:14:34.754+03:00  INFO 9204 --- [WMS] [main] o.s.b.w.embedded.tomcat.TomcatWebServer  : Tomcat started on port 8080 (http) with context path '/'
2024-12-08T11:14:34.761+03:00  INFO 9204 --- [WMS] [main] com.warehouse.WMS.WmsApplication         : Started WmsApplication in 3.747 seconds (process running for 4.268)
2024-12-08T11:14:40.062+03:00  INFO 9204 --- [WMS] [http-nio-8080-exec-1] o.a.c.c.C.[Tomcat].[localhost].[/]       : Initializing Spring DispatcherServlet 'dispatcherServlet'
2024-12-08T11:14:40.062+03:00  INFO 9204 --- [WMS] [http-nio-8080-exec-1] o.s.web.servlet.DispatcherServlet        : Initializing Servlet 'dispatcherServlet'
2024-12-08T11:14:40.063+03:00  INFO 9204 --- [WMS] [http-nio-8080-exec-1] o.s.web.servlet.DispatcherServlet        : Completed initialization in 0 ms
2024-12-08T11:14:40.268+03:00  INFO 9204 --- [WMS] [http-nio-8080-exec-1] c.w.W.o.s.DemandAnalysisOrderService     : calculateTrends, oneMonth: [ComponentForecastDTO(id=19, name=Видеокарта ASUS, category=Видеокарта, manufacture=ASUS, model=ROG Strix RTX 3060, price=550, forecast=0, trend=0), ComponentForecastDTO(id=30, name=Клавиатура SteelSeries, category=Клавиатура, manufacture=SteelSeries, model=Apex 7, price=130, forecast=7, trend=0), ComponentForecastDTO(id=14, name=Материнская плата ASUS, category=Материнская плата, manufacture=ASUS, model=ROG Strix Z490-E, price=560, forecast=0, trend=0), ComponentForecastDTO(id=11, name=Внешний жёсткий диск Seagate, category=Накопитель, manufacture=Seagate, model=Backup Plus 4TB, price=230, forecast=0, trend=0), ComponentForecastDTO(id=15, name=Игровой монитор Xiaomi Redmi, category=Монитор, manufacture=Xiaomi Redmi, model=G24 A24FAA-RG, price=335, forecast=0, trend=0), ComponentForecastDTO(id=26, name=Внешний жесткий диск WD, category=Накопитель, manufacture=Western Digital, model=My Passport 4TB, price=120, forecast=3, trend=0), ComponentForecastDTO(id=25, name=Мышь Logitech, category=Компьютерная мышь, manufacture=Logitech, model=G502 HERO, price=50, forecast=20, trend=0), ComponentForecastDTO(id=20, name=Блок питания Seasonic, category=Блок питания, manufacture=Seasonic, model=Focus GX-750, price=120, forecast=0, trend=0), ComponentForecastDTO(id=28, name=Системный блок Thermaltake, category=Корпус, manufacture=Thermaltake, model=V200, price=100, forecast=4, trend=0), ComponentForecastDTO(id=13, name=Вентилятор Noctua, category=Система охлаждения, manufacture=Noctua, model=NF-A12x25 PWM, price=45, forecast=0, trend=0), ComponentForecastDTO(id=18, name=SSD Kingston, category=Накопитель, manufacture=Kingston, model=A2000 1TB, price=100, forecast=0, trend=0), ComponentForecastDTO(id=32, name=Внешний SSD Samsung, category=Накопитель, manufacture=Samsung, model=T7 1TB, price=150, forecast=4, trend=0), ComponentForecastDTO(id=21, name=Кулер Noctua, category=Система охлаждения, manufacture=Noctua, model=NH-D15, price=90, forecast=0, trend=0), ComponentForecastDTO(id=22, name=Материнская плата MSI, category=Материнская плата, manufacture=MSI, model=B550-A PRO, price=150, forecast=0, trend=0), ComponentForecastDTO(id=24, name=Клавиатура Razer, category=Клавиатура, manufacture=Razer, model=BlackWidow V3, price=130, forecast=0, trend=0), ComponentForecastDTO(id=29, name=Память G.Skill, category=Оперативная память, manufacture=G.Skill, model=Ripjaws V 32GB, price=150, forecast=6, trend=0), ComponentForecastDTO(id=23, name=Монитор LG, category=Монитор, manufacture=LG, model=UltraGear 27GN950, price=900, forecast=0, trend=0), ComponentForecastDTO(id=27, name=Кулер Arctic, category=Система охлаждения, manufacture=Arctic, model=Freezer 34 eSports DUO, price=70, forecast=5, trend=0), ComponentForecastDTO(id=31, name=Мышь Corsair, category=Компьютерная мышь, manufacture=Corsair, model=M65 RGB Elite, price=80, forecast=9, trend=0), ComponentForecastDTO(id=6, name=Оперативная память Corsair, category=Оперативная память, manufacture=Corsair, model=Vengeance LPX 16GB, price=116, forecast=0, trend=0), ComponentForecastDTO(id=12, name=Корпус NZXT, category=Корпус, manufacture=NZXT, model=H510 Elite, price=260, forecast=0, trend=0)]
2024-12-08T11:14:40.271+03:00  INFO 9204 --- [WMS] [http-nio-8080-exec-1] c.w.W.o.s.DemandAnalysisOrderService     : calculateTrends, threeMonth: [ComponentForecastDTO(id=19, name=Видеокарта ASUS, category=Видеокарта, manufacture=ASUS, model=ROG Strix RTX 3060, price=550, forecast=10, trend=0), ComponentForecastDTO(id=30, name=Клавиатура SteelSeries, category=Клавиатура, manufacture=SteelSeries, model=Apex 7, price=130, forecast=7, trend=0), ComponentForecastDTO(id=14, name=Материнская плата ASUS, category=Материнская плата, manufacture=ASUS, model=ROG Strix Z490-E, price=560, forecast=20, trend=0), ComponentForecastDTO(id=11, name=Внешний жёсткий диск Seagate, category=Накопитель, manufacture=Seagate, model=Backup Plus 4TB, price=230, forecast=30, trend=0), ComponentForecastDTO(id=15, name=Игровой монитор Xiaomi Redmi, category=Монитор, manufacture=Xiaomi Redmi, model=G24 A24FAA-RG, price=335, forecast=16, trend=0), ComponentForecastDTO(id=26, name=Внешний жесткий диск WD, category=Накопитель, manufacture=Western Digital, model=My Passport 4TB, price=120, forecast=3, trend=0), ComponentForecastDTO(id=25, name=Мышь Logitech, category=Компьютерная мышь, manufacture=Logitech, model=G502 HERO, price=50, forecast=20, trend=0), ComponentForecastDTO(id=20, name=Блок питания Seasonic, category=Блок питания, manufacture=Seasonic, model=Focus GX-750, price=120, forecast=8, trend=0), ComponentForecastDTO(id=28, name=Системный блок Thermaltake, category=Корпус, manufacture=Thermaltake, model=V200, price=100, forecast=4, trend=0), ComponentForecastDTO(id=13, name=Вентилятор Noctua, category=Система охлаждения, manufacture=Noctua, model=NF-A12x25 PWM, price=45, forecast=40, trend=0), ComponentForecastDTO(id=18, name=SSD Kingston, category=Накопитель, manufacture=Kingston, model=A2000 1TB, price=100, forecast=16, trend=0), ComponentForecastDTO(id=32, name=Внешний SSD Samsung, category=Накопитель, manufacture=Samsung, model=T7 1TB, price=150, forecast=4, trend=0), ComponentForecastDTO(id=21, name=Кулер Noctua, category=Система охлаждения, manufacture=Noctua, model=NH-D15, price=90, forecast=12, trend=0), ComponentForecastDTO(id=22, name=Материнская плата MSI, category=Материнская плата, manufacture=MSI, model=B550-A PRO, price=150, forecast=3, trend=0), ComponentForecastDTO(id=24, name=Клавиатура Razer, category=Клавиатура, manufacture=Razer, model=BlackWidow V3, price=130, forecast=9, trend=0), ComponentForecastDTO(id=29, name=Память G.Skill, category=Оперативная память, manufacture=G.Skill, model=Ripjaws V 32GB, price=150, forecast=6, trend=0), ComponentForecastDTO(id=23, name=Монитор LG, category=Монитор, manufacture=LG, model=UltraGear 27GN950, price=900, forecast=1, trend=0), ComponentForecastDTO(id=27, name=Кулер Arctic, category=Система охлаждения, manufacture=Arctic, model=Freezer 34 eSports DUO, price=70, forecast=5, trend=0), ComponentForecastDTO(id=31, name=Мышь Corsair, category=Компьютерная мышь, manufacture=Corsair, model=M65 RGB Elite, price=80, forecast=9, trend=0), ComponentForecastDTO(id=6, name=Оперативная память Corsair, category=Оперативная память, manufacture=Corsair, model=Vengeance LPX 16GB, price=116, forecast=24, trend=0), ComponentForecastDTO(id=12, name=Корпус NZXT, category=Корпус, manufacture=NZXT, model=H510 Elite, price=260, forecast=20, trend=0)]
2024-12-08T11:14:40.361+03:00  INFO 9204 --- [WMS] [http-nio-8080-exec-2] c.w.W.o.s.DemandAnalysisOrderService     : calculateTrends, oneMonth: [ComponentForecastDTO(id=19, name=Видеокарта ASUS, category=Видеокарта, manufacture=ASUS, model=ROG Strix RTX 3060, price=550, forecast=0, trend=0), ComponentForecastDTO(id=30, name=Клавиатура SteelSeries, category=Клавиатура, manufacture=SteelSeries, model=Apex 7, price=130, forecast=7, trend=0), ComponentForecastDTO(id=14, name=Материнская плата ASUS, category=Материнская плата, manufacture=ASUS, model=ROG Strix Z490-E, price=560, forecast=0, trend=0), ComponentForecastDTO(id=11, name=Внешний жёсткий диск Seagate, category=Накопитель, manufacture=Seagate, model=Backup Plus 4TB, price=230, forecast=0, trend=0), ComponentForecastDTO(id=15, name=Игровой монитор Xiaomi Redmi, category=Монитор, manufacture=Xiaomi Redmi, model=G24 A24FAA-RG, price=335, forecast=0, trend=0), ComponentForecastDTO(id=26, name=Внешний жесткий диск WD, category=Накопитель, manufacture=Western Digital, model=My Passport 4TB, price=120, forecast=3, trend=0), ComponentForecastDTO(id=25, name=Мышь Logitech, category=Компьютерная мышь, manufacture=Logitech, model=G502 HERO, price=50, forecast=20, trend=0), ComponentForecastDTO(id=20, name=Блок питания Seasonic, category=Блок питания, manufacture=Seasonic, model=Focus GX-750, price=120, forecast=0, trend=0), ComponentForecastDTO(id=28, name=Системный блок Thermaltake, category=Корпус, manufacture=Thermaltake, model=V200, price=100, forecast=4, trend=0), ComponentForecastDTO(id=13, name=Вентилятор Noctua, category=Система охлаждения, manufacture=Noctua, model=NF-A12x25 PWM, price=45, forecast=0, trend=0), ComponentForecastDTO(id=18, name=SSD Kingston, category=Накопитель, manufacture=Kingston, model=A2000 1TB, price=100, forecast=0, trend=0), ComponentForecastDTO(id=32, name=Внешний SSD Samsung, category=Накопитель, manufacture=Samsung, model=T7 1TB, price=150, forecast=4, trend=0), ComponentForecastDTO(id=21, name=Кулер Noctua, category=Система охлаждения, manufacture=Noctua, model=NH-D15, price=90, forecast=0, trend=0), ComponentForecastDTO(id=22, name=Материнская плата MSI, category=Материнская плата, manufacture=MSI, model=B550-A PRO, price=150, forecast=0, trend=0), ComponentForecastDTO(id=24, name=Клавиатура Razer, category=Клавиатура, manufacture=Razer, model=BlackWidow V3, price=130, forecast=0, trend=0), ComponentForecastDTO(id=29, name=Память G.Skill, category=Оперативная память, manufacture=G.Skill, model=Ripjaws V 32GB, price=150, forecast=6, trend=0), ComponentForecastDTO(id=23, name=Монитор LG, category=Монитор, manufacture=LG, model=UltraGear 27GN950, price=900, forecast=0, trend=0), ComponentForecastDTO(id=27, name=Кулер Arctic, category=Система охлаждения, manufacture=Arctic, model=Freezer 34 eSports DUO, price=70, forecast=5, trend=0), ComponentForecastDTO(id=31, name=Мышь Corsair, category=Компьютерная мышь, manufacture=Corsair, model=M65 RGB Elite, price=80, forecast=9, trend=0), ComponentForecastDTO(id=6, name=Оперативная память Corsair, category=Оперативная память, manufacture=Corsair, model=Vengeance LPX 16GB, price=116, forecast=0, trend=0), ComponentForecastDTO(id=12, name=Корпус NZXT, category=Корпус, manufacture=NZXT, model=H510 Elite, price=260, forecast=0, trend=0)]
2024-12-08T11:14:40.362+03:00  INFO 9204 --- [WMS] [http-nio-8080-exec-2] c.w.W.o.s.DemandAnalysisOrderService     : calculateTrends, threeMonth: [ComponentForecastDTO(id=19, name=Видеокарта ASUS, category=Видеокарта, manufacture=ASUS, model=ROG Strix RTX 3060, price=550, forecast=10, trend=0), ComponentForecastDTO(id=30, name=Клавиатура SteelSeries, category=Клавиатура, manufacture=SteelSeries, model=Apex 7, price=130, forecast=7, trend=0), ComponentForecastDTO(id=14, name=Материнская плата ASUS, category=Материнская плата, manufacture=ASUS, model=ROG Strix Z490-E, price=560, forecast=20, trend=0), ComponentForecastDTO(id=11, name=Внешний жёсткий диск Seagate, category=Накопитель, manufacture=Seagate, model=Backup Plus 4TB, price=230, forecast=30, trend=0), ComponentForecastDTO(id=15, name=Игровой монитор Xiaomi Redmi, category=Монитор, manufacture=Xiaomi Redmi, model=G24 A24FAA-RG, price=335, forecast=16, trend=0), ComponentForecastDTO(id=26, name=Внешний жесткий диск WD, category=Накопитель, manufacture=Western Digital, model=My Passport 4TB, price=120, forecast=3, trend=0), ComponentForecastDTO(id=25, name=Мышь Logitech, category=Компьютерная мышь, manufacture=Logitech, model=G502 HERO, price=50, forecast=20, trend=0), ComponentForecastDTO(id=20, name=Блок питания Seasonic, category=Блок питания, manufacture=Seasonic, model=Focus GX-750, price=120, forecast=8, trend=0), ComponentForecastDTO(id=28, name=Системный блок Thermaltake, category=Корпус, manufacture=Thermaltake, model=V200, price=100, forecast=4, trend=0), ComponentForecastDTO(id=13, name=Вентилятор Noctua, category=Система охлаждения, manufacture=Noctua, model=NF-A12x25 PWM, price=45, forecast=40, trend=0), ComponentForecastDTO(id=18, name=SSD Kingston, category=Накопитель, manufacture=Kingston, model=A2000 1TB, price=100, forecast=16, trend=0), ComponentForecastDTO(id=32, name=Внешний SSD Samsung, category=Накопитель, manufacture=Samsung, model=T7 1TB, price=150, forecast=4, trend=0), ComponentForecastDTO(id=21, name=Кулер Noctua, category=Система охлаждения, manufacture=Noctua, model=NH-D15, price=90, forecast=12, trend=0), ComponentForecastDTO(id=22, name=Материнская плата MSI, category=Материнская плата, manufacture=MSI, model=B550-A PRO, price=150, forecast=3, trend=0), ComponentForecastDTO(id=24, name=Клавиатура Razer, category=Клавиатура, manufacture=Razer, model=BlackWidow V3, price=130, forecast=9, trend=0), ComponentForecastDTO(id=29, name=Память G.Skill, category=Оперативная память, manufacture=G.Skill, model=Ripjaws V 32GB, price=150, forecast=6, trend=0), ComponentForecastDTO(id=23, name=Монитор LG, category=Монитор, manufacture=LG, model=UltraGear 27GN950, price=900, forecast=1, trend=0), ComponentForecastDTO(id=27, name=Кулер Arctic, category=Система охлаждения, manufacture=Arctic, model=Freezer 34 eSports DUO, price=70, forecast=5, trend=0), ComponentForecastDTO(id=31, name=Мышь Corsair, category=Компьютерная мышь, manufacture=Corsair, model=M65 RGB Elite, price=80, forecast=9, trend=0), ComponentForecastDTO(id=6, name=Оперативная память Corsair, category=Оперативная память, manufacture=Corsair, model=Vengeance LPX 16GB, price=116, forecast=24, trend=0), ComponentForecastDTO(id=12, name=Корпус NZXT, category=Корпус, manufacture=NZXT, model=H510 Elite, price=260, forecast=20, trend=0)]
2024-12-08T11:15:54.231+03:00  INFO 9204 --- [WMS] [http-nio-8080-exec-5] c.w.W.w.services.GetWarehousesService    : Получение всех запасов со склада
2024-12-08T11:15:54.268+03:00  INFO 9204 --- [WMS] [http-nio-8080-exec-6] c.w.W.w.services.GetWarehousesService    : Получение всех запасов со склада
2024-12-08T11:15:58.759+03:00  INFO 9204 --- [WMS] [http-nio-8080-exec-7] c.w.W.o.s.DemandAnalysisOrderService     : calculateTrends, oneMonth: [ComponentForecastDTO(id=19, name=Видеокарта ASUS, category=Видеокарта, manufacture=ASUS, model=ROG Strix RTX 3060, price=550, forecast=0, trend=0), ComponentForecastDTO(id=30, name=Клавиатура SteelSeries, category=Клавиатура, manufacture=SteelSeries, model=Apex 7, price=130, forecast=7, trend=0), ComponentForecastDTO(id=14, name=Материнская плата ASUS, category=Материнская плата, manufacture=ASUS, model=ROG Strix Z490-E, price=560, forecast=0, trend=0), ComponentForecastDTO(id=11, name=Внешний жёсткий диск Seagate, category=Накопитель, manufacture=Seagate, model=Backup Plus 4TB, price=230, forecast=0, trend=0), ComponentForecastDTO(id=15, name=Игровой монитор Xiaomi Redmi, category=Монитор, manufacture=Xiaomi Redmi, model=G24 A24FAA-RG, price=335, forecast=0, trend=0), ComponentForecastDTO(id=26, name=Внешний жесткий диск WD, category=Накопитель, manufacture=Western Digital, model=My Passport 4TB, price=120, forecast=3, trend=0), ComponentForecastDTO(id=25, name=Мышь Logitech, category=Компьютерная мышь, manufacture=Logitech, model=G502 HERO, price=50, forecast=20, trend=0), ComponentForecastDTO(id=20, name=Блок питания Seasonic, category=Блок питания, manufacture=Seasonic, model=Focus GX-750, price=120, forecast=0, trend=0), ComponentForecastDTO(id=28, name=Системный блок Thermaltake, category=Корпус, manufacture=Thermaltake, model=V200, price=100, forecast=4, trend=0), ComponentForecastDTO(id=13, name=Вентилятор Noctua, category=Система охлаждения, manufacture=Noctua, model=NF-A12x25 PWM, price=45, forecast=0, trend=0), ComponentForecastDTO(id=18, name=SSD Kingston, category=Накопитель, manufacture=Kingston, model=A2000 1TB, price=100, forecast=0, trend=0), ComponentForecastDTO(id=32, name=Внешний SSD Samsung, category=Накопитель, manufacture=Samsung, model=T7 1TB, price=150, forecast=4, trend=0), ComponentForecastDTO(id=21, name=Кулер Noctua, category=Система охлаждения, manufacture=Noctua, model=NH-D15, price=90, forecast=0, trend=0), ComponentForecastDTO(id=22, name=Материнская плата MSI, category=Материнская плата, manufacture=MSI, model=B550-A PRO, price=150, forecast=0, trend=0), ComponentForecastDTO(id=24, name=Клавиатура Razer, category=Клавиатура, manufacture=Razer, model=BlackWidow V3, price=130, forecast=0, trend=0), ComponentForecastDTO(id=29, name=Память G.Skill, category=Оперативная память, manufacture=G.Skill, model=Ripjaws V 32GB, price=150, forecast=6, trend=0), ComponentForecastDTO(id=23, name=Монитор LG, category=Монитор, manufacture=LG, model=UltraGear 27GN950, price=900, forecast=0, trend=0), ComponentForecastDTO(id=27, name=Кулер Arctic, category=Система охлаждения, manufacture=Arctic, model=Freezer 34 eSports DUO, price=70, forecast=5, trend=0), ComponentForecastDTO(id=31, name=Мышь Corsair, category=Компьютерная мышь, manufacture=Corsair, model=M65 RGB Elite, price=80, forecast=9, trend=0), ComponentForecastDTO(id=6, name=Оперативная память Corsair, category=Оперативная память, manufacture=Corsair, model=Vengeance LPX 16GB, price=116, forecast=0, trend=0), ComponentForecastDTO(id=12, name=Корпус NZXT, category=Корпус, manufacture=NZXT, model=H510 Elite, price=260, forecast=0, trend=0)]
2024-12-08T11:15:58.759+03:00  INFO 9204 --- [WMS] [http-nio-8080-exec-7] c.w.W.o.s.DemandAnalysisOrderService     : calculateTrends, threeMonth: [ComponentForecastDTO(id=19, name=Видеокарта ASUS, category=Видеокарта, manufacture=ASUS, model=ROG Strix RTX 3060, price=550, forecast=10, trend=0), ComponentForecastDTO(id=30, name=Клавиатура SteelSeries, category=Клавиатура, manufacture=SteelSeries, model=Apex 7, price=130, forecast=7, trend=0), ComponentForecastDTO(id=14, name=Материнская плата ASUS, category=Материнская плата, manufacture=ASUS, model=ROG Strix Z490-E, price=560, forecast=20, trend=0), ComponentForecastDTO(id=11, name=Внешний жёсткий диск Seagate, category=Накопитель, manufacture=Seagate, model=Backup Plus 4TB, price=230, forecast=30, trend=0), ComponentForecastDTO(id=15, name=Игровой монитор Xiaomi Redmi, category=Монитор, manufacture=Xiaomi Redmi, model=G24 A24FAA-RG, price=335, forecast=16, trend=0), ComponentForecastDTO(id=26, name=Внешний жесткий диск WD, category=Накопитель, manufacture=Western Digital, model=My Passport 4TB, price=120, forecast=3, trend=0), ComponentForecastDTO(id=25, name=Мышь Logitech, category=Компьютерная мышь, manufacture=Logitech, model=G502 HERO, price=50, forecast=20, trend=0), ComponentForecastDTO(id=20, name=Блок питания Seasonic, category=Блок питания, manufacture=Seasonic, model=Focus GX-750, price=120, forecast=8, trend=0), ComponentForecastDTO(id=28, name=Системный блок Thermaltake, category=Корпус, manufacture=Thermaltake, model=V200, price=100, forecast=4, trend=0), ComponentForecastDTO(id=13, name=Вентилятор Noctua, category=Система охлаждения, manufacture=Noctua, model=NF-A12x25 PWM, price=45, forecast=40, trend=0), ComponentForecastDTO(id=18, name=SSD Kingston, category=Накопитель, manufacture=Kingston, model=A2000 1TB, price=100, forecast=16, trend=0), ComponentForecastDTO(id=32, name=Внешний SSD Samsung, category=Накопитель, manufacture=Samsung, model=T7 1TB, price=150, forecast=4, trend=0), ComponentForecastDTO(id=21, name=Кулер Noctua, category=Система охлаждения, manufacture=Noctua, model=NH-D15, price=90, forecast=12, trend=0), ComponentForecastDTO(id=22, name=Материнская плата MSI, category=Материнская плата, manufacture=MSI, model=B550-A PRO, price=150, forecast=3, trend=0), ComponentForecastDTO(id=24, name=Клавиатура Razer, category=Клавиатура, manufacture=Razer, model=BlackWidow V3, price=130, forecast=9, trend=0), ComponentForecastDTO(id=29, name=Память G.Skill, category=Оперативная память, manufacture=G.Skill, model=Ripjaws V 32GB, price=150, forecast=6, trend=0), ComponentForecastDTO(id=23, name=Монитор LG, category=Монитор, manufacture=LG, model=UltraGear 27GN950, price=900, forecast=1, trend=0), ComponentForecastDTO(id=27, name=Кулер Arctic, category=Система охлаждения, manufacture=Arctic, model=Freezer 34 eSports DUO, price=70, forecast=5, trend=0), ComponentForecastDTO(id=31, name=Мышь Corsair, category=Компьютерная мышь, manufacture=Corsair, model=M65 RGB Elite, price=80, forecast=9, trend=0), ComponentForecastDTO(id=6, name=Оперативная память Corsair, category=Оперативная память, manufacture=Corsair, model=Vengeance LPX 16GB, price=116, forecast=24, trend=0), ComponentForecastDTO(id=12, name=Корпус NZXT, category=Корпус, manufacture=NZXT, model=H510 Elite, price=260, forecast=20, trend=0)]
2024-12-08T11:15:58.790+03:00  INFO 9204 --- [WMS] [http-nio-8080-exec-8] c.w.W.o.s.DemandAnalysisOrderService     : calculateTrends, oneMonth: [ComponentForecastDTO(id=19, name=Видеокарта ASUS, category=Видеокарта, manufacture=ASUS, model=ROG Strix RTX 3060, price=550, forecast=0, trend=0), ComponentForecastDTO(id=30, name=Клавиатура SteelSeries, category=Клавиатура, manufacture=SteelSeries, model=Apex 7, price=130, forecast=7, trend=0), ComponentForecastDTO(id=14, name=Материнская плата ASUS, category=Материнская плата, manufacture=ASUS, model=ROG Strix Z490-E, price=560, forecast=0, trend=0), ComponentForecastDTO(id=11, name=Внешний жёсткий диск Seagate, category=Накопитель, manufacture=Seagate, model=Backup Plus 4TB, price=230, forecast=0, trend=0), ComponentForecastDTO(id=15, name=Игровой монитор Xiaomi Redmi, category=Монитор, manufacture=Xiaomi Redmi, model=G24 A24FAA-RG, price=335, forecast=0, trend=0), ComponentForecastDTO(id=26, name=Внешний жесткий диск WD, category=Накопитель, manufacture=Western Digital, model=My Passport 4TB, price=120, forecast=3, trend=0), ComponentForecastDTO(id=25, name=Мышь Logitech, category=Компьютерная мышь, manufacture=Logitech, model=G502 HERO, price=50, forecast=20, trend=0), ComponentForecastDTO(id=20, name=Блок питания Seasonic, category=Блок питания, manufacture=Seasonic, model=Focus GX-750, price=120, forecast=0, trend=0), ComponentForecastDTO(id=28, name=Системный блок Thermaltake, category=Корпус, manufacture=Thermaltake, model=V200, price=100, forecast=4, trend=0), ComponentForecastDTO(id=13, name=Вентилятор Noctua, category=Система охлаждения, manufacture=Noctua, model=NF-A12x25 PWM, price=45, forecast=0, trend=0), ComponentForecastDTO(id=18, name=SSD Kingston, category=Накопитель, manufacture=Kingston, model=A2000 1TB, price=100, forecast=0, trend=0), ComponentForecastDTO(id=32, name=Внешний SSD Samsung, category=Накопитель, manufacture=Samsung, model=T7 1TB, price=150, forecast=4, trend=0), ComponentForecastDTO(id=21, name=Кулер Noctua, category=Система охлаждения, manufacture=Noctua, model=NH-D15, price=90, forecast=0, trend=0), ComponentForecastDTO(id=22, name=Материнская плата MSI, category=Материнская плата, manufacture=MSI, model=B550-A PRO, price=150, forecast=0, trend=0), ComponentForecastDTO(id=24, name=Клавиатура Razer, category=Клавиатура, manufacture=Razer, model=BlackWidow V3, price=130, forecast=0, trend=0), ComponentForecastDTO(id=29, name=Память G.Skill, category=Оперативная память, manufacture=G.Skill, model=Ripjaws V 32GB, price=150, forecast=6, trend=0), ComponentForecastDTO(id=23, name=Монитор LG, category=Монитор, manufacture=LG, model=UltraGear 27GN950, price=900, forecast=0, trend=0), ComponentForecastDTO(id=27, name=Кулер Arctic, category=Система охлаждения, manufacture=Arctic, model=Freezer 34 eSports DUO, price=70, forecast=5, trend=0), ComponentForecastDTO(id=31, name=Мышь Corsair, category=Компьютерная мышь, manufacture=Corsair, model=M65 RGB Elite, price=80, forecast=9, trend=0), ComponentForecastDTO(id=6, name=Оперативная память Corsair, category=Оперативная память, manufacture=Corsair, model=Vengeance LPX 16GB, price=116, forecast=0, trend=0), ComponentForecastDTO(id=12, name=Корпус NZXT, category=Корпус, manufacture=NZXT, model=H510 Elite, price=260, forecast=0, trend=0)]
2024-12-08T11:15:58.791+03:00  INFO 9204 --- [WMS] [http-nio-8080-exec-8] c.w.W.o.s.DemandAnalysisOrderService     : calculateTrends, threeMonth: [ComponentForecastDTO(id=19, name=Видеокарта ASUS, category=Видеокарта, manufacture=ASUS, model=ROG Strix RTX 3060, price=550, forecast=10, trend=0), ComponentForecastDTO(id=30, name=Клавиатура SteelSeries, category=Клавиатура, manufacture=SteelSeries, model=Apex 7, price=130, forecast=7, trend=0), ComponentForecastDTO(id=14, name=Материнская плата ASUS, category=Материнская плата, manufacture=ASUS, model=ROG Strix Z490-E, price=560, forecast=20, trend=0), ComponentForecastDTO(id=11, name=Внешний жёсткий диск Seagate, category=Накопитель, manufacture=Seagate, model=Backup Plus 4TB, price=230, forecast=30, trend=0), ComponentForecastDTO(id=15, name=Игровой монитор Xiaomi Redmi, category=Монитор, manufacture=Xiaomi Redmi, model=G24 A24FAA-RG, price=335, forecast=16, trend=0), ComponentForecastDTO(id=26, name=Внешний жесткий диск WD, category=Накопитель, manufacture=Western Digital, model=My Passport 4TB, price=120, forecast=3, trend=0), ComponentForecastDTO(id=25, name=Мышь Logitech, category=Компьютерная мышь, manufacture=Logitech, model=G502 HERO, price=50, forecast=20, trend=0), ComponentForecastDTO(id=20, name=Блок питания Seasonic, category=Блок питания, manufacture=Seasonic, model=Focus GX-750, price=120, forecast=8, trend=0), ComponentForecastDTO(id=28, name=Системный блок Thermaltake, category=Корпус, manufacture=Thermaltake, model=V200, price=100, forecast=4, trend=0), ComponentForecastDTO(id=13, name=Вентилятор Noctua, category=Система охлаждения, manufacture=Noctua, model=NF-A12x25 PWM, price=45, forecast=40, trend=0), ComponentForecastDTO(id=18, name=SSD Kingston, category=Накопитель, manufacture=Kingston, model=A2000 1TB, price=100, forecast=16, trend=0), ComponentForecastDTO(id=32, name=Внешний SSD Samsung, category=Накопитель, manufacture=Samsung, model=T7 1TB, price=150, forecast=4, trend=0), ComponentForecastDTO(id=21, name=Кулер Noctua, category=Система охлаждения, manufacture=Noctua, model=NH-D15, price=90, forecast=12, trend=0), ComponentForecastDTO(id=22, name=Материнская плата MSI, category=Материнская плата, manufacture=MSI, model=B550-A PRO, price=150, forecast=3, trend=0), ComponentForecastDTO(id=24, name=Клавиатура Razer, category=Клавиатура, manufacture=Razer, model=BlackWidow V3, price=130, forecast=9, trend=0), ComponentForecastDTO(id=29, name=Память G.Skill, category=Оперативная память, manufacture=G.Skill, model=Ripjaws V 32GB, price=150, forecast=6, trend=0), ComponentForecastDTO(id=23, name=Монитор LG, category=Монитор, manufacture=LG, model=UltraGear 27GN950, price=900, forecast=1, trend=0), ComponentForecastDTO(id=27, name=Кулер Arctic, category=Система охлаждения, manufacture=Arctic, model=Freezer 34 eSports DUO, price=70, forecast=5, trend=0), ComponentForecastDTO(id=31, name=Мышь Corsair, category=Компьютерная мышь, manufacture=Corsair, model=M65 RGB Elite, price=80, forecast=9, trend=0), ComponentForecastDTO(id=6, name=Оперативная память Corsair, category=Оперативная память, manufacture=Corsair, model=Vengeance LPX 16GB, price=116, forecast=24, trend=0), ComponentForecastDTO(id=12, name=Корпус NZXT, category=Корпус, manufacture=NZXT, model=H510 Elite, price=260, forecast=20, trend=0)]
2024-12-08T11:17:09.240+03:00  INFO 9204 --- [WMS] [http-nio-8080-exec-1] c.w.W.o.s.GetOrdersByStatusService       : Преобразование статуса В исполнении в id
2024-12-08T11:17:09.240+03:00  INFO 9204 --- [WMS] [http-nio-8080-exec-1] c.w.W.o.s.GetOrdersByStatusService       : Получение заказов со статутсом id 2
2024-12-08T11:17:09.251+03:00  INFO 9204 --- [WMS] [http-nio-8080-exec-2] c.w.W.o.s.GetOrdersByStatusService       : Преобразование статуса В исполнении в id
2024-12-08T11:17:09.251+03:00  INFO 9204 --- [WMS] [http-nio-8080-exec-2] c.w.W.o.s.GetOrdersByStatusService       : Получение заказов со статутсом id 2
2024-12-08T11:17:09.253+03:00  INFO 9204 --- [WMS] [http-nio-8080-exec-3] c.w.W.o.s.GetOrdersByStatusService       : Преобразование статуса Готовится к отправке в id
2024-12-08T11:17:09.253+03:00  INFO 9204 --- [WMS] [http-nio-8080-exec-3] c.w.W.o.s.GetOrdersByStatusService       : Получение заказов со статутсом id 4
2024-12-08T11:17:09.284+03:00  INFO 9204 --- [WMS] [http-nio-8080-exec-4] c.w.W.o.s.GetOrdersByStatusService       : Преобразование статуса Готовится к отправке в id
2024-12-08T11:17:09.284+03:00  INFO 9204 --- [WMS] [http-nio-8080-exec-4] c.w.W.o.s.GetOrdersByStatusService       : Получение заказов со статутсом id 4
2024-12-08T11:17:14.199+03:00  INFO 9204 --- [WMS] [http-nio-8080-exec-7] c.w.W.o.s.GetOrdersByStatusService       : Преобразование статуса В исполнении в id
2024-12-08T11:17:14.199+03:00  INFO 9204 --- [WMS] [http-nio-8080-exec-7] c.w.W.o.s.GetOrdersByStatusService       : Получение заказов со статутсом id 2
2024-12-08T11:17:14.206+03:00  INFO 9204 --- [WMS] [http-nio-8080-exec-8] c.w.W.o.s.GetOrdersByStatusService       : Преобразование статуса Готовится к отправке в id
2024-12-08T11:17:14.206+03:00  INFO 9204 --- [WMS] [http-nio-8080-exec-8] c.w.W.o.s.GetOrdersByStatusService       : Получение заказов со статутсом id 4
2024-12-08T11:17:15.754+03:00  INFO 9204 --- [WMS] [http-nio-8080-exec-1] c.w.W.o.s.GetOrdersByStatusService       : Преобразование статуса В исполнении в id
2024-12-08T11:17:15.754+03:00  INFO 9204 --- [WMS] [http-nio-8080-exec-1] c.w.W.o.s.GetOrdersByStatusService       : Получение заказов со статутсом id 2
2024-12-08T11:17:15.760+03:00  INFO 9204 --- [WMS] [http-nio-8080-exec-2] c.w.W.o.s.GetOrdersByStatusService       : Преобразование статуса Готовится к отправке в id
2024-12-08T11:17:15.760+03:00  INFO 9204 --- [WMS] [http-nio-8080-exec-2] c.w.W.o.s.GetOrdersByStatusService       : Получение заказов со статутсом id 4
2024-12-08T11:17:16.200+03:00  INFO 9204 --- [WMS] [http-nio-8080-exec-5] c.w.W.o.s.GetOrdersByStatusService       : Преобразование статуса В исполнении в id
2024-12-08T11:17:16.200+03:00  INFO 9204 --- [WMS] [http-nio-8080-exec-5] c.w.W.o.s.GetOrdersByStatusService       : Получение заказов со статутсом id 2
2024-12-08T11:17:16.206+03:00  INFO 9204 --- [WMS] [http-nio-8080-exec-6] c.w.W.o.s.GetOrdersByStatusService       : Преобразование статуса Готовится к отправке в id
2024-12-08T11:17:16.206+03:00  INFO 9204 --- [WMS] [http-nio-8080-exec-6] c.w.W.o.s.GetOrdersByStatusService       : Получение заказов со статутсом id 4
2024-12-08T11:17:16.636+03:00  INFO 9204 --- [WMS] [http-nio-8080-exec-9] c.w.W.o.s.GetOrdersByStatusService       : Преобразование статуса В исполнении в id
2024-12-08T11:17:16.637+03:00  INFO 9204 --- [WMS] [http-nio-8080-exec-9] c.w.W.o.s.GetOrdersByStatusService       : Получение заказов со статутсом id 2
2024-12-08T11:17:16.642+03:00  INFO 9204 --- [WMS] [http-nio-8080-exec-10] c.w.W.o.s.GetOrdersByStatusService       : Преобразование статуса Готовится к отправке в id
2024-12-08T11:17:16.642+03:00  INFO 9204 --- [WMS] [http-nio-8080-exec-10] c.w.W.o.s.GetOrdersByStatusService       : Получение заказов со статутсом id 4
2024-12-08T11:17:17.067+03:00  INFO 9204 --- [WMS] [http-nio-8080-exec-3] c.w.W.o.s.GetOrdersByStatusService       : Преобразование статуса В исполнении в id
2024-12-08T11:17:17.067+03:00  INFO 9204 --- [WMS] [http-nio-8080-exec-3] c.w.W.o.s.GetOrdersByStatusService       : Получение заказов со статутсом id 2
2024-12-08T11:17:17.073+03:00  INFO 9204 --- [WMS] [http-nio-8080-exec-4] c.w.W.o.s.GetOrdersByStatusService       : Преобразование статуса Готовится к отправке в id
2024-12-08T11:17:17.073+03:00  INFO 9204 --- [WMS] [http-nio-8080-exec-4] c.w.W.o.s.GetOrdersByStatusService       : Получение заказов со статутсом id 4
2024-12-08T11:17:20.943+03:00  INFO 9204 --- [WMS] [http-nio-8080-exec-7] c.w.W.o.s.GetOrdersByStatusService       : Преобразование статуса В исполнении в id
2024-12-08T11:17:20.943+03:00  INFO 9204 --- [WMS] [http-nio-8080-exec-7] c.w.W.o.s.GetOrdersByStatusService       : Получение заказов со статутсом id 2
2024-12-08T11:17:20.949+03:00  INFO 9204 --- [WMS] [http-nio-8080-exec-8] c.w.W.o.s.GetOrdersByStatusService       : Преобразование статуса Готовится к отправке в id
2024-12-08T11:17:20.949+03:00  INFO 9204 --- [WMS] [http-nio-8080-exec-8] c.w.W.o.s.GetOrdersByStatusService       : Получение заказов со статутсом id 4
2024-12-08T11:17:21.583+03:00  INFO 9204 --- [WMS] [http-nio-8080-exec-1] c.w.W.o.s.GetOrdersByStatusService       : Преобразование статуса В исполнении в id
2024-12-08T11:17:21.583+03:00  INFO 9204 --- [WMS] [http-nio-8080-exec-1] c.w.W.o.s.GetOrdersByStatusService       : Получение заказов со статутсом id 2
2024-12-08T11:17:21.589+03:00  INFO 9204 --- [WMS] [http-nio-8080-exec-2] c.w.W.o.s.GetOrdersByStatusService       : Преобразование статуса Готовится к отправке в id
2024-12-08T11:17:21.589+03:00  INFO 9204 --- [WMS] [http-nio-8080-exec-2] c.w.W.o.s.GetOrdersByStatusService       : Получение заказов со статутсом id 4
2024-12-08T11:17:22.145+03:00  INFO 9204 --- [WMS] [http-nio-8080-exec-5] c.w.W.o.s.GetOrdersByStatusService       : Преобразование статуса В исполнении в id
2024-12-08T11:17:22.145+03:00  INFO 9204 --- [WMS] [http-nio-8080-exec-5] c.w.W.o.s.GetOrdersByStatusService       : Получение заказов со статутсом id 2
2024-12-08T11:17:22.151+03:00  INFO 9204 --- [WMS] [http-nio-8080-exec-6] c.w.W.o.s.GetOrdersByStatusService       : Преобразование статуса Готовится к отправке в id
2024-12-08T11:17:22.151+03:00  INFO 9204 --- [WMS] [http-nio-8080-exec-6] c.w.W.o.s.GetOrdersByStatusService       : Получение заказов со статутсом id 4
2024-12-08T11:17:22.731+03:00  INFO 9204 --- [WMS] [http-nio-8080-exec-9] c.w.W.o.s.GetOrdersByStatusService       : Преобразование статуса В исполнении в id
2024-12-08T11:17:22.731+03:00  INFO 9204 --- [WMS] [http-nio-8080-exec-9] c.w.W.o.s.GetOrdersByStatusService       : Получение заказов со статутсом id 2
2024-12-08T11:17:22.738+03:00  INFO 9204 --- [WMS] [http-nio-8080-exec-10] c.w.W.o.s.GetOrdersByStatusService       : Преобразование статуса Готовится к отправке в id
2024-12-08T11:17:22.739+03:00  INFO 9204 --- [WMS] [http-nio-8080-exec-10] c.w.W.o.s.GetOrdersByStatusService       : Получение заказов со статутсом id 4
2024-12-08T11:17:23.214+03:00  INFO 9204 --- [WMS] [http-nio-8080-exec-3] c.w.W.o.s.GetOrdersByStatusService       : Преобразование статуса В исполнении в id
2024-12-08T11:17:23.214+03:00  INFO 9204 --- [WMS] [http-nio-8080-exec-3] c.w.W.o.s.GetOrdersByStatusService       : Получение заказов со статутсом id 2
2024-12-08T11:17:23.219+03:00  INFO 9204 --- [WMS] [http-nio-8080-exec-4] c.w.W.o.s.GetOrdersByStatusService       : Преобразование статуса Готовится к отправке в id
2024-12-08T11:17:23.219+03:00  INFO 9204 --- [WMS] [http-nio-8080-exec-4] c.w.W.o.s.GetOrdersByStatusService       : Получение заказов со статутсом id 4
2024-12-08T11:17:23.854+03:00  INFO 9204 --- [WMS] [http-nio-8080-exec-7] c.w.W.o.s.GetOrdersByStatusService       : Преобразование статуса В исполнении в id
2024-12-08T11:17:23.854+03:00  INFO 9204 --- [WMS] [http-nio-8080-exec-7] c.w.W.o.s.GetOrdersByStatusService       : Получение заказов со статутсом id 2
2024-12-08T11:17:23.860+03:00  INFO 9204 --- [WMS] [http-nio-8080-exec-8] c.w.W.o.s.GetOrdersByStatusService       : Преобразование статуса Готовится к отправке в id
2024-12-08T11:17:23.860+03:00  INFO 9204 --- [WMS] [http-nio-8080-exec-8] c.w.W.o.s.GetOrdersByStatusService       : Получение заказов со статутсом id 4
2024-12-08T11:17:24.203+03:00  INFO 9204 --- [WMS] [http-nio-8080-exec-1] c.w.W.o.s.GetOrdersByStatusService       : Преобразование статуса В исполнении в id
2024-12-08T11:17:24.203+03:00  INFO 9204 --- [WMS] [http-nio-8080-exec-1] c.w.W.o.s.GetOrdersByStatusService       : Получение заказов со статутсом id 2
2024-12-08T11:17:24.208+03:00  INFO 9204 --- [WMS] [http-nio-8080-exec-2] c.w.W.o.s.GetOrdersByStatusService       : Преобразование статуса Готовится к отправке в id
2024-12-08T11:17:24.208+03:00  INFO 9204 --- [WMS] [http-nio-8080-exec-2] c.w.W.o.s.GetOrdersByStatusService       : Получение заказов со статутсом id 4
2024-12-08T11:17:25.015+03:00  INFO 9204 --- [WMS] [http-nio-8080-exec-5] c.w.W.o.s.GetOrdersByStatusService       : Преобразование статуса В исполнении в id
2024-12-08T11:17:25.015+03:00  INFO 9204 --- [WMS] [http-nio-8080-exec-5] c.w.W.o.s.GetOrdersByStatusService       : Получение заказов со статутсом id 2
2024-12-08T11:17:25.020+03:00  INFO 9204 --- [WMS] [http-nio-8080-exec-6] c.w.W.o.s.GetOrdersByStatusService       : Преобразование статуса Готовится к отправке в id
2024-12-08T11:17:25.020+03:00  INFO 9204 --- [WMS] [http-nio-8080-exec-6] c.w.W.o.s.GetOrdersByStatusService       : Получение заказов со статутсом id 4
2024-12-08T11:17:25.353+03:00  INFO 9204 --- [WMS] [http-nio-8080-exec-9] c.w.W.o.s.GetOrdersByStatusService       : Преобразование статуса В исполнении в id
2024-12-08T11:17:25.353+03:00  INFO 9204 --- [WMS] [http-nio-8080-exec-9] c.w.W.o.s.GetOrdersByStatusService       : Получение заказов со статутсом id 2
2024-12-08T11:17:25.358+03:00  INFO 9204 --- [WMS] [http-nio-8080-exec-10] c.w.W.o.s.GetOrdersByStatusService       : Преобразование статуса Готовится к отправке в id
2024-12-08T11:17:25.358+03:00  INFO 9204 --- [WMS] [http-nio-8080-exec-10] c.w.W.o.s.GetOrdersByStatusService       : Получение заказов со статутсом id 4
2024-12-08T11:17:25.721+03:00  INFO 9204 --- [WMS] [http-nio-8080-exec-3] c.w.W.o.s.GetOrdersByStatusService       : Преобразование статуса В исполнении в id
2024-12-08T11:17:25.722+03:00  INFO 9204 --- [WMS] [http-nio-8080-exec-3] c.w.W.o.s.GetOrdersByStatusService       : Получение заказов со статутсом id 2
2024-12-08T11:17:25.726+03:00  INFO 9204 --- [WMS] [http-nio-8080-exec-4] c.w.W.o.s.GetOrdersByStatusService       : Преобразование статуса Готовится к отправке в id
2024-12-08T11:17:25.727+03:00  INFO 9204 --- [WMS] [http-nio-8080-exec-4] c.w.W.o.s.GetOrdersByStatusService       : Получение заказов со статутсом id 4
2024-12-08T11:17:26.140+03:00  INFO 9204 --- [WMS] [http-nio-8080-exec-7] c.w.W.o.s.GetOrdersByStatusService       : Преобразование статуса В исполнении в id
2024-12-08T11:17:26.140+03:00  INFO 9204 --- [WMS] [http-nio-8080-exec-7] c.w.W.o.s.GetOrdersByStatusService       : Получение заказов со статутсом id 2
2024-12-08T11:17:26.145+03:00  INFO 9204 --- [WMS] [http-nio-8080-exec-8] c.w.W.o.s.GetOrdersByStatusService       : Преобразование статуса Готовится к отправке в id
2024-12-08T11:17:26.145+03:00  INFO 9204 --- [WMS] [http-nio-8080-exec-8] c.w.W.o.s.GetOrdersByStatusService       : Получение заказов со статутсом id 4
2024-12-08T11:17:28.101+03:00  INFO 9204 --- [WMS] [http-nio-8080-exec-9] c.w.W.o.s.DemandAnalysisOrderService     : calculateTrends, oneMonth: [ComponentForecastDTO(id=19, name=Видеокарта ASUS, category=Видеокарта, manufacture=ASUS, model=ROG Strix RTX 3060, price=550, forecast=0, trend=0), ComponentForecastDTO(id=30, name=Клавиатура SteelSeries, category=Клавиатура, manufacture=SteelSeries, model=Apex 7, price=130, forecast=7, trend=0), ComponentForecastDTO(id=14, name=Материнская плата ASUS, category=Материнская плата, manufacture=ASUS, model=ROG Strix Z490-E, price=560, forecast=0, trend=0), ComponentForecastDTO(id=11, name=Внешний жёсткий диск Seagate, category=Накопитель, manufacture=Seagate, model=Backup Plus 4TB, price=230, forecast=0, trend=0), ComponentForecastDTO(id=15, name=Игровой монитор Xiaomi Redmi, category=Монитор, manufacture=Xiaomi Redmi, model=G24 A24FAA-RG, price=335, forecast=0, trend=0), ComponentForecastDTO(id=26, name=Внешний жесткий диск WD, category=Накопитель, manufacture=Western Digital, model=My Passport 4TB, price=120, forecast=3, trend=0), ComponentForecastDTO(id=25, name=Мышь Logitech, category=Компьютерная мышь, manufacture=Logitech, model=G502 HERO, price=50, forecast=20, trend=0), ComponentForecastDTO(id=20, name=Блок питания Seasonic, category=Блок питания, manufacture=Seasonic, model=Focus GX-750, price=120, forecast=0, trend=0), ComponentForecastDTO(id=28, name=Системный блок Thermaltake, category=Корпус, manufacture=Thermaltake, model=V200, price=100, forecast=4, trend=0), ComponentForecastDTO(id=13, name=Вентилятор Noctua, category=Система охлаждения, manufacture=Noctua, model=NF-A12x25 PWM, price=45, forecast=0, trend=0), ComponentForecastDTO(id=18, name=SSD Kingston, category=Накопитель, manufacture=Kingston, model=A2000 1TB, price=100, forecast=0, trend=0), ComponentForecastDTO(id=32, name=Внешний SSD Samsung, category=Накопитель, manufacture=Samsung, model=T7 1TB, price=150, forecast=4, trend=0), ComponentForecastDTO(id=21, name=Кулер Noctua, category=Система охлаждения, manufacture=Noctua, model=NH-D15, price=90, forecast=0, trend=0), ComponentForecastDTO(id=22, name=Материнская плата MSI, category=Материнская плата, manufacture=MSI, model=B550-A PRO, price=150, forecast=0, trend=0), ComponentForecastDTO(id=24, name=Клавиатура Razer, category=Клавиатура, manufacture=Razer, model=BlackWidow V3, price=130, forecast=0, trend=0), ComponentForecastDTO(id=29, name=Память G.Skill, category=Оперативная память, manufacture=G.Skill, model=Ripjaws V 32GB, price=150, forecast=6, trend=0), ComponentForecastDTO(id=23, name=Монитор LG, category=Монитор, manufacture=LG, model=UltraGear 27GN950, price=900, forecast=0, trend=0), ComponentForecastDTO(id=27, name=Кулер Arctic, category=Система охлаждения, manufacture=Arctic, model=Freezer 34 eSports DUO, price=70, forecast=5, trend=0), ComponentForecastDTO(id=31, name=Мышь Corsair, category=Компьютерная мышь, manufacture=Corsair, model=M65 RGB Elite, price=80, forecast=9, trend=0), ComponentForecastDTO(id=6, name=Оперативная память Corsair, category=Оперативная память, manufacture=Corsair, model=Vengeance LPX 16GB, price=116, forecast=0, trend=0), ComponentForecastDTO(id=12, name=Корпус NZXT, category=Корпус, manufacture=NZXT, model=H510 Elite, price=260, forecast=0, trend=0)]
2024-12-08T11:17:28.101+03:00  INFO 9204 --- [WMS] [http-nio-8080-exec-9] c.w.W.o.s.DemandAnalysisOrderService     : calculateTrends, threeMonth: [ComponentForecastDTO(id=19, name=Видеокарта ASUS, category=Видеокарта, manufacture=ASUS, model=ROG Strix RTX 3060, price=550, forecast=5, trend=0), ComponentForecastDTO(id=30, name=Клавиатура SteelSeries, category=Клавиатура, manufacture=SteelSeries, model=Apex 7, price=130, forecast=7, trend=0), ComponentForecastDTO(id=14, name=Материнская плата ASUS, category=Материнская плата, manufacture=ASUS, model=ROG Strix Z490-E, price=560, forecast=10, trend=0), ComponentForecastDTO(id=11, name=Внешний жёсткий диск Seagate, category=Накопитель, manufacture=Seagate, model=Backup Plus 4TB, price=230, forecast=15, trend=0), ComponentForecastDTO(id=15, name=Игровой монитор Xiaomi Redmi, category=Монитор, manufacture=Xiaomi Redmi, model=G24 A24FAA-RG, price=335, forecast=8, trend=0), ComponentForecastDTO(id=26, name=Внешний жесткий диск WD, category=Накопитель, manufacture=Western Digital, model=My Passport 4TB, price=120, forecast=3, trend=0), ComponentForecastDTO(id=25, name=Мышь Logitech, category=Компьютерная мышь, manufacture=Logitech, model=G502 HERO, price=50, forecast=20, trend=0), ComponentForecastDTO(id=20, name=Блок питания Seasonic, category=Блок питания, manufacture=Seasonic, model=Focus GX-750, price=120, forecast=4, trend=0), ComponentForecastDTO(id=28, name=Системный блок Thermaltake, category=Корпус, manufacture=Thermaltake, model=V200, price=100, forecast=4, trend=0), ComponentForecastDTO(id=13, name=Вентилятор Noctua, category=Система охлаждения, manufacture=Noctua, model=NF-A12x25 PWM, price=45, forecast=20, trend=0), ComponentForecastDTO(id=18, name=SSD Kingston, category=Накопитель, manufacture=Kingston, model=A2000 1TB, price=100, forecast=8, trend=0), ComponentForecastDTO(id=32, name=Внешний SSD Samsung, category=Накопитель, manufacture=Samsung, model=T7 1TB, price=150, forecast=4, trend=0), ComponentForecastDTO(id=21, name=Кулер Noctua, category=Система охлаждения, manufacture=Noctua, model=NH-D15, price=90, forecast=6, trend=0), ComponentForecastDTO(id=22, name=Материнская плата MSI, category=Материнская плата, manufacture=MSI, model=B550-A PRO, price=150, forecast=3, trend=0), ComponentForecastDTO(id=24, name=Клавиатура Razer, category=Клавиатура, manufacture=Razer, model=BlackWidow V3, price=130, forecast=9, trend=0), ComponentForecastDTO(id=29, name=Память G.Skill, category=Оперативная память, manufacture=G.Skill, model=Ripjaws V 32GB, price=150, forecast=6, trend=0), ComponentForecastDTO(id=23, name=Монитор LG, category=Монитор, manufacture=LG, model=UltraGear 27GN950, price=900, forecast=1, trend=0), ComponentForecastDTO(id=27, name=Кулер Arctic, category=Система охлаждения, manufacture=Arctic, model=Freezer 34 eSports DUO, price=70, forecast=5, trend=0), ComponentForecastDTO(id=31, name=Мышь Corsair, category=Компьютерная мышь, manufacture=Corsair, model=M65 RGB Elite, price=80, forecast=9, trend=0), ComponentForecastDTO(id=6, name=Оперативная память Corsair, category=Оперативная память, manufacture=Corsair, model=Vengeance LPX 16GB, price=116, forecast=12, trend=0), ComponentForecastDTO(id=12, name=Корпус NZXT, category=Корпус, manufacture=NZXT, model=H510 Elite, price=260, forecast=10, trend=0)]
2024-12-08T11:17:28.133+03:00  INFO 9204 --- [WMS] [http-nio-8080-exec-10] c.w.W.o.s.DemandAnalysisOrderService     : calculateTrends, oneMonth: [ComponentForecastDTO(id=19, name=Видеокарта ASUS, category=Видеокарта, manufacture=ASUS, model=ROG Strix RTX 3060, price=550, forecast=0, trend=0), ComponentForecastDTO(id=30, name=Клавиатура SteelSeries, category=Клавиатура, manufacture=SteelSeries, model=Apex 7, price=130, forecast=7, trend=0), ComponentForecastDTO(id=14, name=Материнская плата ASUS, category=Материнская плата, manufacture=ASUS, model=ROG Strix Z490-E, price=560, forecast=0, trend=0), ComponentForecastDTO(id=11, name=Внешний жёсткий диск Seagate, category=Накопитель, manufacture=Seagate, model=Backup Plus 4TB, price=230, forecast=0, trend=0), ComponentForecastDTO(id=15, name=Игровой монитор Xiaomi Redmi, category=Монитор, manufacture=Xiaomi Redmi, model=G24 A24FAA-RG, price=335, forecast=0, trend=0), ComponentForecastDTO(id=26, name=Внешний жесткий диск WD, category=Накопитель, manufacture=Western Digital, model=My Passport 4TB, price=120, forecast=3, trend=0), ComponentForecastDTO(id=25, name=Мышь Logitech, category=Компьютерная мышь, manufacture=Logitech, model=G502 HERO, price=50, forecast=20, trend=0), ComponentForecastDTO(id=20, name=Блок питания Seasonic, category=Блок питания, manufacture=Seasonic, model=Focus GX-750, price=120, forecast=0, trend=0), ComponentForecastDTO(id=28, name=Системный блок Thermaltake, category=Корпус, manufacture=Thermaltake, model=V200, price=100, forecast=4, trend=0), ComponentForecastDTO(id=13, name=Вентилятор Noctua, category=Система охлаждения, manufacture=Noctua, model=NF-A12x25 PWM, price=45, forecast=0, trend=0), ComponentForecastDTO(id=18, name=SSD Kingston, category=Накопитель, manufacture=Kingston, model=A2000 1TB, price=100, forecast=0, trend=0), ComponentForecastDTO(id=32, name=Внешний SSD Samsung, category=Накопитель, manufacture=Samsung, model=T7 1TB, price=150, forecast=4, trend=0), ComponentForecastDTO(id=21, name=Кулер Noctua, category=Система охлаждения, manufacture=Noctua, model=NH-D15, price=90, forecast=0, trend=0), ComponentForecastDTO(id=22, name=Материнская плата MSI, category=Материнская плата, manufacture=MSI, model=B550-A PRO, price=150, forecast=0, trend=0), ComponentForecastDTO(id=24, name=Клавиатура Razer, category=Клавиатура, manufacture=Razer, model=BlackWidow V3, price=130, forecast=0, trend=0), ComponentForecastDTO(id=29, name=Память G.Skill, category=Оперативная память, manufacture=G.Skill, model=Ripjaws V 32GB, price=150, forecast=6, trend=0), ComponentForecastDTO(id=23, name=Монитор LG, category=Монитор, manufacture=LG, model=UltraGear 27GN950, price=900, forecast=0, trend=0), ComponentForecastDTO(id=27, name=Кулер Arctic, category=Система охлаждения, manufacture=Arctic, model=Freezer 34 eSports DUO, price=70, forecast=5, trend=0), ComponentForecastDTO(id=31, name=Мышь Corsair, category=Компьютерная мышь, manufacture=Corsair, model=M65 RGB Elite, price=80, forecast=9, trend=0), ComponentForecastDTO(id=6, name=Оперативная память Corsair, category=Оперативная память, manufacture=Corsair, model=Vengeance LPX 16GB, price=116, forecast=0, trend=0), ComponentForecastDTO(id=12, name=Корпус NZXT, category=Корпус, manufacture=NZXT, model=H510 Elite, price=260, forecast=0, trend=0)]
2024-12-08T11:17:28.133+03:00  INFO 9204 --- [WMS] [http-nio-8080-exec-10] c.w.W.o.s.DemandAnalysisOrderService     : calculateTrends, threeMonth: [ComponentForecastDTO(id=19, name=Видеокарта ASUS, category=Видеокарта, manufacture=ASUS, model=ROG Strix RTX 3060, price=550, forecast=5, trend=0), ComponentForecastDTO(id=30, name=Клавиатура SteelSeries, category=Клавиатура, manufacture=SteelSeries, model=Apex 7, price=130, forecast=7, trend=0), ComponentForecastDTO(id=14, name=Материнская плата ASUS, category=Материнская плата, manufacture=ASUS, model=ROG Strix Z490-E, price=560, forecast=10, trend=0), ComponentForecastDTO(id=11, name=Внешний жёсткий диск Seagate, category=Накопитель, manufacture=Seagate, model=Backup Plus 4TB, price=230, forecast=15, trend=0), ComponentForecastDTO(id=15, name=Игровой монитор Xiaomi Redmi, category=Монитор, manufacture=Xiaomi Redmi, model=G24 A24FAA-RG, price=335, forecast=8, trend=0), ComponentForecastDTO(id=26, name=Внешний жесткий диск WD, category=Накопитель, manufacture=Western Digital, model=My Passport 4TB, price=120, forecast=3, trend=0), ComponentForecastDTO(id=25, name=Мышь Logitech, category=Компьютерная мышь, manufacture=Logitech, model=G502 HERO, price=50, forecast=20, trend=0), ComponentForecastDTO(id=20, name=Блок питания Seasonic, category=Блок питания, manufacture=Seasonic, model=Focus GX-750, price=120, forecast=4, trend=0), ComponentForecastDTO(id=28, name=Системный блок Thermaltake, category=Корпус, manufacture=Thermaltake, model=V200, price=100, forecast=4, trend=0), ComponentForecastDTO(id=13, name=Вентилятор Noctua, category=Система охлаждения, manufacture=Noctua, model=NF-A12x25 PWM, price=45, forecast=20, trend=0), ComponentForecastDTO(id=18, name=SSD Kingston, category=Накопитель, manufacture=Kingston, model=A2000 1TB, price=100, forecast=8, trend=0), ComponentForecastDTO(id=32, name=Внешний SSD Samsung, category=Накопитель, manufacture=Samsung, model=T7 1TB, price=150, forecast=4, trend=0), ComponentForecastDTO(id=21, name=Кулер Noctua, category=Система охлаждения, manufacture=Noctua, model=NH-D15, price=90, forecast=6, trend=0), ComponentForecastDTO(id=22, name=Материнская плата MSI, category=Материнская плата, manufacture=MSI, model=B550-A PRO, price=150, forecast=3, trend=0), ComponentForecastDTO(id=24, name=Клавиатура Razer, category=Клавиатура, manufacture=Razer, model=BlackWidow V3, price=130, forecast=9, trend=0), ComponentForecastDTO(id=29, name=Память G.Skill, category=Оперативная память, manufacture=G.Skill, model=Ripjaws V 32GB, price=150, forecast=6, trend=0), ComponentForecastDTO(id=23, name=Монитор LG, category=Монитор, manufacture=LG, model=UltraGear 27GN950, price=900, forecast=1, trend=0), ComponentForecastDTO(id=27, name=Кулер Arctic, category=Система охлаждения, manufacture=Arctic, model=Freezer 34 eSports DUO, price=70, forecast=5, trend=0), ComponentForecastDTO(id=31, name=Мышь Corsair, category=Компьютерная мышь, manufacture=Corsair, model=M65 RGB Elite, price=80, forecast=9, trend=0), ComponentForecastDTO(id=6, name=Оперативная память Corsair, category=Оперативная память, manufacture=Corsair, model=Vengeance LPX 16GB, price=116, forecast=12, trend=0), ComponentForecastDTO(id=12, name=Корпус NZXT, category=Корпус, manufacture=NZXT, model=H510 Elite, price=260, forecast=10, trend=0)]
2024-12-08T11:18:01.451+03:00  INFO 9204 --- [WMS] [http-nio-8080-exec-1] c.w.W.o.s.GetOrdersByStatusService       : Преобразование статуса Завершен в id
2024-12-08T11:18:01.451+03:00  INFO 9204 --- [WMS] [http-nio-8080-exec-1] c.w.W.o.s.GetOrdersByStatusService       : Получение заказов со статутсом id 5
2024-12-08T11:26:56.092+03:00  INFO 9204 --- [WMS] [SpringApplicationShutdownHook] j.LocalContainerEntityManagerFactoryBean : Closing JPA EntityManagerFactory for persistence unit 'default'
2024-12-08T11:26:56.094+03:00  INFO 9204 --- [WMS] [SpringApplicationShutdownHook] com.zaxxer.hikari.HikariDataSource       : HikariPool-1 - Shutdown initiated...
2024-12-08T11:26:56.101+03:00  INFO 9204 --- [WMS] [SpringApplicationShutdownHook] com.zaxxer.hikari.HikariDataSource       : HikariPool-1 - Shutdown completed.
2024-12-08T11:27:34.820+03:00  INFO 9548 --- [WMS] [main] com.warehouse.WMS.WmsApplication         : Starting WmsApplication using Java 22.0.2 with PID 9548 (C:\Users\Vadim\Desktop\WMS\target\classes started by Vadim in C:\Users\Vadim\Desktop\WMS)
2024-12-08T11:27:34.823+03:00  INFO 9548 --- [WMS] [main] com.warehouse.WMS.WmsApplication         : No active profile set, falling back to 1 default profile: "default"
2024-12-08T11:27:35.558+03:00  INFO 9548 --- [WMS] [main] .s.d.r.c.RepositoryConfigurationDelegate : Bootstrapping Spring Data JPA repositories in DEFAULT mode.
2024-12-08T11:27:35.614+03:00  INFO 9548 --- [WMS] [main] .s.d.r.c.RepositoryConfigurationDelegate : Finished Spring Data repository scanning in 50 ms. Found 5 JPA repository interfaces.
2024-12-08T11:27:35.977+03:00  INFO 9548 --- [WMS] [main] o.s.b.w.embedded.tomcat.TomcatWebServer  : Tomcat initialized with port 8080 (http)
2024-12-08T11:27:35.996+03:00  INFO 9548 --- [WMS] [main] o.apache.catalina.core.StandardService   : Starting service [Tomcat]
2024-12-08T11:27:35.996+03:00  INFO 9548 --- [WMS] [main] o.apache.catalina.core.StandardEngine    : Starting Servlet engine: [Apache Tomcat/10.1.31]
2024-12-08T11:27:36.066+03:00  INFO 9548 --- [WMS] [main] o.a.c.c.C.[Tomcat].[localhost].[/]       : Initializing Spring embedded WebApplicationContext
2024-12-08T11:27:36.066+03:00  INFO 9548 --- [WMS] [main] w.s.c.ServletWebServerApplicationContext : Root WebApplicationContext: initialization completed in 1197 ms
2024-12-08T11:27:36.166+03:00  INFO 9548 --- [WMS] [main] com.zaxxer.hikari.HikariDataSource       : HikariPool-1 - Starting...
2024-12-08T11:27:36.446+03:00  INFO 9548 --- [WMS] [main] com.zaxxer.hikari.pool.HikariPool        : HikariPool-1 - Added connection com.mysql.cj.jdbc.ConnectionImpl@68aec50
2024-12-08T11:27:36.448+03:00  INFO 9548 --- [WMS] [main] com.zaxxer.hikari.HikariDataSource       : HikariPool-1 - Start completed.
2024-12-08T11:27:36.478+03:00  INFO 9548 --- [WMS] [main] o.hibernate.jpa.internal.util.LogHelper  : HHH000204: Processing PersistenceUnitInfo [name: default]
2024-12-08T11:27:36.518+03:00  INFO 9548 --- [WMS] [main] org.hibernate.Version                    : HHH000412: Hibernate ORM core version 6.5.3.Final
2024-12-08T11:27:36.543+03:00  INFO 9548 --- [WMS] [main] o.h.c.internal.RegionFactoryInitiator    : HHH000026: Second-level cache disabled
2024-12-08T11:27:36.800+03:00  INFO 9548 --- [WMS] [main] o.s.o.j.p.SpringPersistenceUnitInfo      : No LoadTimeWeaver setup: ignoring JPA class transformer
2024-12-08T11:27:37.703+03:00  INFO 9548 --- [WMS] [main] o.h.e.t.j.p.i.JtaPlatformInitiator       : HHH000489: No JTA platform available (set 'hibernate.transaction.jta.platform' to enable JTA platform integration)
2024-12-08T11:27:37.705+03:00  INFO 9548 --- [WMS] [main] j.LocalContainerEntityManagerFactoryBean : Initialized JPA EntityManagerFactory for persistence unit 'default'
2024-12-08T11:27:38.057+03:00  WARN 9548 --- [WMS] [main] JpaBaseConfiguration$JpaWebConfiguration : spring.jpa.open-in-view is enabled by default. Therefore, database queries may be performed during view rendering. Explicitly configure spring.jpa.open-in-view to disable this warning
2024-12-08T11:27:38.383+03:00  INFO 9548 --- [WMS] [main] o.s.b.w.embedded.tomcat.TomcatWebServer  : Tomcat started on port 8080 (http) with context path '/'
2024-12-08T11:27:38.390+03:00  INFO 9548 --- [WMS] [main] com.warehouse.WMS.WmsApplication         : Started WmsApplication in 3.96 seconds (process running for 4.46)
2024-12-08T11:27:41.406+03:00  INFO 9548 --- [WMS] [http-nio-8080-exec-1] o.a.c.c.C.[Tomcat].[localhost].[/]       : Initializing Spring DispatcherServlet 'dispatcherServlet'
2024-12-08T11:27:41.406+03:00  INFO 9548 --- [WMS] [http-nio-8080-exec-1] o.s.web.servlet.DispatcherServlet        : Initializing Servlet 'dispatcherServlet'
2024-12-08T11:27:41.407+03:00  INFO 9548 --- [WMS] [http-nio-8080-exec-1] o.s.web.servlet.DispatcherServlet        : Completed initialization in 0 ms
2024-12-08T11:27:41.601+03:00  INFO 9548 --- [WMS] [http-nio-8080-exec-1] c.w.W.o.s.DemandAnalysisOrderService     : calculateTrends, oneMonth: [ComponentForecastDTO(id=19, name=Видеокарта ASUS, category=Видеокарта, manufacture=ASUS, model=ROG Strix RTX 3060, price=550, forecast=0, trend=0), ComponentForecastDTO(id=30, name=Клавиатура SteelSeries, category=Клавиатура, manufacture=SteelSeries, model=Apex 7, price=130, forecast=7, trend=0), ComponentForecastDTO(id=14, name=Материнская плата ASUS, category=Материнская плата, manufacture=ASUS, model=ROG Strix Z490-E, price=560, forecast=0, trend=0), ComponentForecastDTO(id=11, name=Внешний жёсткий диск Seagate, category=Накопитель, manufacture=Seagate, model=Backup Plus 4TB, price=230, forecast=0, trend=0), ComponentForecastDTO(id=15, name=Игровой монитор Xiaomi Redmi, category=Монитор, manufacture=Xiaomi Redmi, model=G24 A24FAA-RG, price=335, forecast=0, trend=0), ComponentForecastDTO(id=26, name=Внешний жесткий диск WD, category=Накопитель, manufacture=Western Digital, model=My Passport 4TB, price=120, forecast=3, trend=0), ComponentForecastDTO(id=25, name=Мышь Logitech, category=Компьютерная мышь, manufacture=Logitech, model=G502 HERO, price=50, forecast=20, trend=0), ComponentForecastDTO(id=20, name=Блок питания Seasonic, category=Блок питания, manufacture=Seasonic, model=Focus GX-750, price=120, forecast=0, trend=0), ComponentForecastDTO(id=28, name=Системный блок Thermaltake, category=Корпус, manufacture=Thermaltake, model=V200, price=100, forecast=4, trend=0), ComponentForecastDTO(id=13, name=Вентилятор Noctua, category=Система охлаждения, manufacture=Noctua, model=NF-A12x25 PWM, price=45, forecast=0, trend=0), ComponentForecastDTO(id=18, name=SSD Kingston, category=Накопитель, manufacture=Kingston, model=A2000 1TB, price=100, forecast=0, trend=0), ComponentForecastDTO(id=32, name=Внешний SSD Samsung, category=Накопитель, manufacture=Samsung, model=T7 1TB, price=150, forecast=4, trend=0), ComponentForecastDTO(id=21, name=Кулер Noctua, category=Система охлаждения, manufacture=Noctua, model=NH-D15, price=90, forecast=0, trend=0), ComponentForecastDTO(id=22, name=Материнская плата MSI, category=Материнская плата, manufacture=MSI, model=B550-A PRO, price=150, forecast=0, trend=0), ComponentForecastDTO(id=24, name=Клавиатура Razer, category=Клавиатура, manufacture=Razer, model=BlackWidow V3, price=130, forecast=0, trend=0), ComponentForecastDTO(id=29, name=Память G.Skill, category=Оперативная память, manufacture=G.Skill, model=Ripjaws V 32GB, price=150, forecast=6, trend=0), ComponentForecastDTO(id=23, name=Монитор LG, category=Монитор, manufacture=LG, model=UltraGear 27GN950, price=900, forecast=0, trend=0), ComponentForecastDTO(id=27, name=Кулер Arctic, category=Система охлаждения, manufacture=Arctic, model=Freezer 34 eSports DUO, price=70, forecast=5, trend=0), ComponentForecastDTO(id=31, name=Мышь Corsair, category=Компьютерная мышь, manufacture=Corsair, model=M65 RGB Elite, price=80, forecast=9, trend=0), ComponentForecastDTO(id=6, name=Оперативная память Corsair, category=Оперативная память, manufacture=Corsair, model=Vengeance LPX 16GB, price=116, forecast=0, trend=0), ComponentForecastDTO(id=12, name=Корпус NZXT, category=Корпус, manufacture=NZXT, model=H510 Elite, price=260, forecast=0, trend=0)]
2024-12-08T11:27:41.604+03:00  INFO 9548 --- [WMS] [http-nio-8080-exec-1] c.w.W.o.s.DemandAnalysisOrderService     : calculateTrends, threeMonth: [ComponentForecastDTO(id=19, name=Видеокарта ASUS, category=Видеокарта, manufacture=ASUS, model=ROG Strix RTX 3060, price=550, forecast=5, trend=0), ComponentForecastDTO(id=30, name=Клавиатура SteelSeries, category=Клавиатура, manufacture=SteelSeries, model=Apex 7, price=130, forecast=7, trend=0), ComponentForecastDTO(id=14, name=Материнская плата ASUS, category=Материнская плата, manufacture=ASUS, model=ROG Strix Z490-E, price=560, forecast=10, trend=0), ComponentForecastDTO(id=11, name=Внешний жёсткий диск Seagate, category=Накопитель, manufacture=Seagate, model=Backup Plus 4TB, price=230, forecast=15, trend=0), ComponentForecastDTO(id=15, name=Игровой монитор Xiaomi Redmi, category=Монитор, manufacture=Xiaomi Redmi, model=G24 A24FAA-RG, price=335, forecast=8, trend=0), ComponentForecastDTO(id=26, name=Внешний жесткий диск WD, category=Накопитель, manufacture=Western Digital, model=My Passport 4TB, price=120, forecast=3, trend=0), ComponentForecastDTO(id=25, name=Мышь Logitech, category=Компьютерная мышь, manufacture=Logitech, model=G502 HERO, price=50, forecast=20, trend=0), ComponentForecastDTO(id=20, name=Блок питания Seasonic, category=Блок питания, manufacture=Seasonic, model=Focus GX-750, price=120, forecast=4, trend=0), ComponentForecastDTO(id=28, name=Системный блок Thermaltake, category=Корпус, manufacture=Thermaltake, model=V200, price=100, forecast=4, trend=0), ComponentForecastDTO(id=13, name=Вентилятор Noctua, category=Система охлаждения, manufacture=Noctua, model=NF-A12x25 PWM, price=45, forecast=20, trend=0), ComponentForecastDTO(id=18, name=SSD Kingston, category=Накопитель, manufacture=Kingston, model=A2000 1TB, price=100, forecast=8, trend=0), ComponentForecastDTO(id=32, name=Внешний SSD Samsung, category=Накопитель, manufacture=Samsung, model=T7 1TB, price=150, forecast=4, trend=0), ComponentForecastDTO(id=21, name=Кулер Noctua, category=Система охлаждения, manufacture=Noctua, model=NH-D15, price=90, forecast=6, trend=0), ComponentForecastDTO(id=22, name=Материнская плата MSI, category=Материнская плата, manufacture=MSI, model=B550-A PRO, price=150, forecast=3, trend=0), ComponentForecastDTO(id=24, name=Клавиатура Razer, category=Клавиатура, manufacture=Razer, model=BlackWidow V3, price=130, forecast=9, trend=0), ComponentForecastDTO(id=29, name=Память G.Skill, category=Оперативная память, manufacture=G.Skill, model=Ripjaws V 32GB, price=150, forecast=6, trend=0), ComponentForecastDTO(id=23, name=Монитор LG, category=Монитор, manufacture=LG, model=UltraGear 27GN950, price=900, forecast=1, trend=0), ComponentForecastDTO(id=27, name=Кулер Arctic, category=Система охлаждения, manufacture=Arctic, model=Freezer 34 eSports DUO, price=70, forecast=5, trend=0), ComponentForecastDTO(id=31, name=Мышь Corsair, category=Компьютерная мышь, manufacture=Corsair, model=M65 RGB Elite, price=80, forecast=9, trend=0), ComponentForecastDTO(id=6, name=Оперативная память Corsair, category=Оперативная память, manufacture=Corsair, model=Vengeance LPX 16GB, price=116, forecast=12, trend=0), ComponentForecastDTO(id=12, name=Корпус NZXT, category=Корпус, manufacture=NZXT, model=H510 Elite, price=260, forecast=10, trend=0)]
2024-12-08T11:27:41.705+03:00  INFO 9548 --- [WMS] [http-nio-8080-exec-2] c.w.W.o.s.DemandAnalysisOrderService     : calculateTrends, oneMonth: [ComponentForecastDTO(id=19, name=Видеокарта ASUS, category=Видеокарта, manufacture=ASUS, model=ROG Strix RTX 3060, price=550, forecast=0, trend=0), ComponentForecastDTO(id=30, name=Клавиатура SteelSeries, category=Клавиатура, manufacture=SteelSeries, model=Apex 7, price=130, forecast=7, trend=0), ComponentForecastDTO(id=14, name=Материнская плата ASUS, category=Материнская плата, manufacture=ASUS, model=ROG Strix Z490-E, price=560, forecast=0, trend=0), ComponentForecastDTO(id=11, name=Внешний жёсткий диск Seagate, category=Накопитель, manufacture=Seagate, model=Backup Plus 4TB, price=230, forecast=0, trend=0), ComponentForecastDTO(id=15, name=Игровой монитор Xiaomi Redmi, category=Монитор, manufacture=Xiaomi Redmi, model=G24 A24FAA-RG, price=335, forecast=0, trend=0), ComponentForecastDTO(id=26, name=Внешний жесткий диск WD, category=Накопитель, manufacture=Western Digital, model=My Passport 4TB, price=120, forecast=3, trend=0), ComponentForecastDTO(id=25, name=Мышь Logitech, category=Компьютерная мышь, manufacture=Logitech, model=G502 HERO, price=50, forecast=20, trend=0), ComponentForecastDTO(id=20, name=Блок питания Seasonic, category=Блок питания, manufacture=Seasonic, model=Focus GX-750, price=120, forecast=0, trend=0), ComponentForecastDTO(id=28, name=Системный блок Thermaltake, category=Корпус, manufacture=Thermaltake, model=V200, price=100, forecast=4, trend=0), ComponentForecastDTO(id=13, name=Вентилятор Noctua, category=Система охлаждения, manufacture=Noctua, model=NF-A12x25 PWM, price=45, forecast=0, trend=0), ComponentForecastDTO(id=18, name=SSD Kingston, category=Накопитель, manufacture=Kingston, model=A2000 1TB, price=100, forecast=0, trend=0), ComponentForecastDTO(id=32, name=Внешний SSD Samsung, category=Накопитель, manufacture=Samsung, model=T7 1TB, price=150, forecast=4, trend=0), ComponentForecastDTO(id=21, name=Кулер Noctua, category=Система охлаждения, manufacture=Noctua, model=NH-D15, price=90, forecast=0, trend=0), ComponentForecastDTO(id=22, name=Материнская плата MSI, category=Материнская плата, manufacture=MSI, model=B550-A PRO, price=150, forecast=0, trend=0), ComponentForecastDTO(id=24, name=Клавиатура Razer, category=Клавиатура, manufacture=Razer, model=BlackWidow V3, price=130, forecast=0, trend=0), ComponentForecastDTO(id=29, name=Память G.Skill, category=Оперативная память, manufacture=G.Skill, model=Ripjaws V 32GB, price=150, forecast=6, trend=0), ComponentForecastDTO(id=23, name=Монитор LG, category=Монитор, manufacture=LG, model=UltraGear 27GN950, price=900, forecast=0, trend=0), ComponentForecastDTO(id=27, name=Кулер Arctic, category=Система охлаждения, manufacture=Arctic, model=Freezer 34 eSports DUO, price=70, forecast=5, trend=0), ComponentForecastDTO(id=31, name=Мышь Corsair, category=Компьютерная мышь, manufacture=Corsair, model=M65 RGB Elite, price=80, forecast=9, trend=0), ComponentForecastDTO(id=6, name=Оперативная память Corsair, category=Оперативная память, manufacture=Corsair, model=Vengeance LPX 16GB, price=116, forecast=0, trend=0), ComponentForecastDTO(id=12, name=Корпус NZXT, category=Корпус, manufacture=NZXT, model=H510 Elite, price=260, forecast=0, trend=0)]
2024-12-08T11:27:41.706+03:00  INFO 9548 --- [WMS] [http-nio-8080-exec-2] c.w.W.o.s.DemandAnalysisOrderService     : calculateTrends, threeMonth: [ComponentForecastDTO(id=19, name=Видеокарта ASUS, category=Видеокарта, manufacture=ASUS, model=ROG Strix RTX 3060, price=550, forecast=5, trend=0), ComponentForecastDTO(id=30, name=Клавиатура SteelSeries, category=Клавиатура, manufacture=SteelSeries, model=Apex 7, price=130, forecast=7, trend=0), ComponentForecastDTO(id=14, name=Материнская плата ASUS, category=Материнская плата, manufacture=ASUS, model=ROG Strix Z490-E, price=560, forecast=10, trend=0), ComponentForecastDTO(id=11, name=Внешний жёсткий диск Seagate, category=Накопитель, manufacture=Seagate, model=Backup Plus 4TB, price=230, forecast=15, trend=0), ComponentForecastDTO(id=15, name=Игровой монитор Xiaomi Redmi, category=Монитор, manufacture=Xiaomi Redmi, model=G24 A24FAA-RG, price=335, forecast=8, trend=0), ComponentForecastDTO(id=26, name=Внешний жесткий диск WD, category=Накопитель, manufacture=Western Digital, model=My Passport 4TB, price=120, forecast=3, trend=0), ComponentForecastDTO(id=25, name=Мышь Logitech, category=Компьютерная мышь, manufacture=Logitech, model=G502 HERO, price=50, forecast=20, trend=0), ComponentForecastDTO(id=20, name=Блок питания Seasonic, category=Блок питания, manufacture=Seasonic, model=Focus GX-750, price=120, forecast=4, trend=0), ComponentForecastDTO(id=28, name=Системный блок Thermaltake, category=Корпус, manufacture=Thermaltake, model=V200, price=100, forecast=4, trend=0), ComponentForecastDTO(id=13, name=Вентилятор Noctua, category=Система охлаждения, manufacture=Noctua, model=NF-A12x25 PWM, price=45, forecast=20, trend=0), ComponentForecastDTO(id=18, name=SSD Kingston, category=Накопитель, manufacture=Kingston, model=A2000 1TB, price=100, forecast=8, trend=0), ComponentForecastDTO(id=32, name=Внешний SSD Samsung, category=Накопитель, manufacture=Samsung, model=T7 1TB, price=150, forecast=4, trend=0), ComponentForecastDTO(id=21, name=Кулер Noctua, category=Система охлаждения, manufacture=Noctua, model=NH-D15, price=90, forecast=6, trend=0), ComponentForecastDTO(id=22, name=Материнская плата MSI, category=Материнская плата, manufacture=MSI, model=B550-A PRO, price=150, forecast=3, trend=0), ComponentForecastDTO(id=24, name=Клавиатура Razer, category=Клавиатура, manufacture=Razer, model=BlackWidow V3, price=130, forecast=9, trend=0), ComponentForecastDTO(id=29, name=Память G.Skill, category=Оперативная память, manufacture=G.Skill, model=Ripjaws V 32GB, price=150, forecast=6, trend=0), ComponentForecastDTO(id=23, name=Монитор LG, category=Монитор, manufacture=LG, model=UltraGear 27GN950, price=900, forecast=1, trend=0), ComponentForecastDTO(id=27, name=Кулер Arctic, category=Система охлаждения, manufacture=Arctic, model=Freezer 34 eSports DUO, price=70, forecast=5, trend=0), ComponentForecastDTO(id=31, name=Мышь Corsair, category=Компьютерная мышь, manufacture=Corsair, model=M65 RGB Elite, price=80, forecast=9, trend=0), ComponentForecastDTO(id=6, name=Оперативная память Corsair, category=Оперативная память, manufacture=Corsair, model=Vengeance LPX 16GB, price=116, forecast=12, trend=0), ComponentForecastDTO(id=12, name=Корпус NZXT, category=Корпус, manufacture=NZXT, model=H510 Elite, price=260, forecast=10, trend=0)]
2024-12-08T11:28:16.523+03:00  INFO 9548 --- [WMS] [SpringApplicationShutdownHook] j.LocalContainerEntityManagerFactoryBean : Closing JPA EntityManagerFactory for persistence unit 'default'
2024-12-08T11:28:16.527+03:00  INFO 9548 --- [WMS] [SpringApplicationShutdownHook] com.zaxxer.hikari.HikariDataSource       : HikariPool-1 - Shutdown initiated...
2024-12-08T11:28:16.536+03:00  INFO 9548 --- [WMS] [SpringApplicationShutdownHook] com.zaxxer.hikari.HikariDataSource       : HikariPool-1 - Shutdown completed.
2024-12-08T11:29:29.222+03:00  INFO 9328 --- [WMS] [main] com.warehouse.WMS.WmsApplication         : Starting WmsApplication using Java 22.0.2 with PID 9328 (C:\Users\Vadim\Desktop\WMS\target\classes started by Vadim in C:\Users\Vadim\Desktop\WMS)
2024-12-08T11:29:29.225+03:00  INFO 9328 --- [WMS] [main] com.warehouse.WMS.WmsApplication         : No active profile set, falling back to 1 default profile: "default"
2024-12-08T11:29:29.913+03:00  INFO 9328 --- [WMS] [main] .s.d.r.c.RepositoryConfigurationDelegate : Bootstrapping Spring Data JPA repositories in DEFAULT mode.
2024-12-08T11:29:29.967+03:00  INFO 9328 --- [WMS] [main] .s.d.r.c.RepositoryConfigurationDelegate : Finished Spring Data repository scanning in 49 ms. Found 5 JPA repository interfaces.
2024-12-08T11:29:30.338+03:00  INFO 9328 --- [WMS] [main] o.s.b.w.embedded.tomcat.TomcatWebServer  : Tomcat initialized with port 8080 (http)
2024-12-08T11:29:30.351+03:00  INFO 9328 --- [WMS] [main] o.apache.catalina.core.StandardService   : Starting service [Tomcat]
2024-12-08T11:29:30.351+03:00  INFO 9328 --- [WMS] [main] o.apache.catalina.core.StandardEngine    : Starting Servlet engine: [Apache Tomcat/10.1.31]
2024-12-08T11:29:30.405+03:00  INFO 9328 --- [WMS] [main] o.a.c.c.C.[Tomcat].[localhost].[/]       : Initializing Spring embedded WebApplicationContext
2024-12-08T11:29:30.405+03:00  INFO 9328 --- [WMS] [main] w.s.c.ServletWebServerApplicationContext : Root WebApplicationContext: initialization completed in 1132 ms
2024-12-08T11:29:30.508+03:00  INFO 9328 --- [WMS] [main] com.zaxxer.hikari.HikariDataSource       : HikariPool-1 - Starting...
2024-12-08T11:29:30.771+03:00  INFO 9328 --- [WMS] [main] com.zaxxer.hikari.pool.HikariPool        : HikariPool-1 - Added connection com.mysql.cj.jdbc.ConnectionImpl@207dd1b7
2024-12-08T11:29:30.772+03:00  INFO 9328 --- [WMS] [main] com.zaxxer.hikari.HikariDataSource       : HikariPool-1 - Start completed.
2024-12-08T11:29:30.802+03:00  INFO 9328 --- [WMS] [main] o.hibernate.jpa.internal.util.LogHelper  : HHH000204: Processing PersistenceUnitInfo [name: default]
2024-12-08T11:29:30.842+03:00  INFO 9328 --- [WMS] [main] org.hibernate.Version                    : HHH000412: Hibernate ORM core version 6.5.3.Final
2024-12-08T11:29:30.866+03:00  INFO 9328 --- [WMS] [main] o.h.c.internal.RegionFactoryInitiator    : HHH000026: Second-level cache disabled
2024-12-08T11:29:31.103+03:00  INFO 9328 --- [WMS] [main] o.s.o.j.p.SpringPersistenceUnitInfo      : No LoadTimeWeaver setup: ignoring JPA class transformer
2024-12-08T11:29:31.970+03:00  INFO 9328 --- [WMS] [main] o.h.e.t.j.p.i.JtaPlatformInitiator       : HHH000489: No JTA platform available (set 'hibernate.transaction.jta.platform' to enable JTA platform integration)
2024-12-08T11:29:31.973+03:00  INFO 9328 --- [WMS] [main] j.LocalContainerEntityManagerFactoryBean : Initialized JPA EntityManagerFactory for persistence unit 'default'
2024-12-08T11:29:32.321+03:00  WARN 9328 --- [WMS] [main] JpaBaseConfiguration$JpaWebConfiguration : spring.jpa.open-in-view is enabled by default. Therefore, database queries may be performed during view rendering. Explicitly configure spring.jpa.open-in-view to disable this warning
2024-12-08T11:29:32.664+03:00  INFO 9328 --- [WMS] [main] o.s.b.w.embedded.tomcat.TomcatWebServer  : Tomcat started on port 8080 (http) with context path '/'
2024-12-08T11:29:32.670+03:00  INFO 9328 --- [WMS] [main] com.warehouse.WMS.WmsApplication         : Started WmsApplication in 3.828 seconds (process running for 4.334)
2024-12-08T11:29:36.431+03:00  INFO 9328 --- [WMS] [http-nio-8080-exec-1] o.a.c.c.C.[Tomcat].[localhost].[/]       : Initializing Spring DispatcherServlet 'dispatcherServlet'
2024-12-08T11:29:36.431+03:00  INFO 9328 --- [WMS] [http-nio-8080-exec-1] o.s.web.servlet.DispatcherServlet        : Initializing Servlet 'dispatcherServlet'
2024-12-08T11:29:36.432+03:00  INFO 9328 --- [WMS] [http-nio-8080-exec-1] o.s.web.servlet.DispatcherServlet        : Completed initialization in 1 ms
2024-12-08T11:29:36.636+03:00  INFO 9328 --- [WMS] [http-nio-8080-exec-1] c.w.W.o.s.DemandAnalysisOrderService     : secondMonth: 5
2024-12-08T11:29:36.636+03:00  INFO 9328 --- [WMS] [http-nio-8080-exec-1] c.w.W.o.s.DemandAnalysisOrderService     : trendsForOneMonth.getOrDefault(componentId, 1): 1
(trendsForOneMonth.getOrDefault(componentId, 1) - secondMonth): -4
2024-12-08T11:29:36.637+03:00  INFO 9328 --- [WMS] [http-nio-8080-exec-1] c.w.W.o.s.DemandAnalysisOrderService     : secondMonth: 0
2024-12-08T11:29:36.637+03:00  INFO 9328 --- [WMS] [http-nio-8080-exec-1] c.w.W.o.s.DemandAnalysisOrderService     : secondMonth: 10
2024-12-08T11:29:36.637+03:00  INFO 9328 --- [WMS] [http-nio-8080-exec-1] c.w.W.o.s.DemandAnalysisOrderService     : trendsForOneMonth.getOrDefault(componentId, 1): 1
(trendsForOneMonth.getOrDefault(componentId, 1) - secondMonth): -9
2024-12-08T11:29:36.637+03:00  INFO 9328 --- [WMS] [http-nio-8080-exec-1] c.w.W.o.s.DemandAnalysisOrderService     : secondMonth: 15
2024-12-08T11:29:36.637+03:00  INFO 9328 --- [WMS] [http-nio-8080-exec-1] c.w.W.o.s.DemandAnalysisOrderService     : trendsForOneMonth.getOrDefault(componentId, 1): 1
(trendsForOneMonth.getOrDefault(componentId, 1) - secondMonth): -14
2024-12-08T11:29:36.637+03:00  INFO 9328 --- [WMS] [http-nio-8080-exec-1] c.w.W.o.s.DemandAnalysisOrderService     : secondMonth: 8
2024-12-08T11:29:36.637+03:00  INFO 9328 --- [WMS] [http-nio-8080-exec-1] c.w.W.o.s.DemandAnalysisOrderService     : trendsForOneMonth.getOrDefault(componentId, 1): 1
(trendsForOneMonth.getOrDefault(componentId, 1) - secondMonth): -7
2024-12-08T11:29:36.637+03:00  INFO 9328 --- [WMS] [http-nio-8080-exec-1] c.w.W.o.s.DemandAnalysisOrderService     : secondMonth: 0
2024-12-08T11:29:36.637+03:00  INFO 9328 --- [WMS] [http-nio-8080-exec-1] c.w.W.o.s.DemandAnalysisOrderService     : secondMonth: 0
2024-12-08T11:29:36.637+03:00  INFO 9328 --- [WMS] [http-nio-8080-exec-1] c.w.W.o.s.DemandAnalysisOrderService     : secondMonth: 4
2024-12-08T11:29:36.637+03:00  INFO 9328 --- [WMS] [http-nio-8080-exec-1] c.w.W.o.s.DemandAnalysisOrderService     : trendsForOneMonth.getOrDefault(componentId, 1): 1
(trendsForOneMonth.getOrDefault(componentId, 1) - secondMonth): -3
2024-12-08T11:29:36.638+03:00  INFO 9328 --- [WMS] [http-nio-8080-exec-1] c.w.W.o.s.DemandAnalysisOrderService     : secondMonth: 0
2024-12-08T11:29:36.638+03:00  INFO 9328 --- [WMS] [http-nio-8080-exec-1] c.w.W.o.s.DemandAnalysisOrderService     : secondMonth: 20
2024-12-08T11:29:36.638+03:00  INFO 9328 --- [WMS] [http-nio-8080-exec-1] c.w.W.o.s.DemandAnalysisOrderService     : trendsForOneMonth.getOrDefault(componentId, 1): 1
(trendsForOneMonth.getOrDefault(componentId, 1) - secondMonth): -19
2024-12-08T11:29:36.638+03:00  INFO 9328 --- [WMS] [http-nio-8080-exec-1] c.w.W.o.s.DemandAnalysisOrderService     : secondMonth: 8
2024-12-08T11:29:36.638+03:00  INFO 9328 --- [WMS] [http-nio-8080-exec-1] c.w.W.o.s.DemandAnalysisOrderService     : trendsForOneMonth.getOrDefault(componentId, 1): 1
(trendsForOneMonth.getOrDefault(componentId, 1) - secondMonth): -7
2024-12-08T11:29:36.638+03:00  INFO 9328 --- [WMS] [http-nio-8080-exec-1] c.w.W.o.s.DemandAnalysisOrderService     : secondMonth: 0
2024-12-08T11:29:36.638+03:00  INFO 9328 --- [WMS] [http-nio-8080-exec-1] c.w.W.o.s.DemandAnalysisOrderService     : secondMonth: 6
2024-12-08T11:29:36.638+03:00  INFO 9328 --- [WMS] [http-nio-8080-exec-1] c.w.W.o.s.DemandAnalysisOrderService     : trendsForOneMonth.getOrDefault(componentId, 1): 1
(trendsForOneMonth.getOrDefault(componentId, 1) - secondMonth): -5
2024-12-08T11:29:36.638+03:00  INFO 9328 --- [WMS] [http-nio-8080-exec-1] c.w.W.o.s.DemandAnalysisOrderService     : secondMonth: 3
2024-12-08T11:29:36.638+03:00  INFO 9328 --- [WMS] [http-nio-8080-exec-1] c.w.W.o.s.DemandAnalysisOrderService     : trendsForOneMonth.getOrDefault(componentId, 1): 1
(trendsForOneMonth.getOrDefault(componentId, 1) - secondMonth): -2
2024-12-08T11:29:36.638+03:00  INFO 9328 --- [WMS] [http-nio-8080-exec-1] c.w.W.o.s.DemandAnalysisOrderService     : secondMonth: 0
2024-12-08T11:29:36.638+03:00  INFO 9328 --- [WMS] [http-nio-8080-exec-1] c.w.W.o.s.DemandAnalysisOrderService     : secondMonth: 0
2024-12-08T11:29:36.638+03:00  INFO 9328 --- [WMS] [http-nio-8080-exec-1] c.w.W.o.s.DemandAnalysisOrderService     : secondMonth: 1
2024-12-08T11:29:36.638+03:00  INFO 9328 --- [WMS] [http-nio-8080-exec-1] c.w.W.o.s.DemandAnalysisOrderService     : trendsForOneMonth.getOrDefault(componentId, 1): 1
(trendsForOneMonth.getOrDefault(componentId, 1) - secondMonth): 0
2024-12-08T11:29:36.638+03:00  INFO 9328 --- [WMS] [http-nio-8080-exec-1] c.w.W.o.s.DemandAnalysisOrderService     : secondMonth: 0
2024-12-08T11:29:36.638+03:00  INFO 9328 --- [WMS] [http-nio-8080-exec-1] c.w.W.o.s.DemandAnalysisOrderService     : secondMonth: 0
2024-12-08T11:29:36.638+03:00  INFO 9328 --- [WMS] [http-nio-8080-exec-1] c.w.W.o.s.DemandAnalysisOrderService     : secondMonth: 12
2024-12-08T11:29:36.639+03:00  INFO 9328 --- [WMS] [http-nio-8080-exec-1] c.w.W.o.s.DemandAnalysisOrderService     : trendsForOneMonth.getOrDefault(componentId, 1): 1
(trendsForOneMonth.getOrDefault(componentId, 1) - secondMonth): -11
2024-12-08T11:29:36.639+03:00  INFO 9328 --- [WMS] [http-nio-8080-exec-1] c.w.W.o.s.DemandAnalysisOrderService     : secondMonth: 10
2024-12-08T11:29:36.639+03:00  INFO 9328 --- [WMS] [http-nio-8080-exec-1] c.w.W.o.s.DemandAnalysisOrderService     : trendsForOneMonth.getOrDefault(componentId, 1): 1
(trendsForOneMonth.getOrDefault(componentId, 1) - secondMonth): -9
2024-12-08T11:29:36.639+03:00  INFO 9328 --- [WMS] [http-nio-8080-exec-1] c.w.W.o.s.DemandAnalysisOrderService     : secondMonth: 0
2024-12-08T11:29:36.639+03:00  INFO 9328 --- [WMS] [http-nio-8080-exec-1] c.w.W.o.s.DemandAnalysisOrderService     : secondMonth: 0
2024-12-08T11:29:36.639+03:00  INFO 9328 --- [WMS] [http-nio-8080-exec-1] c.w.W.o.s.DemandAnalysisOrderService     : secondMonth: 0
2024-12-08T11:29:36.639+03:00  INFO 9328 --- [WMS] [http-nio-8080-exec-1] c.w.W.o.s.DemandAnalysisOrderService     : secondMonth: 0
2024-12-08T11:29:36.639+03:00  INFO 9328 --- [WMS] [http-nio-8080-exec-1] c.w.W.o.s.DemandAnalysisOrderService     : secondMonth: 0
2024-12-08T11:29:36.639+03:00  INFO 9328 --- [WMS] [http-nio-8080-exec-1] c.w.W.o.s.DemandAnalysisOrderService     : secondMonth: 0
2024-12-08T11:29:36.639+03:00  INFO 9328 --- [WMS] [http-nio-8080-exec-1] c.w.W.o.s.DemandAnalysisOrderService     : secondMonth: 0
2024-12-08T11:29:36.639+03:00  INFO 9328 --- [WMS] [http-nio-8080-exec-1] c.w.W.o.s.DemandAnalysisOrderService     : secondMonth: 0
2024-12-08T11:29:36.639+03:00  INFO 9328 --- [WMS] [http-nio-8080-exec-1] c.w.W.o.s.DemandAnalysisOrderService     : secondMonth: 0
2024-12-08T11:29:36.639+03:00  INFO 9328 --- [WMS] [http-nio-8080-exec-1] c.w.W.o.s.DemandAnalysisOrderService     : secondMonth: 0
2024-12-08T11:29:36.639+03:00  INFO 9328 --- [WMS] [http-nio-8080-exec-1] c.w.W.o.s.DemandAnalysisOrderService     : secondMonth: 0
2024-12-08T11:29:36.639+03:00  INFO 9328 --- [WMS] [http-nio-8080-exec-1] c.w.W.o.s.DemandAnalysisOrderService     : secondMonth: 0
2024-12-08T11:29:36.639+03:00  INFO 9328 --- [WMS] [http-nio-8080-exec-1] c.w.W.o.s.DemandAnalysisOrderService     : secondMonth: 0
2024-12-08T11:29:36.639+03:00  INFO 9328 --- [WMS] [http-nio-8080-exec-1] c.w.W.o.s.DemandAnalysisOrderService     : secondMonth: 0
2024-12-08T11:29:36.639+03:00  INFO 9328 --- [WMS] [http-nio-8080-exec-1] c.w.W.o.s.DemandAnalysisOrderService     : secondMonth: 0
2024-12-08T11:29:36.639+03:00  INFO 9328 --- [WMS] [http-nio-8080-exec-1] c.w.W.o.s.DemandAnalysisOrderService     : secondMonth: 0
2024-12-08T11:29:36.640+03:00  INFO 9328 --- [WMS] [http-nio-8080-exec-1] c.w.W.o.s.DemandAnalysisOrderService     : secondMonth: 0
2024-12-08T11:29:36.640+03:00  INFO 9328 --- [WMS] [http-nio-8080-exec-1] c.w.W.o.s.DemandAnalysisOrderService     : secondMonth: 0
2024-12-08T11:29:36.640+03:00  INFO 9328 --- [WMS] [http-nio-8080-exec-1] c.w.W.o.s.DemandAnalysisOrderService     : secondMonth: 0
2024-12-08T11:29:36.640+03:00  INFO 9328 --- [WMS] [http-nio-8080-exec-1] c.w.W.o.s.DemandAnalysisOrderService     : secondMonth: 0
2024-12-08T11:29:36.640+03:00  INFO 9328 --- [WMS] [http-nio-8080-exec-1] c.w.W.o.s.DemandAnalysisOrderService     : secondMonth: 0
2024-12-08T11:29:36.742+03:00  INFO 9328 --- [WMS] [http-nio-8080-exec-4] c.w.W.o.s.DemandAnalysisOrderService     : secondMonth: 5
2024-12-08T11:29:36.742+03:00  INFO 9328 --- [WMS] [http-nio-8080-exec-4] c.w.W.o.s.DemandAnalysisOrderService     : trendsForOneMonth.getOrDefault(componentId, 1): 1
(trendsForOneMonth.getOrDefault(componentId, 1) - secondMonth): -4
2024-12-08T11:29:36.742+03:00  INFO 9328 --- [WMS] [http-nio-8080-exec-4] c.w.W.o.s.DemandAnalysisOrderService     : secondMonth: 0
2024-12-08T11:29:36.742+03:00  INFO 9328 --- [WMS] [http-nio-8080-exec-4] c.w.W.o.s.DemandAnalysisOrderService     : secondMonth: 10
2024-12-08T11:29:36.742+03:00  INFO 9328 --- [WMS] [http-nio-8080-exec-4] c.w.W.o.s.DemandAnalysisOrderService     : trendsForOneMonth.getOrDefault(componentId, 1): 1
(trendsForOneMonth.getOrDefault(componentId, 1) - secondMonth): -9
2024-12-08T11:29:36.742+03:00  INFO 9328 --- [WMS] [http-nio-8080-exec-4] c.w.W.o.s.DemandAnalysisOrderService     : secondMonth: 15
2024-12-08T11:29:36.742+03:00  INFO 9328 --- [WMS] [http-nio-8080-exec-4] c.w.W.o.s.DemandAnalysisOrderService     : trendsForOneMonth.getOrDefault(componentId, 1): 1
(trendsForOneMonth.getOrDefault(componentId, 1) - secondMonth): -14
2024-12-08T11:29:36.742+03:00  INFO 9328 --- [WMS] [http-nio-8080-exec-4] c.w.W.o.s.DemandAnalysisOrderService     : secondMonth: 8
2024-12-08T11:29:36.742+03:00  INFO 9328 --- [WMS] [http-nio-8080-exec-4] c.w.W.o.s.DemandAnalysisOrderService     : trendsForOneMonth.getOrDefault(componentId, 1): 1
(trendsForOneMonth.getOrDefault(componentId, 1) - secondMonth): -7
2024-12-08T11:29:36.742+03:00  INFO 9328 --- [WMS] [http-nio-8080-exec-4] c.w.W.o.s.DemandAnalysisOrderService     : secondMonth: 0
2024-12-08T11:29:36.742+03:00  INFO 9328 --- [WMS] [http-nio-8080-exec-4] c.w.W.o.s.DemandAnalysisOrderService     : secondMonth: 0
2024-12-08T11:29:36.742+03:00  INFO 9328 --- [WMS] [http-nio-8080-exec-4] c.w.W.o.s.DemandAnalysisOrderService     : secondMonth: 4
2024-12-08T11:29:36.742+03:00  INFO 9328 --- [WMS] [http-nio-8080-exec-4] c.w.W.o.s.DemandAnalysisOrderService     : trendsForOneMonth.getOrDefault(componentId, 1): 1
(trendsForOneMonth.getOrDefault(componentId, 1) - secondMonth): -3
2024-12-08T11:29:36.742+03:00  INFO 9328 --- [WMS] [http-nio-8080-exec-4] c.w.W.o.s.DemandAnalysisOrderService     : secondMonth: 0
2024-12-08T11:29:36.742+03:00  INFO 9328 --- [WMS] [http-nio-8080-exec-4] c.w.W.o.s.DemandAnalysisOrderService     : secondMonth: 20
2024-12-08T11:29:36.742+03:00  INFO 9328 --- [WMS] [http-nio-8080-exec-4] c.w.W.o.s.DemandAnalysisOrderService     : trendsForOneMonth.getOrDefault(componentId, 1): 1
(trendsForOneMonth.getOrDefault(componentId, 1) - secondMonth): -19
2024-12-08T11:29:36.742+03:00  INFO 9328 --- [WMS] [http-nio-8080-exec-4] c.w.W.o.s.DemandAnalysisOrderService     : secondMonth: 8
2024-12-08T11:29:36.742+03:00  INFO 9328 --- [WMS] [http-nio-8080-exec-4] c.w.W.o.s.DemandAnalysisOrderService     : trendsForOneMonth.getOrDefault(componentId, 1): 1
(trendsForOneMonth.getOrDefault(componentId, 1) - secondMonth): -7
2024-12-08T11:29:36.742+03:00  INFO 9328 --- [WMS] [http-nio-8080-exec-4] c.w.W.o.s.DemandAnalysisOrderService     : secondMonth: 0
2024-12-08T11:29:36.743+03:00  INFO 9328 --- [WMS] [http-nio-8080-exec-4] c.w.W.o.s.DemandAnalysisOrderService     : secondMonth: 6
2024-12-08T11:29:36.743+03:00  INFO 9328 --- [WMS] [http-nio-8080-exec-4] c.w.W.o.s.DemandAnalysisOrderService     : trendsForOneMonth.getOrDefault(componentId, 1): 1
(trendsForOneMonth.getOrDefault(componentId, 1) - secondMonth): -5
2024-12-08T11:29:36.743+03:00  INFO 9328 --- [WMS] [http-nio-8080-exec-4] c.w.W.o.s.DemandAnalysisOrderService     : secondMonth: 3
2024-12-08T11:29:36.743+03:00  INFO 9328 --- [WMS] [http-nio-8080-exec-4] c.w.W.o.s.DemandAnalysisOrderService     : trendsForOneMonth.getOrDefault(componentId, 1): 1
(trendsForOneMonth.getOrDefault(componentId, 1) - secondMonth): -2
2024-12-08T11:29:36.743+03:00  INFO 9328 --- [WMS] [http-nio-8080-exec-4] c.w.W.o.s.DemandAnalysisOrderService     : secondMonth: 0
2024-12-08T11:29:36.743+03:00  INFO 9328 --- [WMS] [http-nio-8080-exec-4] c.w.W.o.s.DemandAnalysisOrderService     : secondMonth: 0
2024-12-08T11:29:36.743+03:00  INFO 9328 --- [WMS] [http-nio-8080-exec-4] c.w.W.o.s.DemandAnalysisOrderService     : secondMonth: 1
2024-12-08T11:29:36.743+03:00  INFO 9328 --- [WMS] [http-nio-8080-exec-4] c.w.W.o.s.DemandAnalysisOrderService     : trendsForOneMonth.getOrDefault(componentId, 1): 1
(trendsForOneMonth.getOrDefault(componentId, 1) - secondMonth): 0
2024-12-08T11:29:36.743+03:00  INFO 9328 --- [WMS] [http-nio-8080-exec-4] c.w.W.o.s.DemandAnalysisOrderService     : secondMonth: 0
2024-12-08T11:29:36.743+03:00  INFO 9328 --- [WMS] [http-nio-8080-exec-4] c.w.W.o.s.DemandAnalysisOrderService     : secondMonth: 0
2024-12-08T11:29:36.743+03:00  INFO 9328 --- [WMS] [http-nio-8080-exec-4] c.w.W.o.s.DemandAnalysisOrderService     : secondMonth: 12
2024-12-08T11:29:36.743+03:00  INFO 9328 --- [WMS] [http-nio-8080-exec-4] c.w.W.o.s.DemandAnalysisOrderService     : trendsForOneMonth.getOrDefault(componentId, 1): 1
(trendsForOneMonth.getOrDefault(componentId, 1) - secondMonth): -11
2024-12-08T11:29:36.743+03:00  INFO 9328 --- [WMS] [http-nio-8080-exec-4] c.w.W.o.s.DemandAnalysisOrderService     : secondMonth: 10
2024-12-08T11:29:36.743+03:00  INFO 9328 --- [WMS] [http-nio-8080-exec-4] c.w.W.o.s.DemandAnalysisOrderService     : trendsForOneMonth.getOrDefault(componentId, 1): 1
(trendsForOneMonth.getOrDefault(componentId, 1) - secondMonth): -9
2024-12-08T11:29:36.743+03:00  INFO 9328 --- [WMS] [http-nio-8080-exec-4] c.w.W.o.s.DemandAnalysisOrderService     : secondMonth: 0
2024-12-08T11:29:36.743+03:00  INFO 9328 --- [WMS] [http-nio-8080-exec-4] c.w.W.o.s.DemandAnalysisOrderService     : secondMonth: 0
2024-12-08T11:29:36.743+03:00  INFO 9328 --- [WMS] [http-nio-8080-exec-4] c.w.W.o.s.DemandAnalysisOrderService     : secondMonth: 0
2024-12-08T11:29:36.743+03:00  INFO 9328 --- [WMS] [http-nio-8080-exec-4] c.w.W.o.s.DemandAnalysisOrderService     : secondMonth: 0
2024-12-08T11:29:36.743+03:00  INFO 9328 --- [WMS] [http-nio-8080-exec-4] c.w.W.o.s.DemandAnalysisOrderService     : secondMonth: 0
2024-12-08T11:29:36.743+03:00  INFO 9328 --- [WMS] [http-nio-8080-exec-4] c.w.W.o.s.DemandAnalysisOrderService     : secondMonth: 0
2024-12-08T11:29:36.743+03:00  INFO 9328 --- [WMS] [http-nio-8080-exec-4] c.w.W.o.s.DemandAnalysisOrderService     : secondMonth: 0
2024-12-08T11:29:36.743+03:00  INFO 9328 --- [WMS] [http-nio-8080-exec-4] c.w.W.o.s.DemandAnalysisOrderService     : secondMonth: 0
2024-12-08T11:29:36.743+03:00  INFO 9328 --- [WMS] [http-nio-8080-exec-4] c.w.W.o.s.DemandAnalysisOrderService     : secondMonth: 0
2024-12-08T11:29:36.743+03:00  INFO 9328 --- [WMS] [http-nio-8080-exec-4] c.w.W.o.s.DemandAnalysisOrderService     : secondMonth: 0
2024-12-08T11:29:36.743+03:00  INFO 9328 --- [WMS] [http-nio-8080-exec-4] c.w.W.o.s.DemandAnalysisOrderService     : secondMonth: 0
2024-12-08T11:29:36.743+03:00  INFO 9328 --- [WMS] [http-nio-8080-exec-4] c.w.W.o.s.DemandAnalysisOrderService     : secondMonth: 0
2024-12-08T11:29:36.744+03:00  INFO 9328 --- [WMS] [http-nio-8080-exec-4] c.w.W.o.s.DemandAnalysisOrderService     : secondMonth: 0
2024-12-08T11:29:36.744+03:00  INFO 9328 --- [WMS] [http-nio-8080-exec-4] c.w.W.o.s.DemandAnalysisOrderService     : secondMonth: 0
2024-12-08T11:29:36.744+03:00  INFO 9328 --- [WMS] [http-nio-8080-exec-4] c.w.W.o.s.DemandAnalysisOrderService     : secondMonth: 0
2024-12-08T11:29:36.744+03:00  INFO 9328 --- [WMS] [http-nio-8080-exec-4] c.w.W.o.s.DemandAnalysisOrderService     : secondMonth: 0
2024-12-08T11:29:36.744+03:00  INFO 9328 --- [WMS] [http-nio-8080-exec-4] c.w.W.o.s.DemandAnalysisOrderService     : secondMonth: 0
2024-12-08T11:29:36.744+03:00  INFO 9328 --- [WMS] [http-nio-8080-exec-4] c.w.W.o.s.DemandAnalysisOrderService     : secondMonth: 0
2024-12-08T11:29:36.744+03:00  INFO 9328 --- [WMS] [http-nio-8080-exec-4] c.w.W.o.s.DemandAnalysisOrderService     : secondMonth: 0
2024-12-08T11:29:36.744+03:00  INFO 9328 --- [WMS] [http-nio-8080-exec-4] c.w.W.o.s.DemandAnalysisOrderService     : secondMonth: 0
2024-12-08T11:29:36.744+03:00  INFO 9328 --- [WMS] [http-nio-8080-exec-4] c.w.W.o.s.DemandAnalysisOrderService     : secondMonth: 0
2024-12-08T11:31:27.345+03:00  INFO 9328 --- [WMS] [SpringApplicationShutdownHook] j.LocalContainerEntityManagerFactoryBean : Closing JPA EntityManagerFactory for persistence unit 'default'
2024-12-08T11:31:27.346+03:00  INFO 9328 --- [WMS] [SpringApplicationShutdownHook] com.zaxxer.hikari.HikariDataSource       : HikariPool-1 - Shutdown initiated...
2024-12-08T11:31:27.351+03:00  INFO 9328 --- [WMS] [SpringApplicationShutdownHook] com.zaxxer.hikari.HikariDataSource       : HikariPool-1 - Shutdown completed.
2024-12-08T11:31:30.597+03:00  INFO 19396 --- [WMS] [main] com.warehouse.WMS.WmsApplication         : Starting WmsApplication using Java 22.0.2 with PID 19396 (C:\Users\Vadim\Desktop\WMS\target\classes started by Vadim in C:\Users\Vadim\Desktop\WMS)
2024-12-08T11:31:30.598+03:00  INFO 19396 --- [WMS] [main] com.warehouse.WMS.WmsApplication         : No active profile set, falling back to 1 default profile: "default"
2024-12-08T11:31:31.304+03:00  INFO 19396 --- [WMS] [main] .s.d.r.c.RepositoryConfigurationDelegate : Bootstrapping Spring Data JPA repositories in DEFAULT mode.
2024-12-08T11:31:31.366+03:00  INFO 19396 --- [WMS] [main] .s.d.r.c.RepositoryConfigurationDelegate : Finished Spring Data repository scanning in 55 ms. Found 5 JPA repository interfaces.
2024-12-08T11:31:31.767+03:00  INFO 19396 --- [WMS] [main] o.s.b.w.embedded.tomcat.TomcatWebServer  : Tomcat initialized with port 8080 (http)
2024-12-08T11:31:31.778+03:00  INFO 19396 --- [WMS] [main] o.apache.catalina.core.StandardService   : Starting service [Tomcat]
2024-12-08T11:31:31.778+03:00  INFO 19396 --- [WMS] [main] o.apache.catalina.core.StandardEngine    : Starting Servlet engine: [Apache Tomcat/10.1.31]
2024-12-08T11:31:31.823+03:00  INFO 19396 --- [WMS] [main] o.a.c.c.C.[Tomcat].[localhost].[/]       : Initializing Spring embedded WebApplicationContext
2024-12-08T11:31:31.823+03:00  INFO 19396 --- [WMS] [main] w.s.c.ServletWebServerApplicationContext : Root WebApplicationContext: initialization completed in 1183 ms
2024-12-08T11:31:31.919+03:00  INFO 19396 --- [WMS] [main] com.zaxxer.hikari.HikariDataSource       : HikariPool-1 - Starting...
2024-12-08T11:31:32.191+03:00  INFO 19396 --- [WMS] [main] com.zaxxer.hikari.pool.HikariPool        : HikariPool-1 - Added connection com.mysql.cj.jdbc.ConnectionImpl@74fb5b59
2024-12-08T11:31:32.192+03:00  INFO 19396 --- [WMS] [main] com.zaxxer.hikari.HikariDataSource       : HikariPool-1 - Start completed.
2024-12-08T11:31:32.226+03:00  INFO 19396 --- [WMS] [main] o.hibernate.jpa.internal.util.LogHelper  : HHH000204: Processing PersistenceUnitInfo [name: default]
2024-12-08T11:31:32.270+03:00  INFO 19396 --- [WMS] [main] org.hibernate.Version                    : HHH000412: Hibernate ORM core version 6.5.3.Final
2024-12-08T11:31:32.298+03:00  INFO 19396 --- [WMS] [main] o.h.c.internal.RegionFactoryInitiator    : HHH000026: Second-level cache disabled
2024-12-08T11:31:32.587+03:00  INFO 19396 --- [WMS] [main] o.s.o.j.p.SpringPersistenceUnitInfo      : No LoadTimeWeaver setup: ignoring JPA class transformer
2024-12-08T11:31:33.656+03:00  INFO 19396 --- [WMS] [main] o.h.e.t.j.p.i.JtaPlatformInitiator       : HHH000489: No JTA platform available (set 'hibernate.transaction.jta.platform' to enable JTA platform integration)
2024-12-08T11:31:33.658+03:00  INFO 19396 --- [WMS] [main] j.LocalContainerEntityManagerFactoryBean : Initialized JPA EntityManagerFactory for persistence unit 'default'
2024-12-08T11:31:34.016+03:00  WARN 19396 --- [WMS] [main] JpaBaseConfiguration$JpaWebConfiguration : spring.jpa.open-in-view is enabled by default. Therefore, database queries may be performed during view rendering. Explicitly configure spring.jpa.open-in-view to disable this warning
2024-12-08T11:31:34.338+03:00  INFO 19396 --- [WMS] [main] o.s.b.w.embedded.tomcat.TomcatWebServer  : Tomcat started on port 8080 (http) with context path '/'
2024-12-08T11:31:34.345+03:00  INFO 19396 --- [WMS] [main] com.warehouse.WMS.WmsApplication         : Started WmsApplication in 4.077 seconds (process running for 4.58)
2024-12-08T11:31:34.354+03:00  INFO 19396 --- [WMS] [SpringApplicationShutdownHook] j.LocalContainerEntityManagerFactoryBean : Closing JPA EntityManagerFactory for persistence unit 'default'
2024-12-08T11:31:34.355+03:00  INFO 19396 --- [WMS] [SpringApplicationShutdownHook] com.zaxxer.hikari.HikariDataSource       : HikariPool-1 - Shutdown initiated...
2024-12-08T11:31:34.360+03:00  INFO 19396 --- [WMS] [SpringApplicationShutdownHook] com.zaxxer.hikari.HikariDataSource       : HikariPool-1 - Shutdown completed.
2024-12-08T11:31:44.013+03:00  INFO 9028 --- [WMS] [main] com.warehouse.WMS.WmsApplication         : Starting WmsApplication using Java 22.0.2 with PID 9028 (C:\Users\Vadim\Desktop\WMS\target\classes started by Vadim in C:\Users\Vadim\Desktop\WMS)
2024-12-08T11:31:44.015+03:00  INFO 9028 --- [WMS] [main] com.warehouse.WMS.WmsApplication         : No active profile set, falling back to 1 default profile: "default"
2024-12-08T11:31:44.795+03:00  INFO 9028 --- [WMS] [main] .s.d.r.c.RepositoryConfigurationDelegate : Bootstrapping Spring Data JPA repositories in DEFAULT mode.
2024-12-08T11:31:44.850+03:00  INFO 9028 --- [WMS] [main] .s.d.r.c.RepositoryConfigurationDelegate : Finished Spring Data repository scanning in 49 ms. Found 5 JPA repository interfaces.
2024-12-08T11:31:45.279+03:00  INFO 9028 --- [WMS] [main] o.s.b.w.embedded.tomcat.TomcatWebServer  : Tomcat initialized with port 8080 (http)
2024-12-08T11:31:45.336+03:00  INFO 9028 --- [WMS] [main] w.s.c.ServletWebServerApplicationContext : Root WebApplicationContext: initialization completed in 1275 ms
2024-12-08T11:31:45.441+03:00  INFO 9028 --- [WMS] [main] com.zaxxer.hikari.HikariDataSource       : HikariPool-1 - Starting...
2024-12-08T11:31:45.711+03:00  INFO 9028 --- [WMS] [main] com.zaxxer.hikari.pool.HikariPool        : HikariPool-1 - Added connection com.mysql.cj.jdbc.ConnectionImpl@22f8adc2
2024-12-08T11:31:45.712+03:00  INFO 9028 --- [WMS] [main] com.zaxxer.hikari.HikariDataSource       : HikariPool-1 - Start completed.
2024-12-08T11:31:45.743+03:00  INFO 9028 --- [WMS] [main] o.hibernate.jpa.internal.util.LogHelper  : HHH000204: Processing PersistenceUnitInfo [name: default]
2024-12-08T11:31:45.782+03:00  INFO 9028 --- [WMS] [main] org.hibernate.Version                    : HHH000412: Hibernate ORM core version 6.5.3.Final
2024-12-08T11:31:45.807+03:00  INFO 9028 --- [WMS] [main] o.h.c.internal.RegionFactoryInitiator    : HHH000026: Second-level cache disabled
2024-12-08T11:31:46.062+03:00  INFO 9028 --- [WMS] [main] o.s.o.j.p.SpringPersistenceUnitInfo      : No LoadTimeWeaver setup: ignoring JPA class transformer
2024-12-08T11:31:46.927+03:00  INFO 9028 --- [WMS] [main] o.h.e.t.j.p.i.JtaPlatformInitiator       : HHH000489: No JTA platform available (set 'hibernate.transaction.jta.platform' to enable JTA platform integration)
2024-12-08T11:31:46.929+03:00  INFO 9028 --- [WMS] [main] j.LocalContainerEntityManagerFactoryBean : Initialized JPA EntityManagerFactory for persistence unit 'default'
2024-12-08T11:31:47.408+03:00  WARN 9028 --- [WMS] [main] JpaBaseConfiguration$JpaWebConfiguration : spring.jpa.open-in-view is enabled by default. Therefore, database queries may be performed during view rendering. Explicitly configure spring.jpa.open-in-view to disable this warning
2024-12-08T11:31:47.731+03:00  INFO 9028 --- [WMS] [main] o.s.b.w.embedded.tomcat.TomcatWebServer  : Tomcat started on port 8080 (http) with context path '/'
2024-12-08T11:31:47.738+03:00  INFO 9028 --- [WMS] [main] com.warehouse.WMS.WmsApplication         : Started WmsApplication in 4.104 seconds (process running for 4.662)
2024-12-08T11:31:47.749+03:00  INFO 9028 --- [WMS] [SpringApplicationShutdownHook] j.LocalContainerEntityManagerFactoryBean : Closing JPA EntityManagerFactory for persistence unit 'default'
2024-12-08T11:31:47.751+03:00  INFO 9028 --- [WMS] [SpringApplicationShutdownHook] com.zaxxer.hikari.HikariDataSource       : HikariPool-1 - Shutdown initiated...
2024-12-08T11:31:47.757+03:00  INFO 9028 --- [WMS] [SpringApplicationShutdownHook] com.zaxxer.hikari.HikariDataSource       : HikariPool-1 - Shutdown completed.
2024-12-08T11:31:57.386+03:00  INFO 7380 --- [WMS] [main] com.warehouse.WMS.WmsApplication         : Starting WmsApplication using Java 22.0.2 with PID 7380 (C:\Users\Vadim\Desktop\WMS\target\classes started by Vadim in C:\Users\Vadim\Desktop\WMS)
2024-12-08T11:31:57.387+03:00  INFO 7380 --- [WMS] [main] com.warehouse.WMS.WmsApplication         : No active profile set, falling back to 1 default profile: "default"
2024-12-08T11:31:58.087+03:00  INFO 7380 --- [WMS] [main] .s.d.r.c.RepositoryConfigurationDelegate : Bootstrapping Spring Data JPA repositories in DEFAULT mode.
2024-12-08T11:31:58.140+03:00  INFO 7380 --- [WMS] [main] .s.d.r.c.RepositoryConfigurationDelegate : Finished Spring Data repository scanning in 47 ms. Found 5 JPA repository interfaces.
2024-12-08T11:31:58.518+03:00  INFO 7380 --- [WMS] [main] o.s.b.w.embedded.tomcat.TomcatWebServer  : Tomcat initialized with port 8080 (http)
2024-12-08T11:31:58.531+03:00  INFO 7380 --- [WMS] [main] o.apache.catalina.core.StandardService   : Starting service [Tomcat]
2024-12-08T11:31:58.531+03:00  INFO 7380 --- [WMS] [main] o.apache.catalina.core.StandardEngine    : Starting Servlet engine: [Apache Tomcat/10.1.31]
2024-12-08T11:31:58.580+03:00  INFO 7380 --- [WMS] [main] o.a.c.c.C.[Tomcat].[localhost].[/]       : Initializing Spring embedded WebApplicationContext
2024-12-08T11:31:58.580+03:00  INFO 7380 --- [WMS] [main] w.s.c.ServletWebServerApplicationContext : Root WebApplicationContext: initialization completed in 1152 ms
2024-12-08T11:31:58.682+03:00  INFO 7380 --- [WMS] [main] com.zaxxer.hikari.HikariDataSource       : HikariPool-1 - Starting...
2024-12-08T11:31:58.950+03:00  INFO 7380 --- [WMS] [main] com.zaxxer.hikari.pool.HikariPool        : HikariPool-1 - Added connection com.mysql.cj.jdbc.ConnectionImpl@5b742bc8
2024-12-08T11:31:58.952+03:00  INFO 7380 --- [WMS] [main] com.zaxxer.hikari.HikariDataSource       : HikariPool-1 - Start completed.
2024-12-08T11:31:58.982+03:00  INFO 7380 --- [WMS] [main] o.hibernate.jpa.internal.util.LogHelper  : HHH000204: Processing PersistenceUnitInfo [name: default]
2024-12-08T11:31:59.022+03:00  INFO 7380 --- [WMS] [main] org.hibernate.Version                    : HHH000412: Hibernate ORM core version 6.5.3.Final
2024-12-08T11:31:59.046+03:00  INFO 7380 --- [WMS] [main] o.h.c.internal.RegionFactoryInitiator    : HHH000026: Second-level cache disabled
2024-12-08T11:31:59.307+03:00  INFO 7380 --- [WMS] [main] o.s.o.j.p.SpringPersistenceUnitInfo      : No LoadTimeWeaver setup: ignoring JPA class transformer
2024-12-08T11:32:00.158+03:00  INFO 7380 --- [WMS] [main] o.h.e.t.j.p.i.JtaPlatformInitiator       : HHH000489: No JTA platform available (set 'hibernate.transaction.jta.platform' to enable JTA platform integration)
2024-12-08T11:32:00.160+03:00  INFO 7380 --- [WMS] [main] j.LocalContainerEntityManagerFactoryBean : Initialized JPA EntityManagerFactory for persistence unit 'default'
2024-12-08T11:32:00.511+03:00  WARN 7380 --- [WMS] [main] JpaBaseConfiguration$JpaWebConfiguration : spring.jpa.open-in-view is enabled by default. Therefore, database queries may be performed during view rendering. Explicitly configure spring.jpa.open-in-view to disable this warning
2024-12-08T11:32:00.829+03:00  INFO 7380 --- [WMS] [main] o.s.b.w.embedded.tomcat.TomcatWebServer  : Tomcat started on port 8080 (http) with context path '/'
2024-12-08T11:32:00.837+03:00  INFO 7380 --- [WMS] [main] com.warehouse.WMS.WmsApplication         : Started WmsApplication in 3.788 seconds (process running for 4.3)
2024-12-08T11:32:05.738+03:00  INFO 7380 --- [WMS] [http-nio-8080-exec-1] o.a.c.c.C.[Tomcat].[localhost].[/]       : Initializing Spring DispatcherServlet 'dispatcherServlet'
2024-12-08T11:32:05.738+03:00  INFO 7380 --- [WMS] [http-nio-8080-exec-1] o.s.web.servlet.DispatcherServlet        : Initializing Servlet 'dispatcherServlet'
2024-12-08T11:32:05.739+03:00  INFO 7380 --- [WMS] [http-nio-8080-exec-1] o.s.web.servlet.DispatcherServlet        : Completed initialization in 0 ms
2024-12-08T11:32:05.941+03:00  INFO 7380 --- [WMS] [http-nio-8080-exec-1] c.w.W.o.s.DemandAnalysisOrderService     : secondMonth: 5
2024-12-08T11:32:05.941+03:00  INFO 7380 --- [WMS] [http-nio-8080-exec-1] c.w.W.o.s.DemandAnalysisOrderService     : trendsForOneMonth.getOrDefault(componentId, 1): 0
(trendsForOneMonth.getOrDefault(componentId, 1) - secondMonth): -4
2024-12-08T11:32:05.941+03:00  INFO 7380 --- [WMS] [http-nio-8080-exec-1] c.w.W.o.s.DemandAnalysisOrderService     : secondMonth: 0
2024-12-08T11:32:05.941+03:00  INFO 7380 --- [WMS] [http-nio-8080-exec-1] c.w.W.o.s.DemandAnalysisOrderService     : secondMonth: 10
2024-12-08T11:32:05.941+03:00  INFO 7380 --- [WMS] [http-nio-8080-exec-1] c.w.W.o.s.DemandAnalysisOrderService     : trendsForOneMonth.getOrDefault(componentId, 1): 0
(trendsForOneMonth.getOrDefault(componentId, 1) - secondMonth): -9
2024-12-08T11:32:05.941+03:00  INFO 7380 --- [WMS] [http-nio-8080-exec-1] c.w.W.o.s.DemandAnalysisOrderService     : secondMonth: 15
2024-12-08T11:32:05.941+03:00  INFO 7380 --- [WMS] [http-nio-8080-exec-1] c.w.W.o.s.DemandAnalysisOrderService     : trendsForOneMonth.getOrDefault(componentId, 1): 0
(trendsForOneMonth.getOrDefault(componentId, 1) - secondMonth): -14
2024-12-08T11:32:05.941+03:00  INFO 7380 --- [WMS] [http-nio-8080-exec-1] c.w.W.o.s.DemandAnalysisOrderService     : secondMonth: 8
2024-12-08T11:32:05.942+03:00  INFO 7380 --- [WMS] [http-nio-8080-exec-1] c.w.W.o.s.DemandAnalysisOrderService     : trendsForOneMonth.getOrDefault(componentId, 1): 0
(trendsForOneMonth.getOrDefault(componentId, 1) - secondMonth): -7
2024-12-08T11:32:05.942+03:00  INFO 7380 --- [WMS] [http-nio-8080-exec-1] c.w.W.o.s.DemandAnalysisOrderService     : secondMonth: 0
2024-12-08T11:32:05.942+03:00  INFO 7380 --- [WMS] [http-nio-8080-exec-1] c.w.W.o.s.DemandAnalysisOrderService     : secondMonth: 0
2024-12-08T11:32:05.942+03:00  INFO 7380 --- [WMS] [http-nio-8080-exec-1] c.w.W.o.s.DemandAnalysisOrderService     : secondMonth: 4
2024-12-08T11:32:05.942+03:00  INFO 7380 --- [WMS] [http-nio-8080-exec-1] c.w.W.o.s.DemandAnalysisOrderService     : trendsForOneMonth.getOrDefault(componentId, 1): 0
(trendsForOneMonth.getOrDefault(componentId, 1) - secondMonth): -3
2024-12-08T11:32:05.942+03:00  INFO 7380 --- [WMS] [http-nio-8080-exec-1] c.w.W.o.s.DemandAnalysisOrderService     : secondMonth: 0
2024-12-08T11:32:05.942+03:00  INFO 7380 --- [WMS] [http-nio-8080-exec-1] c.w.W.o.s.DemandAnalysisOrderService     : secondMonth: 20
2024-12-08T11:32:05.942+03:00  INFO 7380 --- [WMS] [http-nio-8080-exec-1] c.w.W.o.s.DemandAnalysisOrderService     : trendsForOneMonth.getOrDefault(componentId, 1): 0
(trendsForOneMonth.getOrDefault(componentId, 1) - secondMonth): -19
2024-12-08T11:32:05.942+03:00  INFO 7380 --- [WMS] [http-nio-8080-exec-1] c.w.W.o.s.DemandAnalysisOrderService     : secondMonth: 8
2024-12-08T11:32:05.942+03:00  INFO 7380 --- [WMS] [http-nio-8080-exec-1] c.w.W.o.s.DemandAnalysisOrderService     : trendsForOneMonth.getOrDefault(componentId, 1): 0
(trendsForOneMonth.getOrDefault(componentId, 1) - secondMonth): -7
2024-12-08T11:32:05.943+03:00  INFO 7380 --- [WMS] [http-nio-8080-exec-1] c.w.W.o.s.DemandAnalysisOrderService     : secondMonth: 0
2024-12-08T11:32:05.943+03:00  INFO 7380 --- [WMS] [http-nio-8080-exec-1] c.w.W.o.s.DemandAnalysisOrderService     : secondMonth: 6
2024-12-08T11:32:05.943+03:00  INFO 7380 --- [WMS] [http-nio-8080-exec-1] c.w.W.o.s.DemandAnalysisOrderService     : trendsForOneMonth.getOrDefault(componentId, 1): 0
(trendsForOneMonth.getOrDefault(componentId, 1) - secondMonth): -5
2024-12-08T11:32:05.943+03:00  INFO 7380 --- [WMS] [http-nio-8080-exec-1] c.w.W.o.s.DemandAnalysisOrderService     : secondMonth: 3
2024-12-08T11:32:05.943+03:00  INFO 7380 --- [WMS] [http-nio-8080-exec-1] c.w.W.o.s.DemandAnalysisOrderService     : trendsForOneMonth.getOrDefault(componentId, 1): 0
(trendsForOneMonth.getOrDefault(componentId, 1) - secondMonth): -2
2024-12-08T11:32:05.943+03:00  INFO 7380 --- [WMS] [http-nio-8080-exec-1] c.w.W.o.s.DemandAnalysisOrderService     : secondMonth: 0
2024-12-08T11:32:05.943+03:00  INFO 7380 --- [WMS] [http-nio-8080-exec-1] c.w.W.o.s.DemandAnalysisOrderService     : secondMonth: 0
2024-12-08T11:32:05.943+03:00  INFO 7380 --- [WMS] [http-nio-8080-exec-1] c.w.W.o.s.DemandAnalysisOrderService     : secondMonth: 1
2024-12-08T11:32:05.943+03:00  INFO 7380 --- [WMS] [http-nio-8080-exec-1] c.w.W.o.s.DemandAnalysisOrderService     : trendsForOneMonth.getOrDefault(componentId, 1): 0
(trendsForOneMonth.getOrDefault(componentId, 1) - secondMonth): 0
2024-12-08T11:32:05.943+03:00  INFO 7380 --- [WMS] [http-nio-8080-exec-1] c.w.W.o.s.DemandAnalysisOrderService     : secondMonth: 0
2024-12-08T11:32:05.943+03:00  INFO 7380 --- [WMS] [http-nio-8080-exec-1] c.w.W.o.s.DemandAnalysisOrderService     : secondMonth: 0
2024-12-08T11:32:05.943+03:00  INFO 7380 --- [WMS] [http-nio-8080-exec-1] c.w.W.o.s.DemandAnalysisOrderService     : secondMonth: 12
2024-12-08T11:32:05.943+03:00  INFO 7380 --- [WMS] [http-nio-8080-exec-1] c.w.W.o.s.DemandAnalysisOrderService     : trendsForOneMonth.getOrDefault(componentId, 1): 0
(trendsForOneMonth.getOrDefault(componentId, 1) - secondMonth): -11
2024-12-08T11:32:05.944+03:00  INFO 7380 --- [WMS] [http-nio-8080-exec-1] c.w.W.o.s.DemandAnalysisOrderService     : secondMonth: 10
2024-12-08T11:32:05.944+03:00  INFO 7380 --- [WMS] [http-nio-8080-exec-1] c.w.W.o.s.DemandAnalysisOrderService     : trendsForOneMonth.getOrDefault(componentId, 1): 0
(trendsForOneMonth.getOrDefault(componentId, 1) - secondMonth): -9
2024-12-08T11:32:05.944+03:00  INFO 7380 --- [WMS] [http-nio-8080-exec-1] c.w.W.o.s.DemandAnalysisOrderService     : secondMonth: 0
2024-12-08T11:32:05.944+03:00  INFO 7380 --- [WMS] [http-nio-8080-exec-1] c.w.W.o.s.DemandAnalysisOrderService     : secondMonth: 0
2024-12-08T11:32:05.944+03:00  INFO 7380 --- [WMS] [http-nio-8080-exec-1] c.w.W.o.s.DemandAnalysisOrderService     : secondMonth: 0
2024-12-08T11:32:05.944+03:00  INFO 7380 --- [WMS] [http-nio-8080-exec-1] c.w.W.o.s.DemandAnalysisOrderService     : secondMonth: 0
2024-12-08T11:32:05.944+03:00  INFO 7380 --- [WMS] [http-nio-8080-exec-1] c.w.W.o.s.DemandAnalysisOrderService     : secondMonth: 0
2024-12-08T11:32:05.944+03:00  INFO 7380 --- [WMS] [http-nio-8080-exec-1] c.w.W.o.s.DemandAnalysisOrderService     : secondMonth: 0
2024-12-08T11:32:05.944+03:00  INFO 7380 --- [WMS] [http-nio-8080-exec-1] c.w.W.o.s.DemandAnalysisOrderService     : secondMonth: 0
2024-12-08T11:32:05.944+03:00  INFO 7380 --- [WMS] [http-nio-8080-exec-1] c.w.W.o.s.DemandAnalysisOrderService     : secondMonth: 0
2024-12-08T11:32:05.944+03:00  INFO 7380 --- [WMS] [http-nio-8080-exec-1] c.w.W.o.s.DemandAnalysisOrderService     : secondMonth: 0
2024-12-08T11:32:05.944+03:00  INFO 7380 --- [WMS] [http-nio-8080-exec-1] c.w.W.o.s.DemandAnalysisOrderService     : secondMonth: 0
2024-12-08T11:32:05.944+03:00  INFO 7380 --- [WMS] [http-nio-8080-exec-1] c.w.W.o.s.DemandAnalysisOrderService     : secondMonth: 0
2024-12-08T11:32:05.944+03:00  INFO 7380 --- [WMS] [http-nio-8080-exec-1] c.w.W.o.s.DemandAnalysisOrderService     : secondMonth: 0
2024-12-08T11:32:05.945+03:00  INFO 7380 --- [WMS] [http-nio-8080-exec-1] c.w.W.o.s.DemandAnalysisOrderService     : secondMonth: 0
2024-12-08T11:32:05.945+03:00  INFO 7380 --- [WMS] [http-nio-8080-exec-1] c.w.W.o.s.DemandAnalysisOrderService     : secondMonth: 0
2024-12-08T11:32:05.945+03:00  INFO 7380 --- [WMS] [http-nio-8080-exec-1] c.w.W.o.s.DemandAnalysisOrderService     : secondMonth: 0
2024-12-08T11:32:05.945+03:00  INFO 7380 --- [WMS] [http-nio-8080-exec-1] c.w.W.o.s.DemandAnalysisOrderService     : secondMonth: 0
2024-12-08T11:32:05.945+03:00  INFO 7380 --- [WMS] [http-nio-8080-exec-1] c.w.W.o.s.DemandAnalysisOrderService     : secondMonth: 0
2024-12-08T11:32:05.945+03:00  INFO 7380 --- [WMS] [http-nio-8080-exec-1] c.w.W.o.s.DemandAnalysisOrderService     : secondMonth: 0
2024-12-08T11:32:05.945+03:00  INFO 7380 --- [WMS] [http-nio-8080-exec-1] c.w.W.o.s.DemandAnalysisOrderService     : secondMonth: 0
2024-12-08T11:32:05.945+03:00  INFO 7380 --- [WMS] [http-nio-8080-exec-1] c.w.W.o.s.DemandAnalysisOrderService     : secondMonth: 0
2024-12-08T11:32:05.945+03:00  INFO 7380 --- [WMS] [http-nio-8080-exec-1] c.w.W.o.s.DemandAnalysisOrderService     : secondMonth: 0
2024-12-08T11:32:06.043+03:00  INFO 7380 --- [WMS] [http-nio-8080-exec-3] c.w.W.o.s.DemandAnalysisOrderService     : secondMonth: 5
2024-12-08T11:32:06.043+03:00  INFO 7380 --- [WMS] [http-nio-8080-exec-3] c.w.W.o.s.DemandAnalysisOrderService     : trendsForOneMonth.getOrDefault(componentId, 1): 0
(trendsForOneMonth.getOrDefault(componentId, 1) - secondMonth): -4
2024-12-08T11:32:06.043+03:00  INFO 7380 --- [WMS] [http-nio-8080-exec-3] c.w.W.o.s.DemandAnalysisOrderService     : secondMonth: 0
2024-12-08T11:32:06.043+03:00  INFO 7380 --- [WMS] [http-nio-8080-exec-3] c.w.W.o.s.DemandAnalysisOrderService     : secondMonth: 10
2024-12-08T11:32:06.043+03:00  INFO 7380 --- [WMS] [http-nio-8080-exec-3] c.w.W.o.s.DemandAnalysisOrderService     : trendsForOneMonth.getOrDefault(componentId, 1): 0
(trendsForOneMonth.getOrDefault(componentId, 1) - secondMonth): -9
2024-12-08T11:32:06.043+03:00  INFO 7380 --- [WMS] [http-nio-8080-exec-3] c.w.W.o.s.DemandAnalysisOrderService     : secondMonth: 15
2024-12-08T11:32:06.043+03:00  INFO 7380 --- [WMS] [http-nio-8080-exec-3] c.w.W.o.s.DemandAnalysisOrderService     : trendsForOneMonth.getOrDefault(componentId, 1): 0
(trendsForOneMonth.getOrDefault(componentId, 1) - secondMonth): -14
2024-12-08T11:32:06.043+03:00  INFO 7380 --- [WMS] [http-nio-8080-exec-3] c.w.W.o.s.DemandAnalysisOrderService     : secondMonth: 8
2024-12-08T11:32:06.043+03:00  INFO 7380 --- [WMS] [http-nio-8080-exec-3] c.w.W.o.s.DemandAnalysisOrderService     : trendsForOneMonth.getOrDefault(componentId, 1): 0
(trendsForOneMonth.getOrDefault(componentId, 1) - secondMonth): -7
2024-12-08T11:32:06.043+03:00  INFO 7380 --- [WMS] [http-nio-8080-exec-3] c.w.W.o.s.DemandAnalysisOrderService     : secondMonth: 0
2024-12-08T11:32:06.044+03:00  INFO 7380 --- [WMS] [http-nio-8080-exec-3] c.w.W.o.s.DemandAnalysisOrderService     : secondMonth: 0
2024-12-08T11:32:06.044+03:00  INFO 7380 --- [WMS] [http-nio-8080-exec-3] c.w.W.o.s.DemandAnalysisOrderService     : secondMonth: 4
2024-12-08T11:32:06.044+03:00  INFO 7380 --- [WMS] [http-nio-8080-exec-3] c.w.W.o.s.DemandAnalysisOrderService     : trendsForOneMonth.getOrDefault(componentId, 1): 0
(trendsForOneMonth.getOrDefault(componentId, 1) - secondMonth): -3
2024-12-08T11:32:06.044+03:00  INFO 7380 --- [WMS] [http-nio-8080-exec-3] c.w.W.o.s.DemandAnalysisOrderService     : secondMonth: 0
2024-12-08T11:32:06.044+03:00  INFO 7380 --- [WMS] [http-nio-8080-exec-3] c.w.W.o.s.DemandAnalysisOrderService     : secondMonth: 20
2024-12-08T11:32:06.044+03:00  INFO 7380 --- [WMS] [http-nio-8080-exec-3] c.w.W.o.s.DemandAnalysisOrderService     : trendsForOneMonth.getOrDefault(componentId, 1): 0
(trendsForOneMonth.getOrDefault(componentId, 1) - secondMonth): -19
2024-12-08T11:32:06.044+03:00  INFO 7380 --- [WMS] [http-nio-8080-exec-3] c.w.W.o.s.DemandAnalysisOrderService     : secondMonth: 8
2024-12-08T11:32:06.044+03:00  INFO 7380 --- [WMS] [http-nio-8080-exec-3] c.w.W.o.s.DemandAnalysisOrderService     : trendsForOneMonth.getOrDefault(componentId, 1): 0
(trendsForOneMonth.getOrDefault(componentId, 1) - secondMonth): -7
2024-12-08T11:32:06.044+03:00  INFO 7380 --- [WMS] [http-nio-8080-exec-3] c.w.W.o.s.DemandAnalysisOrderService     : secondMonth: 0
2024-12-08T11:32:06.044+03:00  INFO 7380 --- [WMS] [http-nio-8080-exec-3] c.w.W.o.s.DemandAnalysisOrderService     : secondMonth: 6
2024-12-08T11:32:06.044+03:00  INFO 7380 --- [WMS] [http-nio-8080-exec-3] c.w.W.o.s.DemandAnalysisOrderService     : trendsForOneMonth.getOrDefault(componentId, 1): 0
(trendsForOneMonth.getOrDefault(componentId, 1) - secondMonth): -5
2024-12-08T11:32:06.044+03:00  INFO 7380 --- [WMS] [http-nio-8080-exec-3] c.w.W.o.s.DemandAnalysisOrderService     : secondMonth: 3
2024-12-08T11:32:06.044+03:00  INFO 7380 --- [WMS] [http-nio-8080-exec-3] c.w.W.o.s.DemandAnalysisOrderService     : trendsForOneMonth.getOrDefault(componentId, 1): 0
(trendsForOneMonth.getOrDefault(componentId, 1) - secondMonth): -2
2024-12-08T11:32:06.044+03:00  INFO 7380 --- [WMS] [http-nio-8080-exec-3] c.w.W.o.s.DemandAnalysisOrderService     : secondMonth: 0
2024-12-08T11:32:06.044+03:00  INFO 7380 --- [WMS] [http-nio-8080-exec-3] c.w.W.o.s.DemandAnalysisOrderService     : secondMonth: 0
2024-12-08T11:32:06.044+03:00  INFO 7380 --- [WMS] [http-nio-8080-exec-3] c.w.W.o.s.DemandAnalysisOrderService     : secondMonth: 1
2024-12-08T11:32:06.044+03:00  INFO 7380 --- [WMS] [http-nio-8080-exec-3] c.w.W.o.s.DemandAnalysisOrderService     : trendsForOneMonth.getOrDefault(componentId, 1): 0
(trendsForOneMonth.getOrDefault(componentId, 1) - secondMonth): 0
2024-12-08T11:32:06.044+03:00  INFO 7380 --- [WMS] [http-nio-8080-exec-3] c.w.W.o.s.DemandAnalysisOrderService     : secondMonth: 0
2024-12-08T11:32:06.044+03:00  INFO 7380 --- [WMS] [http-nio-8080-exec-3] c.w.W.o.s.DemandAnalysisOrderService     : secondMonth: 0
2024-12-08T11:32:06.044+03:00  INFO 7380 --- [WMS] [http-nio-8080-exec-3] c.w.W.o.s.DemandAnalysisOrderService     : secondMonth: 12
2024-12-08T11:32:06.044+03:00  INFO 7380 --- [WMS] [http-nio-8080-exec-3] c.w.W.o.s.DemandAnalysisOrderService     : trendsForOneMonth.getOrDefault(componentId, 1): 0
(trendsForOneMonth.getOrDefault(componentId, 1) - secondMonth): -11
2024-12-08T11:32:06.044+03:00  INFO 7380 --- [WMS] [http-nio-8080-exec-3] c.w.W.o.s.DemandAnalysisOrderService     : secondMonth: 10
2024-12-08T11:32:06.044+03:00  INFO 7380 --- [WMS] [http-nio-8080-exec-3] c.w.W.o.s.DemandAnalysisOrderService     : trendsForOneMonth.getOrDefault(componentId, 1): 0
(trendsForOneMonth.getOrDefault(componentId, 1) - secondMonth): -9
2024-12-08T11:32:06.044+03:00  INFO 7380 --- [WMS] [http-nio-8080-exec-3] c.w.W.o.s.DemandAnalysisOrderService     : secondMonth: 0
2024-12-08T11:32:06.044+03:00  INFO 7380 --- [WMS] [http-nio-8080-exec-3] c.w.W.o.s.DemandAnalysisOrderService     : secondMonth: 0
2024-12-08T11:32:06.044+03:00  INFO 7380 --- [WMS] [http-nio-8080-exec-3] c.w.W.o.s.DemandAnalysisOrderService     : secondMonth: 0
2024-12-08T11:32:06.044+03:00  INFO 7380 --- [WMS] [http-nio-8080-exec-3] c.w.W.o.s.DemandAnalysisOrderService     : secondMonth: 0
2024-12-08T11:32:06.045+03:00  INFO 7380 --- [WMS] [http-nio-8080-exec-3] c.w.W.o.s.DemandAnalysisOrderService     : secondMonth: 0
2024-12-08T11:32:06.045+03:00  INFO 7380 --- [WMS] [http-nio-8080-exec-3] c.w.W.o.s.DemandAnalysisOrderService     : secondMonth: 0
2024-12-08T11:32:06.045+03:00  INFO 7380 --- [WMS] [http-nio-8080-exec-3] c.w.W.o.s.DemandAnalysisOrderService     : secondMonth: 0
2024-12-08T11:32:06.045+03:00  INFO 7380 --- [WMS] [http-nio-8080-exec-3] c.w.W.o.s.DemandAnalysisOrderService     : secondMonth: 0
2024-12-08T11:32:06.045+03:00  INFO 7380 --- [WMS] [http-nio-8080-exec-3] c.w.W.o.s.DemandAnalysisOrderService     : secondMonth: 0
2024-12-08T11:32:06.045+03:00  INFO 7380 --- [WMS] [http-nio-8080-exec-3] c.w.W.o.s.DemandAnalysisOrderService     : secondMonth: 0
2024-12-08T11:32:06.045+03:00  INFO 7380 --- [WMS] [http-nio-8080-exec-3] c.w.W.o.s.DemandAnalysisOrderService     : secondMonth: 0
2024-12-08T11:32:06.045+03:00  INFO 7380 --- [WMS] [http-nio-8080-exec-3] c.w.W.o.s.DemandAnalysisOrderService     : secondMonth: 0
2024-12-08T11:32:06.045+03:00  INFO 7380 --- [WMS] [http-nio-8080-exec-3] c.w.W.o.s.DemandAnalysisOrderService     : secondMonth: 0
2024-12-08T11:32:06.045+03:00  INFO 7380 --- [WMS] [http-nio-8080-exec-3] c.w.W.o.s.DemandAnalysisOrderService     : secondMonth: 0
2024-12-08T11:32:06.045+03:00  INFO 7380 --- [WMS] [http-nio-8080-exec-3] c.w.W.o.s.DemandAnalysisOrderService     : secondMonth: 0
2024-12-08T11:32:06.045+03:00  INFO 7380 --- [WMS] [http-nio-8080-exec-3] c.w.W.o.s.DemandAnalysisOrderService     : secondMonth: 0
2024-12-08T11:32:06.045+03:00  INFO 7380 --- [WMS] [http-nio-8080-exec-3] c.w.W.o.s.DemandAnalysisOrderService     : secondMonth: 0
2024-12-08T11:32:06.045+03:00  INFO 7380 --- [WMS] [http-nio-8080-exec-3] c.w.W.o.s.DemandAnalysisOrderService     : secondMonth: 0
2024-12-08T11:32:06.045+03:00  INFO 7380 --- [WMS] [http-nio-8080-exec-3] c.w.W.o.s.DemandAnalysisOrderService     : secondMonth: 0
2024-12-08T11:32:06.045+03:00  INFO 7380 --- [WMS] [http-nio-8080-exec-3] c.w.W.o.s.DemandAnalysisOrderService     : secondMonth: 0
2024-12-08T11:32:06.045+03:00  INFO 7380 --- [WMS] [http-nio-8080-exec-3] c.w.W.o.s.DemandAnalysisOrderService     : secondMonth: 0
2024-12-08T11:33:34.997+03:00  INFO 7380 --- [WMS] [SpringApplicationShutdownHook] j.LocalContainerEntityManagerFactoryBean : Closing JPA EntityManagerFactory for persistence unit 'default'
2024-12-08T11:33:34.999+03:00  INFO 7380 --- [WMS] [SpringApplicationShutdownHook] com.zaxxer.hikari.HikariDataSource       : HikariPool-1 - Shutdown initiated...
2024-12-08T11:33:35.004+03:00  INFO 7380 --- [WMS] [SpringApplicationShutdownHook] com.zaxxer.hikari.HikariDataSource       : HikariPool-1 - Shutdown completed.
2024-12-08T11:34:55.043+03:00  INFO 7820 --- [WMS] [main] com.warehouse.WMS.WmsApplication         : Starting WmsApplication using Java 22.0.2 with PID 7820 (C:\Users\Vadim\Desktop\WMS\target\classes started by Vadim in C:\Users\Vadim\Desktop\WMS)
2024-12-08T11:34:55.045+03:00  INFO 7820 --- [WMS] [main] com.warehouse.WMS.WmsApplication         : No active profile set, falling back to 1 default profile: "default"
2024-12-08T11:34:55.793+03:00  INFO 7820 --- [WMS] [main] .s.d.r.c.RepositoryConfigurationDelegate : Bootstrapping Spring Data JPA repositories in DEFAULT mode.
2024-12-08T11:34:55.856+03:00  INFO 7820 --- [WMS] [main] .s.d.r.c.RepositoryConfigurationDelegate : Finished Spring Data repository scanning in 57 ms. Found 5 JPA repository interfaces.
2024-12-08T11:34:56.273+03:00  INFO 7820 --- [WMS] [main] o.s.b.w.embedded.tomcat.TomcatWebServer  : Tomcat initialized with port 8080 (http)
2024-12-08T11:34:56.284+03:00  INFO 7820 --- [WMS] [main] o.apache.catalina.core.StandardService   : Starting service [Tomcat]
2024-12-08T11:34:56.285+03:00  INFO 7820 --- [WMS] [main] o.apache.catalina.core.StandardEngine    : Starting Servlet engine: [Apache Tomcat/10.1.31]
2024-12-08T11:34:56.331+03:00  INFO 7820 --- [WMS] [main] o.a.c.c.C.[Tomcat].[localhost].[/]       : Initializing Spring embedded WebApplicationContext
2024-12-08T11:34:56.331+03:00  INFO 7820 --- [WMS] [main] w.s.c.ServletWebServerApplicationContext : Root WebApplicationContext: initialization completed in 1250 ms
2024-12-08T11:34:56.430+03:00  INFO 7820 --- [WMS] [main] com.zaxxer.hikari.HikariDataSource       : HikariPool-1 - Starting...
2024-12-08T11:34:56.719+03:00  INFO 7820 --- [WMS] [main] com.zaxxer.hikari.pool.HikariPool        : HikariPool-1 - Added connection com.mysql.cj.jdbc.ConnectionImpl@dbed7fd
2024-12-08T11:34:56.720+03:00  INFO 7820 --- [WMS] [main] com.zaxxer.hikari.HikariDataSource       : HikariPool-1 - Start completed.
2024-12-08T11:34:56.751+03:00  INFO 7820 --- [WMS] [main] o.hibernate.jpa.internal.util.LogHelper  : HHH000204: Processing PersistenceUnitInfo [name: default]
2024-12-08T11:34:56.791+03:00  INFO 7820 --- [WMS] [main] org.hibernate.Version                    : HHH000412: Hibernate ORM core version 6.5.3.Final
2024-12-08T11:34:56.815+03:00  INFO 7820 --- [WMS] [main] o.h.c.internal.RegionFactoryInitiator    : HHH000026: Second-level cache disabled
2024-12-08T11:34:57.075+03:00  INFO 7820 --- [WMS] [main] o.s.o.j.p.SpringPersistenceUnitInfo      : No LoadTimeWeaver setup: ignoring JPA class transformer
2024-12-08T11:34:57.934+03:00  INFO 7820 --- [WMS] [main] o.h.e.t.j.p.i.JtaPlatformInitiator       : HHH000489: No JTA platform available (set 'hibernate.transaction.jta.platform' to enable JTA platform integration)
2024-12-08T11:34:57.937+03:00  INFO 7820 --- [WMS] [main] j.LocalContainerEntityManagerFactoryBean : Initialized JPA EntityManagerFactory for persistence unit 'default'
2024-12-08T11:34:58.318+03:00  WARN 7820 --- [WMS] [main] JpaBaseConfiguration$JpaWebConfiguration : spring.jpa.open-in-view is enabled by default. Therefore, database queries may be performed during view rendering. Explicitly configure spring.jpa.open-in-view to disable this warning
2024-12-08T11:34:58.639+03:00  INFO 7820 --- [WMS] [main] o.s.b.w.embedded.tomcat.TomcatWebServer  : Tomcat started on port 8080 (http) with context path '/'
2024-12-08T11:34:58.646+03:00  INFO 7820 --- [WMS] [main] com.warehouse.WMS.WmsApplication         : Started WmsApplication in 4.039 seconds (process running for 4.671)
2024-12-08T11:34:59.309+03:00  INFO 7820 --- [WMS] [http-nio-8080-exec-1] o.a.c.c.C.[Tomcat].[localhost].[/]       : Initializing Spring DispatcherServlet 'dispatcherServlet'
2024-12-08T11:34:59.310+03:00  INFO 7820 --- [WMS] [http-nio-8080-exec-1] o.s.web.servlet.DispatcherServlet        : Initializing Servlet 'dispatcherServlet'
2024-12-08T11:34:59.312+03:00  INFO 7820 --- [WMS] [http-nio-8080-exec-1] o.s.web.servlet.DispatcherServlet        : Completed initialization in 2 ms
2024-12-08T11:34:59.611+03:00  INFO 7820 --- [WMS] [http-nio-8080-exec-1] c.w.W.o.s.DemandAnalysisOrderService     : secondMonth: 5
2024-12-08T11:34:59.611+03:00  INFO 7820 --- [WMS] [http-nio-8080-exec-1] c.w.W.o.s.DemandAnalysisOrderService     : trendsForOneMonth.getOrDefault(componentId, 1): 0
(trendsForOneMonth.getOrDefault(componentId, 0) - secondMonth): -4
2024-12-08T11:34:59.611+03:00  INFO 7820 --- [WMS] [http-nio-8080-exec-1] c.w.W.o.s.DemandAnalysisOrderService     : secondMonth: 0
2024-12-08T11:34:59.611+03:00  INFO 7820 --- [WMS] [http-nio-8080-exec-1] c.w.W.o.s.DemandAnalysisOrderService     : secondMonth: 10
2024-12-08T11:34:59.611+03:00  INFO 7820 --- [WMS] [http-nio-8080-exec-1] c.w.W.o.s.DemandAnalysisOrderService     : trendsForOneMonth.getOrDefault(componentId, 1): 0
(trendsForOneMonth.getOrDefault(componentId, 0) - secondMonth): -9
2024-12-08T11:34:59.611+03:00  INFO 7820 --- [WMS] [http-nio-8080-exec-1] c.w.W.o.s.DemandAnalysisOrderService     : secondMonth: 15
2024-12-08T11:34:59.611+03:00  INFO 7820 --- [WMS] [http-nio-8080-exec-1] c.w.W.o.s.DemandAnalysisOrderService     : trendsForOneMonth.getOrDefault(componentId, 1): 0
(trendsForOneMonth.getOrDefault(componentId, 0) - secondMonth): -14
2024-12-08T11:34:59.612+03:00  INFO 7820 --- [WMS] [http-nio-8080-exec-1] c.w.W.o.s.DemandAnalysisOrderService     : secondMonth: 8
2024-12-08T11:34:59.612+03:00  INFO 7820 --- [WMS] [http-nio-8080-exec-1] c.w.W.o.s.DemandAnalysisOrderService     : trendsForOneMonth.getOrDefault(componentId, 1): 0
(trendsForOneMonth.getOrDefault(componentId, 0) - secondMonth): -7
2024-12-08T11:34:59.612+03:00  INFO 7820 --- [WMS] [http-nio-8080-exec-1] c.w.W.o.s.DemandAnalysisOrderService     : secondMonth: 0
2024-12-08T11:34:59.612+03:00  INFO 7820 --- [WMS] [http-nio-8080-exec-1] c.w.W.o.s.DemandAnalysisOrderService     : secondMonth: 0
2024-12-08T11:34:59.612+03:00  INFO 7820 --- [WMS] [http-nio-8080-exec-1] c.w.W.o.s.DemandAnalysisOrderService     : secondMonth: 4
2024-12-08T11:34:59.613+03:00  INFO 7820 --- [WMS] [http-nio-8080-exec-1] c.w.W.o.s.DemandAnalysisOrderService     : trendsForOneMonth.getOrDefault(componentId, 1): 0
(trendsForOneMonth.getOrDefault(componentId, 0) - secondMonth): -3
2024-12-08T11:34:59.613+03:00  INFO 7820 --- [WMS] [http-nio-8080-exec-1] c.w.W.o.s.DemandAnalysisOrderService     : secondMonth: 0
2024-12-08T11:34:59.613+03:00  INFO 7820 --- [WMS] [http-nio-8080-exec-1] c.w.W.o.s.DemandAnalysisOrderService     : secondMonth: 20
2024-12-08T11:34:59.613+03:00  INFO 7820 --- [WMS] [http-nio-8080-exec-1] c.w.W.o.s.DemandAnalysisOrderService     : trendsForOneMonth.getOrDefault(componentId, 1): 0
(trendsForOneMonth.getOrDefault(componentId, 0) - secondMonth): -19
2024-12-08T11:34:59.613+03:00  INFO 7820 --- [WMS] [http-nio-8080-exec-1] c.w.W.o.s.DemandAnalysisOrderService     : secondMonth: 8
2024-12-08T11:34:59.613+03:00  INFO 7820 --- [WMS] [http-nio-8080-exec-1] c.w.W.o.s.DemandAnalysisOrderService     : trendsForOneMonth.getOrDefault(componentId, 1): 0
(trendsForOneMonth.getOrDefault(componentId, 0) - secondMonth): -7
2024-12-08T11:34:59.613+03:00  INFO 7820 --- [WMS] [http-nio-8080-exec-1] c.w.W.o.s.DemandAnalysisOrderService     : secondMonth: 0
2024-12-08T11:34:59.613+03:00  INFO 7820 --- [WMS] [http-nio-8080-exec-1] c.w.W.o.s.DemandAnalysisOrderService     : secondMonth: 6
2024-12-08T11:34:59.613+03:00  INFO 7820 --- [WMS] [http-nio-8080-exec-1] c.w.W.o.s.DemandAnalysisOrderService     : trendsForOneMonth.getOrDefault(componentId, 1): 0
(trendsForOneMonth.getOrDefault(componentId, 0) - secondMonth): -5
2024-12-08T11:34:59.613+03:00  INFO 7820 --- [WMS] [http-nio-8080-exec-1] c.w.W.o.s.DemandAnalysisOrderService     : secondMonth: 3
2024-12-08T11:34:59.613+03:00  INFO 7820 --- [WMS] [http-nio-8080-exec-1] c.w.W.o.s.DemandAnalysisOrderService     : trendsForOneMonth.getOrDefault(componentId, 1): 0
(trendsForOneMonth.getOrDefault(componentId, 0) - secondMonth): -2
2024-12-08T11:34:59.614+03:00  INFO 7820 --- [WMS] [http-nio-8080-exec-1] c.w.W.o.s.DemandAnalysisOrderService     : secondMonth: 0
2024-12-08T11:34:59.614+03:00  INFO 7820 --- [WMS] [http-nio-8080-exec-1] c.w.W.o.s.DemandAnalysisOrderService     : secondMonth: 0
2024-12-08T11:34:59.614+03:00  INFO 7820 --- [WMS] [http-nio-8080-exec-1] c.w.W.o.s.DemandAnalysisOrderService     : secondMonth: 1
2024-12-08T11:34:59.614+03:00  INFO 7820 --- [WMS] [http-nio-8080-exec-1] c.w.W.o.s.DemandAnalysisOrderService     : trendsForOneMonth.getOrDefault(componentId, 1): 0
(trendsForOneMonth.getOrDefault(componentId, 0) - secondMonth): 0
2024-12-08T11:34:59.614+03:00  INFO 7820 --- [WMS] [http-nio-8080-exec-1] c.w.W.o.s.DemandAnalysisOrderService     : secondMonth: 0
2024-12-08T11:34:59.614+03:00  INFO 7820 --- [WMS] [http-nio-8080-exec-1] c.w.W.o.s.DemandAnalysisOrderService     : secondMonth: 0
2024-12-08T11:34:59.614+03:00  INFO 7820 --- [WMS] [http-nio-8080-exec-1] c.w.W.o.s.DemandAnalysisOrderService     : secondMonth: 12
2024-12-08T11:34:59.614+03:00  INFO 7820 --- [WMS] [http-nio-8080-exec-1] c.w.W.o.s.DemandAnalysisOrderService     : trendsForOneMonth.getOrDefault(componentId, 1): 0
(trendsForOneMonth.getOrDefault(componentId, 0) - secondMonth): -11
2024-12-08T11:34:59.614+03:00  INFO 7820 --- [WMS] [http-nio-8080-exec-1] c.w.W.o.s.DemandAnalysisOrderService     : secondMonth: 10
2024-12-08T11:34:59.614+03:00  INFO 7820 --- [WMS] [http-nio-8080-exec-1] c.w.W.o.s.DemandAnalysisOrderService     : trendsForOneMonth.getOrDefault(componentId, 1): 0
(trendsForOneMonth.getOrDefault(componentId, 0) - secondMonth): -9
2024-12-08T11:34:59.614+03:00  INFO 7820 --- [WMS] [http-nio-8080-exec-1] c.w.W.o.s.DemandAnalysisOrderService     : secondMonth: 0
2024-12-08T11:34:59.614+03:00  INFO 7820 --- [WMS] [http-nio-8080-exec-1] c.w.W.o.s.DemandAnalysisOrderService     : secondMonth: 0
2024-12-08T11:34:59.614+03:00  INFO 7820 --- [WMS] [http-nio-8080-exec-1] c.w.W.o.s.DemandAnalysisOrderService     : secondMonth: 0
2024-12-08T11:34:59.614+03:00  INFO 7820 --- [WMS] [http-nio-8080-exec-1] c.w.W.o.s.DemandAnalysisOrderService     : secondMonth: 0
2024-12-08T11:34:59.614+03:00  INFO 7820 --- [WMS] [http-nio-8080-exec-1] c.w.W.o.s.DemandAnalysisOrderService     : secondMonth: 0
2024-12-08T11:34:59.614+03:00  INFO 7820 --- [WMS] [http-nio-8080-exec-1] c.w.W.o.s.DemandAnalysisOrderService     : secondMonth: 0
2024-12-08T11:34:59.615+03:00  INFO 7820 --- [WMS] [http-nio-8080-exec-1] c.w.W.o.s.DemandAnalysisOrderService     : secondMonth: 0
2024-12-08T11:34:59.615+03:00  INFO 7820 --- [WMS] [http-nio-8080-exec-1] c.w.W.o.s.DemandAnalysisOrderService     : secondMonth: 0
2024-12-08T11:34:59.615+03:00  INFO 7820 --- [WMS] [http-nio-8080-exec-1] c.w.W.o.s.DemandAnalysisOrderService     : secondMonth: 0
2024-12-08T11:34:59.615+03:00  INFO 7820 --- [WMS] [http-nio-8080-exec-1] c.w.W.o.s.DemandAnalysisOrderService     : secondMonth: 0
2024-12-08T11:34:59.615+03:00  INFO 7820 --- [WMS] [http-nio-8080-exec-1] c.w.W.o.s.DemandAnalysisOrderService     : secondMonth: 0
2024-12-08T11:34:59.615+03:00  INFO 7820 --- [WMS] [http-nio-8080-exec-1] c.w.W.o.s.DemandAnalysisOrderService     : secondMonth: 0
2024-12-08T11:34:59.615+03:00  INFO 7820 --- [WMS] [http-nio-8080-exec-1] c.w.W.o.s.DemandAnalysisOrderService     : secondMonth: 0
2024-12-08T11:34:59.616+03:00  INFO 7820 --- [WMS] [http-nio-8080-exec-1] c.w.W.o.s.DemandAnalysisOrderService     : secondMonth: 0
2024-12-08T11:34:59.616+03:00  INFO 7820 --- [WMS] [http-nio-8080-exec-1] c.w.W.o.s.DemandAnalysisOrderService     : secondMonth: 0
2024-12-08T11:34:59.616+03:00  INFO 7820 --- [WMS] [http-nio-8080-exec-1] c.w.W.o.s.DemandAnalysisOrderService     : secondMonth: 0
2024-12-08T11:34:59.616+03:00  INFO 7820 --- [WMS] [http-nio-8080-exec-1] c.w.W.o.s.DemandAnalysisOrderService     : secondMonth: 0
2024-12-08T11:34:59.616+03:00  INFO 7820 --- [WMS] [http-nio-8080-exec-1] c.w.W.o.s.DemandAnalysisOrderService     : secondMonth: 0
2024-12-08T11:34:59.616+03:00  INFO 7820 --- [WMS] [http-nio-8080-exec-1] c.w.W.o.s.DemandAnalysisOrderService     : secondMonth: 0
2024-12-08T11:34:59.616+03:00  INFO 7820 --- [WMS] [http-nio-8080-exec-1] c.w.W.o.s.DemandAnalysisOrderService     : secondMonth: 0
2024-12-08T11:34:59.616+03:00  INFO 7820 --- [WMS] [http-nio-8080-exec-1] c.w.W.o.s.DemandAnalysisOrderService     : secondMonth: 0
2024-12-08T11:34:59.729+03:00  INFO 7820 --- [WMS] [http-nio-8080-exec-2] c.w.W.o.s.DemandAnalysisOrderService     : secondMonth: 5
2024-12-08T11:34:59.729+03:00  INFO 7820 --- [WMS] [http-nio-8080-exec-2] c.w.W.o.s.DemandAnalysisOrderService     : trendsForOneMonth.getOrDefault(componentId, 1): 0
(trendsForOneMonth.getOrDefault(componentId, 0) - secondMonth): -4
2024-12-08T11:34:59.729+03:00  INFO 7820 --- [WMS] [http-nio-8080-exec-2] c.w.W.o.s.DemandAnalysisOrderService     : secondMonth: 0
2024-12-08T11:34:59.729+03:00  INFO 7820 --- [WMS] [http-nio-8080-exec-2] c.w.W.o.s.DemandAnalysisOrderService     : secondMonth: 10
2024-12-08T11:34:59.729+03:00  INFO 7820 --- [WMS] [http-nio-8080-exec-2] c.w.W.o.s.DemandAnalysisOrderService     : trendsForOneMonth.getOrDefault(componentId, 1): 0
(trendsForOneMonth.getOrDefault(componentId, 0) - secondMonth): -9
2024-12-08T11:34:59.729+03:00  INFO 7820 --- [WMS] [http-nio-8080-exec-2] c.w.W.o.s.DemandAnalysisOrderService     : secondMonth: 15
2024-12-08T11:34:59.729+03:00  INFO 7820 --- [WMS] [http-nio-8080-exec-2] c.w.W.o.s.DemandAnalysisOrderService     : trendsForOneMonth.getOrDefault(componentId, 1): 0
(trendsForOneMonth.getOrDefault(componentId, 0) - secondMonth): -14
2024-12-08T11:34:59.729+03:00  INFO 7820 --- [WMS] [http-nio-8080-exec-2] c.w.W.o.s.DemandAnalysisOrderService     : secondMonth: 8
2024-12-08T11:34:59.729+03:00  INFO 7820 --- [WMS] [http-nio-8080-exec-2] c.w.W.o.s.DemandAnalysisOrderService     : trendsForOneMonth.getOrDefault(componentId, 1): 0
(trendsForOneMonth.getOrDefault(componentId, 0) - secondMonth): -7
2024-12-08T11:34:59.729+03:00  INFO 7820 --- [WMS] [http-nio-8080-exec-2] c.w.W.o.s.DemandAnalysisOrderService     : secondMonth: 0
2024-12-08T11:34:59.729+03:00  INFO 7820 --- [WMS] [http-nio-8080-exec-2] c.w.W.o.s.DemandAnalysisOrderService     : secondMonth: 0
2024-12-08T11:34:59.729+03:00  INFO 7820 --- [WMS] [http-nio-8080-exec-2] c.w.W.o.s.DemandAnalysisOrderService     : secondMonth: 4
2024-12-08T11:34:59.729+03:00  INFO 7820 --- [WMS] [http-nio-8080-exec-2] c.w.W.o.s.DemandAnalysisOrderService     : trendsForOneMonth.getOrDefault(componentId, 1): 0
(trendsForOneMonth.getOrDefault(componentId, 0) - secondMonth): -3
2024-12-08T11:34:59.729+03:00  INFO 7820 --- [WMS] [http-nio-8080-exec-2] c.w.W.o.s.DemandAnalysisOrderService     : secondMonth: 0
2024-12-08T11:34:59.729+03:00  INFO 7820 --- [WMS] [http-nio-8080-exec-2] c.w.W.o.s.DemandAnalysisOrderService     : secondMonth: 20
2024-12-08T11:34:59.729+03:00  INFO 7820 --- [WMS] [http-nio-8080-exec-2] c.w.W.o.s.DemandAnalysisOrderService     : trendsForOneMonth.getOrDefault(componentId, 1): 0
(trendsForOneMonth.getOrDefault(componentId, 0) - secondMonth): -19
2024-12-08T11:34:59.729+03:00  INFO 7820 --- [WMS] [http-nio-8080-exec-2] c.w.W.o.s.DemandAnalysisOrderService     : secondMonth: 8
2024-12-08T11:34:59.730+03:00  INFO 7820 --- [WMS] [http-nio-8080-exec-2] c.w.W.o.s.DemandAnalysisOrderService     : trendsForOneMonth.getOrDefault(componentId, 1): 0
(trendsForOneMonth.getOrDefault(componentId, 0) - secondMonth): -7
2024-12-08T11:34:59.730+03:00  INFO 7820 --- [WMS] [http-nio-8080-exec-2] c.w.W.o.s.DemandAnalysisOrderService     : secondMonth: 0
2024-12-08T11:34:59.730+03:00  INFO 7820 --- [WMS] [http-nio-8080-exec-2] c.w.W.o.s.DemandAnalysisOrderService     : secondMonth: 6
2024-12-08T11:34:59.730+03:00  INFO 7820 --- [WMS] [http-nio-8080-exec-2] c.w.W.o.s.DemandAnalysisOrderService     : trendsForOneMonth.getOrDefault(componentId, 1): 0
(trendsForOneMonth.getOrDefault(componentId, 0) - secondMonth): -5
2024-12-08T11:34:59.730+03:00  INFO 7820 --- [WMS] [http-nio-8080-exec-2] c.w.W.o.s.DemandAnalysisOrderService     : secondMonth: 3
2024-12-08T11:34:59.730+03:00  INFO 7820 --- [WMS] [http-nio-8080-exec-2] c.w.W.o.s.DemandAnalysisOrderService     : trendsForOneMonth.getOrDefault(componentId, 1): 0
(trendsForOneMonth.getOrDefault(componentId, 0) - secondMonth): -2
2024-12-08T11:34:59.730+03:00  INFO 7820 --- [WMS] [http-nio-8080-exec-2] c.w.W.o.s.DemandAnalysisOrderService     : secondMonth: 0
2024-12-08T11:34:59.730+03:00  INFO 7820 --- [WMS] [http-nio-8080-exec-2] c.w.W.o.s.DemandAnalysisOrderService     : secondMonth: 0
2024-12-08T11:34:59.730+03:00  INFO 7820 --- [WMS] [http-nio-8080-exec-2] c.w.W.o.s.DemandAnalysisOrderService     : secondMonth: 1
2024-12-08T11:34:59.730+03:00  INFO 7820 --- [WMS] [http-nio-8080-exec-2] c.w.W.o.s.DemandAnalysisOrderService     : trendsForOneMonth.getOrDefault(componentId, 1): 0
(trendsForOneMonth.getOrDefault(componentId, 0) - secondMonth): 0
2024-12-08T11:34:59.730+03:00  INFO 7820 --- [WMS] [http-nio-8080-exec-2] c.w.W.o.s.DemandAnalysisOrderService     : secondMonth: 0
2024-12-08T11:34:59.730+03:00  INFO 7820 --- [WMS] [http-nio-8080-exec-2] c.w.W.o.s.DemandAnalysisOrderService     : secondMonth: 0
2024-12-08T11:34:59.730+03:00  INFO 7820 --- [WMS] [http-nio-8080-exec-2] c.w.W.o.s.DemandAnalysisOrderService     : secondMonth: 12
2024-12-08T11:34:59.730+03:00  INFO 7820 --- [WMS] [http-nio-8080-exec-2] c.w.W.o.s.DemandAnalysisOrderService     : trendsForOneMonth.getOrDefault(componentId, 1): 0
(trendsForOneMonth.getOrDefault(componentId, 0) - secondMonth): -11
2024-12-08T11:34:59.730+03:00  INFO 7820 --- [WMS] [http-nio-8080-exec-2] c.w.W.o.s.DemandAnalysisOrderService     : secondMonth: 10
2024-12-08T11:34:59.730+03:00  INFO 7820 --- [WMS] [http-nio-8080-exec-2] c.w.W.o.s.DemandAnalysisOrderService     : trendsForOneMonth.getOrDefault(componentId, 1): 0
(trendsForOneMonth.getOrDefault(componentId, 0) - secondMonth): -9
2024-12-08T11:34:59.730+03:00  INFO 7820 --- [WMS] [http-nio-8080-exec-2] c.w.W.o.s.DemandAnalysisOrderService     : secondMonth: 0
2024-12-08T11:34:59.730+03:00  INFO 7820 --- [WMS] [http-nio-8080-exec-2] c.w.W.o.s.DemandAnalysisOrderService     : secondMonth: 0
2024-12-08T11:34:59.730+03:00  INFO 7820 --- [WMS] [http-nio-8080-exec-2] c.w.W.o.s.DemandAnalysisOrderService     : secondMonth: 0
2024-12-08T11:34:59.731+03:00  INFO 7820 --- [WMS] [http-nio-8080-exec-2] c.w.W.o.s.DemandAnalysisOrderService     : secondMonth: 0
2024-12-08T11:34:59.731+03:00  INFO 7820 --- [WMS] [http-nio-8080-exec-2] c.w.W.o.s.DemandAnalysisOrderService     : secondMonth: 0
2024-12-08T11:34:59.731+03:00  INFO 7820 --- [WMS] [http-nio-8080-exec-2] c.w.W.o.s.DemandAnalysisOrderService     : secondMonth: 0
2024-12-08T11:34:59.731+03:00  INFO 7820 --- [WMS] [http-nio-8080-exec-2] c.w.W.o.s.DemandAnalysisOrderService     : secondMonth: 0
2024-12-08T11:34:59.731+03:00  INFO 7820 --- [WMS] [http-nio-8080-exec-2] c.w.W.o.s.DemandAnalysisOrderService     : secondMonth: 0
2024-12-08T11:34:59.731+03:00  INFO 7820 --- [WMS] [http-nio-8080-exec-2] c.w.W.o.s.DemandAnalysisOrderService     : secondMonth: 0
2024-12-08T11:34:59.731+03:00  INFO 7820 --- [WMS] [http-nio-8080-exec-2] c.w.W.o.s.DemandAnalysisOrderService     : secondMonth: 0
2024-12-08T11:34:59.731+03:00  INFO 7820 --- [WMS] [http-nio-8080-exec-2] c.w.W.o.s.DemandAnalysisOrderService     : secondMonth: 0
2024-12-08T11:34:59.731+03:00  INFO 7820 --- [WMS] [http-nio-8080-exec-2] c.w.W.o.s.DemandAnalysisOrderService     : secondMonth: 0
2024-12-08T11:34:59.731+03:00  INFO 7820 --- [WMS] [http-nio-8080-exec-2] c.w.W.o.s.DemandAnalysisOrderService     : secondMonth: 0
2024-12-08T11:34:59.731+03:00  INFO 7820 --- [WMS] [http-nio-8080-exec-2] c.w.W.o.s.DemandAnalysisOrderService     : secondMonth: 0
2024-12-08T11:34:59.731+03:00  INFO 7820 --- [WMS] [http-nio-8080-exec-2] c.w.W.o.s.DemandAnalysisOrderService     : secondMonth: 0
2024-12-08T11:34:59.731+03:00  INFO 7820 --- [WMS] [http-nio-8080-exec-2] c.w.W.o.s.DemandAnalysisOrderService     : secondMonth: 0
2024-12-08T11:34:59.731+03:00  INFO 7820 --- [WMS] [http-nio-8080-exec-2] c.w.W.o.s.DemandAnalysisOrderService     : secondMonth: 0
2024-12-08T11:34:59.732+03:00  INFO 7820 --- [WMS] [http-nio-8080-exec-2] c.w.W.o.s.DemandAnalysisOrderService     : secondMonth: 0
2024-12-08T11:34:59.732+03:00  INFO 7820 --- [WMS] [http-nio-8080-exec-2] c.w.W.o.s.DemandAnalysisOrderService     : secondMonth: 0
2024-12-08T11:34:59.732+03:00  INFO 7820 --- [WMS] [http-nio-8080-exec-2] c.w.W.o.s.DemandAnalysisOrderService     : secondMonth: 0
2024-12-08T11:34:59.732+03:00  INFO 7820 --- [WMS] [http-nio-8080-exec-2] c.w.W.o.s.DemandAnalysisOrderService     : secondMonth: 0
2024-12-08T11:35:02.720+03:00  INFO 7820 --- [WMS] [http-nio-8080-exec-6] c.w.W.o.s.DemandAnalysisOrderService     : secondMonth: 5
2024-12-08T11:35:02.721+03:00  INFO 7820 --- [WMS] [http-nio-8080-exec-6] c.w.W.o.s.DemandAnalysisOrderService     : trendsForOneMonth.getOrDefault(componentId, 1): 0
(trendsForOneMonth.getOrDefault(componentId, 0) - secondMonth): -4
2024-12-08T11:35:02.721+03:00  INFO 7820 --- [WMS] [http-nio-8080-exec-6] c.w.W.o.s.DemandAnalysisOrderService     : secondMonth: 0
2024-12-08T11:35:02.721+03:00  INFO 7820 --- [WMS] [http-nio-8080-exec-6] c.w.W.o.s.DemandAnalysisOrderService     : secondMonth: 10
2024-12-08T11:35:02.721+03:00  INFO 7820 --- [WMS] [http-nio-8080-exec-6] c.w.W.o.s.DemandAnalysisOrderService     : trendsForOneMonth.getOrDefault(componentId, 1): 0
(trendsForOneMonth.getOrDefault(componentId, 0) - secondMonth): -9
2024-12-08T11:35:02.721+03:00  INFO 7820 --- [WMS] [http-nio-8080-exec-6] c.w.W.o.s.DemandAnalysisOrderService     : secondMonth: 15
2024-12-08T11:35:02.721+03:00  INFO 7820 --- [WMS] [http-nio-8080-exec-6] c.w.W.o.s.DemandAnalysisOrderService     : trendsForOneMonth.getOrDefault(componentId, 1): 0
(trendsForOneMonth.getOrDefault(componentId, 0) - secondMonth): -14
2024-12-08T11:35:02.721+03:00  INFO 7820 --- [WMS] [http-nio-8080-exec-6] c.w.W.o.s.DemandAnalysisOrderService     : secondMonth: 8
2024-12-08T11:35:02.721+03:00  INFO 7820 --- [WMS] [http-nio-8080-exec-6] c.w.W.o.s.DemandAnalysisOrderService     : trendsForOneMonth.getOrDefault(componentId, 1): 0
(trendsForOneMonth.getOrDefault(componentId, 0) - secondMonth): -7
2024-12-08T11:35:02.721+03:00  INFO 7820 --- [WMS] [http-nio-8080-exec-6] c.w.W.o.s.DemandAnalysisOrderService     : secondMonth: 0
2024-12-08T11:35:02.721+03:00  INFO 7820 --- [WMS] [http-nio-8080-exec-6] c.w.W.o.s.DemandAnalysisOrderService     : secondMonth: 0
2024-12-08T11:35:02.721+03:00  INFO 7820 --- [WMS] [http-nio-8080-exec-6] c.w.W.o.s.DemandAnalysisOrderService     : secondMonth: 4
2024-12-08T11:35:02.721+03:00  INFO 7820 --- [WMS] [http-nio-8080-exec-6] c.w.W.o.s.DemandAnalysisOrderService     : trendsForOneMonth.getOrDefault(componentId, 1): 0
(trendsForOneMonth.getOrDefault(componentId, 0) - secondMonth): -3
2024-12-08T11:35:02.721+03:00  INFO 7820 --- [WMS] [http-nio-8080-exec-6] c.w.W.o.s.DemandAnalysisOrderService     : secondMonth: 0
2024-12-08T11:35:02.721+03:00  INFO 7820 --- [WMS] [http-nio-8080-exec-6] c.w.W.o.s.DemandAnalysisOrderService     : secondMonth: 20
2024-12-08T11:35:02.721+03:00  INFO 7820 --- [WMS] [http-nio-8080-exec-6] c.w.W.o.s.DemandAnalysisOrderService     : trendsForOneMonth.getOrDefault(componentId, 1): 0
(trendsForOneMonth.getOrDefault(componentId, 0) - secondMonth): -19
2024-12-08T11:35:02.721+03:00  INFO 7820 --- [WMS] [http-nio-8080-exec-6] c.w.W.o.s.DemandAnalysisOrderService     : secondMonth: 8
2024-12-08T11:35:02.721+03:00  INFO 7820 --- [WMS] [http-nio-8080-exec-6] c.w.W.o.s.DemandAnalysisOrderService     : trendsForOneMonth.getOrDefault(componentId, 1): 0
(trendsForOneMonth.getOrDefault(componentId, 0) - secondMonth): -7
2024-12-08T11:35:02.721+03:00  INFO 7820 --- [WMS] [http-nio-8080-exec-6] c.w.W.o.s.DemandAnalysisOrderService     : secondMonth: 0
2024-12-08T11:35:02.721+03:00  INFO 7820 --- [WMS] [http-nio-8080-exec-6] c.w.W.o.s.DemandAnalysisOrderService     : secondMonth: 6
2024-12-08T11:35:02.721+03:00  INFO 7820 --- [WMS] [http-nio-8080-exec-6] c.w.W.o.s.DemandAnalysisOrderService     : trendsForOneMonth.getOrDefault(componentId, 1): 0
(trendsForOneMonth.getOrDefault(componentId, 0) - secondMonth): -5
2024-12-08T11:35:02.721+03:00  INFO 7820 --- [WMS] [http-nio-8080-exec-6] c.w.W.o.s.DemandAnalysisOrderService     : secondMonth: 3
2024-12-08T11:35:02.721+03:00  INFO 7820 --- [WMS] [http-nio-8080-exec-6] c.w.W.o.s.DemandAnalysisOrderService     : trendsForOneMonth.getOrDefault(componentId, 1): 0
(trendsForOneMonth.getOrDefault(componentId, 0) - secondMonth): -2
2024-12-08T11:35:02.721+03:00  INFO 7820 --- [WMS] [http-nio-8080-exec-6] c.w.W.o.s.DemandAnalysisOrderService     : secondMonth: 0
2024-12-08T11:35:02.721+03:00  INFO 7820 --- [WMS] [http-nio-8080-exec-6] c.w.W.o.s.DemandAnalysisOrderService     : secondMonth: 0
2024-12-08T11:35:02.721+03:00  INFO 7820 --- [WMS] [http-nio-8080-exec-6] c.w.W.o.s.DemandAnalysisOrderService     : secondMonth: 1
2024-12-08T11:35:02.721+03:00  INFO 7820 --- [WMS] [http-nio-8080-exec-6] c.w.W.o.s.DemandAnalysisOrderService     : trendsForOneMonth.getOrDefault(componentId, 1): 0
(trendsForOneMonth.getOrDefault(componentId, 0) - secondMonth): 0
2024-12-08T11:35:02.721+03:00  INFO 7820 --- [WMS] [http-nio-8080-exec-6] c.w.W.o.s.DemandAnalysisOrderService     : secondMonth: 0
2024-12-08T11:35:02.721+03:00  INFO 7820 --- [WMS] [http-nio-8080-exec-6] c.w.W.o.s.DemandAnalysisOrderService     : secondMonth: 0
2024-12-08T11:35:02.721+03:00  INFO 7820 --- [WMS] [http-nio-8080-exec-6] c.w.W.o.s.DemandAnalysisOrderService     : secondMonth: 12
2024-12-08T11:35:02.721+03:00  INFO 7820 --- [WMS] [http-nio-8080-exec-6] c.w.W.o.s.DemandAnalysisOrderService     : trendsForOneMonth.getOrDefault(componentId, 1): 0
(trendsForOneMonth.getOrDefault(componentId, 0) - secondMonth): -11
2024-12-08T11:35:02.722+03:00  INFO 7820 --- [WMS] [http-nio-8080-exec-6] c.w.W.o.s.DemandAnalysisOrderService     : secondMonth: 10
2024-12-08T11:35:02.722+03:00  INFO 7820 --- [WMS] [http-nio-8080-exec-6] c.w.W.o.s.DemandAnalysisOrderService     : trendsForOneMonth.getOrDefault(componentId, 1): 0
(trendsForOneMonth.getOrDefault(componentId, 0) - secondMonth): -9
2024-12-08T11:35:02.722+03:00  INFO 7820 --- [WMS] [http-nio-8080-exec-6] c.w.W.o.s.DemandAnalysisOrderService     : secondMonth: 0
2024-12-08T11:35:02.722+03:00  INFO 7820 --- [WMS] [http-nio-8080-exec-6] c.w.W.o.s.DemandAnalysisOrderService     : secondMonth: 0
2024-12-08T11:35:02.722+03:00  INFO 7820 --- [WMS] [http-nio-8080-exec-6] c.w.W.o.s.DemandAnalysisOrderService     : secondMonth: 0
2024-12-08T11:35:02.722+03:00  INFO 7820 --- [WMS] [http-nio-8080-exec-6] c.w.W.o.s.DemandAnalysisOrderService     : secondMonth: 0
2024-12-08T11:35:02.722+03:00  INFO 7820 --- [WMS] [http-nio-8080-exec-6] c.w.W.o.s.DemandAnalysisOrderService     : secondMonth: 0
2024-12-08T11:35:02.722+03:00  INFO 7820 --- [WMS] [http-nio-8080-exec-6] c.w.W.o.s.DemandAnalysisOrderService     : secondMonth: 0
2024-12-08T11:35:02.722+03:00  INFO 7820 --- [WMS] [http-nio-8080-exec-6] c.w.W.o.s.DemandAnalysisOrderService     : secondMonth: 0
2024-12-08T11:35:02.722+03:00  INFO 7820 --- [WMS] [http-nio-8080-exec-6] c.w.W.o.s.DemandAnalysisOrderService     : secondMonth: 0
2024-12-08T11:35:02.722+03:00  INFO 7820 --- [WMS] [http-nio-8080-exec-6] c.w.W.o.s.DemandAnalysisOrderService     : secondMonth: 0
2024-12-08T11:35:02.722+03:00  INFO 7820 --- [WMS] [http-nio-8080-exec-6] c.w.W.o.s.DemandAnalysisOrderService     : secondMonth: 0
2024-12-08T11:35:02.722+03:00  INFO 7820 --- [WMS] [http-nio-8080-exec-6] c.w.W.o.s.DemandAnalysisOrderService     : secondMonth: 0
2024-12-08T11:35:02.722+03:00  INFO 7820 --- [WMS] [http-nio-8080-exec-6] c.w.W.o.s.DemandAnalysisOrderService     : secondMonth: 0
2024-12-08T11:35:02.722+03:00  INFO 7820 --- [WMS] [http-nio-8080-exec-6] c.w.W.o.s.DemandAnalysisOrderService     : secondMonth: 0
2024-12-08T11:35:02.722+03:00  INFO 7820 --- [WMS] [http-nio-8080-exec-6] c.w.W.o.s.DemandAnalysisOrderService     : secondMonth: 0
2024-12-08T11:35:02.722+03:00  INFO 7820 --- [WMS] [http-nio-8080-exec-6] c.w.W.o.s.DemandAnalysisOrderService     : secondMonth: 0
2024-12-08T11:35:02.722+03:00  INFO 7820 --- [WMS] [http-nio-8080-exec-6] c.w.W.o.s.DemandAnalysisOrderService     : secondMonth: 0
2024-12-08T11:35:02.722+03:00  INFO 7820 --- [WMS] [http-nio-8080-exec-6] c.w.W.o.s.DemandAnalysisOrderService     : secondMonth: 0
2024-12-08T11:35:02.722+03:00  INFO 7820 --- [WMS] [http-nio-8080-exec-6] c.w.W.o.s.DemandAnalysisOrderService     : secondMonth: 0
2024-12-08T11:35:02.722+03:00  INFO 7820 --- [WMS] [http-nio-8080-exec-6] c.w.W.o.s.DemandAnalysisOrderService     : secondMonth: 0
2024-12-08T11:35:02.722+03:00  INFO 7820 --- [WMS] [http-nio-8080-exec-6] c.w.W.o.s.DemandAnalysisOrderService     : secondMonth: 0
2024-12-08T11:35:02.722+03:00  INFO 7820 --- [WMS] [http-nio-8080-exec-6] c.w.W.o.s.DemandAnalysisOrderService     : secondMonth: 0
2024-12-08T11:35:02.769+03:00  INFO 7820 --- [WMS] [http-nio-8080-exec-4] c.w.W.o.s.DemandAnalysisOrderService     : secondMonth: 5
2024-12-08T11:35:02.769+03:00  INFO 7820 --- [WMS] [http-nio-8080-exec-4] c.w.W.o.s.DemandAnalysisOrderService     : trendsForOneMonth.getOrDefault(componentId, 1): 0
(trendsForOneMonth.getOrDefault(componentId, 0) - secondMonth): -4
2024-12-08T11:35:02.769+03:00  INFO 7820 --- [WMS] [http-nio-8080-exec-4] c.w.W.o.s.DemandAnalysisOrderService     : secondMonth: 0
2024-12-08T11:35:02.769+03:00  INFO 7820 --- [WMS] [http-nio-8080-exec-4] c.w.W.o.s.DemandAnalysisOrderService     : secondMonth: 10
2024-12-08T11:35:02.769+03:00  INFO 7820 --- [WMS] [http-nio-8080-exec-4] c.w.W.o.s.DemandAnalysisOrderService     : trendsForOneMonth.getOrDefault(componentId, 1): 0
(trendsForOneMonth.getOrDefault(componentId, 0) - secondMonth): -9
2024-12-08T11:35:02.769+03:00  INFO 7820 --- [WMS] [http-nio-8080-exec-4] c.w.W.o.s.DemandAnalysisOrderService     : secondMonth: 15
2024-12-08T11:35:02.770+03:00  INFO 7820 --- [WMS] [http-nio-8080-exec-4] c.w.W.o.s.DemandAnalysisOrderService     : trendsForOneMonth.getOrDefault(componentId, 1): 0
(trendsForOneMonth.getOrDefault(componentId, 0) - secondMonth): -14
2024-12-08T11:35:02.770+03:00  INFO 7820 --- [WMS] [http-nio-8080-exec-4] c.w.W.o.s.DemandAnalysisOrderService     : secondMonth: 8
2024-12-08T11:35:02.770+03:00  INFO 7820 --- [WMS] [http-nio-8080-exec-4] c.w.W.o.s.DemandAnalysisOrderService     : trendsForOneMonth.getOrDefault(componentId, 1): 0
(trendsForOneMonth.getOrDefault(componentId, 0) - secondMonth): -7
2024-12-08T11:35:02.770+03:00  INFO 7820 --- [WMS] [http-nio-8080-exec-4] c.w.W.o.s.DemandAnalysisOrderService     : secondMonth: 0
2024-12-08T11:35:02.770+03:00  INFO 7820 --- [WMS] [http-nio-8080-exec-4] c.w.W.o.s.DemandAnalysisOrderService     : secondMonth: 0
2024-12-08T11:35:02.770+03:00  INFO 7820 --- [WMS] [http-nio-8080-exec-4] c.w.W.o.s.DemandAnalysisOrderService     : secondMonth: 4
2024-12-08T11:35:02.770+03:00  INFO 7820 --- [WMS] [http-nio-8080-exec-4] c.w.W.o.s.DemandAnalysisOrderService     : trendsForOneMonth.getOrDefault(componentId, 1): 0
(trendsForOneMonth.getOrDefault(componentId, 0) - secondMonth): -3
2024-12-08T11:35:02.770+03:00  INFO 7820 --- [WMS] [http-nio-8080-exec-4] c.w.W.o.s.DemandAnalysisOrderService     : secondMonth: 0
2024-12-08T11:35:02.770+03:00  INFO 7820 --- [WMS] [http-nio-8080-exec-4] c.w.W.o.s.DemandAnalysisOrderService     : secondMonth: 20
2024-12-08T11:35:02.770+03:00  INFO 7820 --- [WMS] [http-nio-8080-exec-4] c.w.W.o.s.DemandAnalysisOrderService     : trendsForOneMonth.getOrDefault(componentId, 1): 0
(trendsForOneMonth.getOrDefault(componentId, 0) - secondMonth): -19
2024-12-08T11:35:02.770+03:00  INFO 7820 --- [WMS] [http-nio-8080-exec-4] c.w.W.o.s.DemandAnalysisOrderService     : secondMonth: 8
2024-12-08T11:35:02.770+03:00  INFO 7820 --- [WMS] [http-nio-8080-exec-4] c.w.W.o.s.DemandAnalysisOrderService     : trendsForOneMonth.getOrDefault(componentId, 1): 0
(trendsForOneMonth.getOrDefault(componentId, 0) - secondMonth): -7
2024-12-08T11:35:02.770+03:00  INFO 7820 --- [WMS] [http-nio-8080-exec-4] c.w.W.o.s.DemandAnalysisOrderService     : secondMonth: 0
2024-12-08T11:35:02.770+03:00  INFO 7820 --- [WMS] [http-nio-8080-exec-4] c.w.W.o.s.DemandAnalysisOrderService     : secondMonth: 6
2024-12-08T11:35:02.770+03:00  INFO 7820 --- [WMS] [http-nio-8080-exec-4] c.w.W.o.s.DemandAnalysisOrderService     : trendsForOneMonth.getOrDefault(componentId, 1): 0
(trendsForOneMonth.getOrDefault(componentId, 0) - secondMonth): -5
2024-12-08T11:35:02.770+03:00  INFO 7820 --- [WMS] [http-nio-8080-exec-4] c.w.W.o.s.DemandAnalysisOrderService     : secondMonth: 3
2024-12-08T11:35:02.770+03:00  INFO 7820 --- [WMS] [http-nio-8080-exec-4] c.w.W.o.s.DemandAnalysisOrderService     : trendsForOneMonth.getOrDefault(componentId, 1): 0
(trendsForOneMonth.getOrDefault(componentId, 0) - secondMonth): -2
2024-12-08T11:35:02.771+03:00  INFO 7820 --- [WMS] [http-nio-8080-exec-4] c.w.W.o.s.DemandAnalysisOrderService     : secondMonth: 0
2024-12-08T11:35:02.771+03:00  INFO 7820 --- [WMS] [http-nio-8080-exec-4] c.w.W.o.s.DemandAnalysisOrderService     : secondMonth: 0
2024-12-08T11:35:02.771+03:00  INFO 7820 --- [WMS] [http-nio-8080-exec-4] c.w.W.o.s.DemandAnalysisOrderService     : secondMonth: 1
2024-12-08T11:35:02.771+03:00  INFO 7820 --- [WMS] [http-nio-8080-exec-4] c.w.W.o.s.DemandAnalysisOrderService     : trendsForOneMonth.getOrDefault(componentId, 1): 0
(trendsForOneMonth.getOrDefault(componentId, 0) - secondMonth): 0
2024-12-08T11:35:02.771+03:00  INFO 7820 --- [WMS] [http-nio-8080-exec-4] c.w.W.o.s.DemandAnalysisOrderService     : secondMonth: 0
2024-12-08T11:35:02.771+03:00  INFO 7820 --- [WMS] [http-nio-8080-exec-4] c.w.W.o.s.DemandAnalysisOrderService     : secondMonth: 0
2024-12-08T11:35:02.771+03:00  INFO 7820 --- [WMS] [http-nio-8080-exec-4] c.w.W.o.s.DemandAnalysisOrderService     : secondMonth: 12
2024-12-08T11:35:02.771+03:00  INFO 7820 --- [WMS] [http-nio-8080-exec-4] c.w.W.o.s.DemandAnalysisOrderService     : trendsForOneMonth.getOrDefault(componentId, 1): 0
(trendsForOneMonth.getOrDefault(componentId, 0) - secondMonth): -11
2024-12-08T11:35:02.771+03:00  INFO 7820 --- [WMS] [http-nio-8080-exec-4] c.w.W.o.s.DemandAnalysisOrderService     : secondMonth: 10
2024-12-08T11:35:02.771+03:00  INFO 7820 --- [WMS] [http-nio-8080-exec-4] c.w.W.o.s.DemandAnalysisOrderService     : trendsForOneMonth.getOrDefault(componentId, 1): 0
(trendsForOneMonth.getOrDefault(componentId, 0) - secondMonth): -9
2024-12-08T11:35:02.771+03:00  INFO 7820 --- [WMS] [http-nio-8080-exec-4] c.w.W.o.s.DemandAnalysisOrderService     : secondMonth: 0
2024-12-08T11:35:02.771+03:00  INFO 7820 --- [WMS] [http-nio-8080-exec-4] c.w.W.o.s.DemandAnalysisOrderService     : secondMonth: 0
2024-12-08T11:35:02.771+03:00  INFO 7820 --- [WMS] [http-nio-8080-exec-4] c.w.W.o.s.DemandAnalysisOrderService     : secondMonth: 0
2024-12-08T11:35:02.771+03:00  INFO 7820 --- [WMS] [http-nio-8080-exec-4] c.w.W.o.s.DemandAnalysisOrderService     : secondMonth: 0
2024-12-08T11:35:02.771+03:00  INFO 7820 --- [WMS] [http-nio-8080-exec-4] c.w.W.o.s.DemandAnalysisOrderService     : secondMonth: 0
2024-12-08T11:35:02.771+03:00  INFO 7820 --- [WMS] [http-nio-8080-exec-4] c.w.W.o.s.DemandAnalysisOrderService     : secondMonth: 0
2024-12-08T11:35:02.771+03:00  INFO 7820 --- [WMS] [http-nio-8080-exec-4] c.w.W.o.s.DemandAnalysisOrderService     : secondMonth: 0
2024-12-08T11:35:02.771+03:00  INFO 7820 --- [WMS] [http-nio-8080-exec-4] c.w.W.o.s.DemandAnalysisOrderService     : secondMonth: 0
2024-12-08T11:35:02.771+03:00  INFO 7820 --- [WMS] [http-nio-8080-exec-4] c.w.W.o.s.DemandAnalysisOrderService     : secondMonth: 0
2024-12-08T11:35:02.771+03:00  INFO 7820 --- [WMS] [http-nio-8080-exec-4] c.w.W.o.s.DemandAnalysisOrderService     : secondMonth: 0
2024-12-08T11:35:02.771+03:00  INFO 7820 --- [WMS] [http-nio-8080-exec-4] c.w.W.o.s.DemandAnalysisOrderService     : secondMonth: 0
2024-12-08T11:35:02.771+03:00  INFO 7820 --- [WMS] [http-nio-8080-exec-4] c.w.W.o.s.DemandAnalysisOrderService     : secondMonth: 0
2024-12-08T11:35:02.771+03:00  INFO 7820 --- [WMS] [http-nio-8080-exec-4] c.w.W.o.s.DemandAnalysisOrderService     : secondMonth: 0
2024-12-08T11:35:02.771+03:00  INFO 7820 --- [WMS] [http-nio-8080-exec-4] c.w.W.o.s.DemandAnalysisOrderService     : secondMonth: 0
2024-12-08T11:35:02.771+03:00  INFO 7820 --- [WMS] [http-nio-8080-exec-4] c.w.W.o.s.DemandAnalysisOrderService     : secondMonth: 0
2024-12-08T11:35:02.771+03:00  INFO 7820 --- [WMS] [http-nio-8080-exec-4] c.w.W.o.s.DemandAnalysisOrderService     : secondMonth: 0
2024-12-08T11:35:02.771+03:00  INFO 7820 --- [WMS] [http-nio-8080-exec-4] c.w.W.o.s.DemandAnalysisOrderService     : secondMonth: 0
2024-12-08T11:35:02.771+03:00  INFO 7820 --- [WMS] [http-nio-8080-exec-4] c.w.W.o.s.DemandAnalysisOrderService     : secondMonth: 0
2024-12-08T11:35:02.771+03:00  INFO 7820 --- [WMS] [http-nio-8080-exec-4] c.w.W.o.s.DemandAnalysisOrderService     : secondMonth: 0
2024-12-08T11:35:02.771+03:00  INFO 7820 --- [WMS] [http-nio-8080-exec-4] c.w.W.o.s.DemandAnalysisOrderService     : secondMonth: 0
2024-12-08T11:35:02.771+03:00  INFO 7820 --- [WMS] [http-nio-8080-exec-4] c.w.W.o.s.DemandAnalysisOrderService     : secondMonth: 0
2024-12-08T11:35:52.004+03:00  INFO 7820 --- [WMS] [SpringApplicationShutdownHook] j.LocalContainerEntityManagerFactoryBean : Closing JPA EntityManagerFactory for persistence unit 'default'
2024-12-08T11:35:52.007+03:00  INFO 7820 --- [WMS] [SpringApplicationShutdownHook] com.zaxxer.hikari.HikariDataSource       : HikariPool-1 - Shutdown initiated...
2024-12-08T11:35:52.016+03:00  INFO 7820 --- [WMS] [SpringApplicationShutdownHook] com.zaxxer.hikari.HikariDataSource       : HikariPool-1 - Shutdown completed.
2024-12-08T11:47:41.220+03:00  INFO 9236 --- [WMS] [main] com.warehouse.WMS.WmsApplication         : Starting WmsApplication using Java 22.0.2 with PID 9236 (C:\Users\Vadim\Desktop\WMS\target\classes started by Vadim in C:\Users\Vadim\Desktop\WMS)
2024-12-08T11:47:41.222+03:00  INFO 9236 --- [WMS] [main] com.warehouse.WMS.WmsApplication         : No active profile set, falling back to 1 default profile: "default"
2024-12-08T11:47:41.957+03:00  INFO 9236 --- [WMS] [main] .s.d.r.c.RepositoryConfigurationDelegate : Bootstrapping Spring Data JPA repositories in DEFAULT mode.
2024-12-08T11:47:42.023+03:00  INFO 9236 --- [WMS] [main] .s.d.r.c.RepositoryConfigurationDelegate : Finished Spring Data repository scanning in 58 ms. Found 5 JPA repository interfaces.
2024-12-08T11:47:42.415+03:00  INFO 9236 --- [WMS] [main] o.s.b.w.embedded.tomcat.TomcatWebServer  : Tomcat initialized with port 8080 (http)
2024-12-08T11:47:42.425+03:00  INFO 9236 --- [WMS] [main] o.apache.catalina.core.StandardService   : Starting service [Tomcat]
2024-12-08T11:47:42.426+03:00  INFO 9236 --- [WMS] [main] o.apache.catalina.core.StandardEngine    : Starting Servlet engine: [Apache Tomcat/10.1.31]
2024-12-08T11:47:42.474+03:00  INFO 9236 --- [WMS] [main] o.a.c.c.C.[Tomcat].[localhost].[/]       : Initializing Spring embedded WebApplicationContext
2024-12-08T11:47:42.474+03:00  INFO 9236 --- [WMS] [main] w.s.c.ServletWebServerApplicationContext : Root WebApplicationContext: initialization completed in 1206 ms
2024-12-08T11:47:42.587+03:00  INFO 9236 --- [WMS] [main] com.zaxxer.hikari.HikariDataSource       : HikariPool-1 - Starting...
2024-12-08T11:47:42.883+03:00  INFO 9236 --- [WMS] [main] com.zaxxer.hikari.pool.HikariPool        : HikariPool-1 - Added connection com.mysql.cj.jdbc.ConnectionImpl@427308f8
2024-12-08T11:47:42.886+03:00  INFO 9236 --- [WMS] [main] com.zaxxer.hikari.HikariDataSource       : HikariPool-1 - Start completed.
2024-12-08T11:47:42.923+03:00  INFO 9236 --- [WMS] [main] o.hibernate.jpa.internal.util.LogHelper  : HHH000204: Processing PersistenceUnitInfo [name: default]
2024-12-08T11:47:42.967+03:00  INFO 9236 --- [WMS] [main] org.hibernate.Version                    : HHH000412: Hibernate ORM core version 6.5.3.Final
2024-12-08T11:47:43.006+03:00  INFO 9236 --- [WMS] [main] o.h.c.internal.RegionFactoryInitiator    : HHH000026: Second-level cache disabled
2024-12-08T11:47:43.279+03:00  INFO 9236 --- [WMS] [main] o.s.o.j.p.SpringPersistenceUnitInfo      : No LoadTimeWeaver setup: ignoring JPA class transformer
2024-12-08T11:47:44.232+03:00  INFO 9236 --- [WMS] [main] o.h.e.t.j.p.i.JtaPlatformInitiator       : HHH000489: No JTA platform available (set 'hibernate.transaction.jta.platform' to enable JTA platform integration)
2024-12-08T11:47:44.235+03:00  INFO 9236 --- [WMS] [main] j.LocalContainerEntityManagerFactoryBean : Initialized JPA EntityManagerFactory for persistence unit 'default'
2024-12-08T11:47:44.640+03:00  WARN 9236 --- [WMS] [main] JpaBaseConfiguration$JpaWebConfiguration : spring.jpa.open-in-view is enabled by default. Therefore, database queries may be performed during view rendering. Explicitly configure spring.jpa.open-in-view to disable this warning
2024-12-08T11:47:44.968+03:00  INFO 9236 --- [WMS] [main] o.s.b.w.embedded.tomcat.TomcatWebServer  : Tomcat started on port 8080 (http) with context path '/'
2024-12-08T11:47:44.975+03:00  INFO 9236 --- [WMS] [main] com.warehouse.WMS.WmsApplication         : Started WmsApplication in 4.118 seconds (process running for 4.723)
2024-12-08T11:48:02.804+03:00  INFO 9236 --- [WMS] [http-nio-8080-exec-1] o.a.c.c.C.[Tomcat].[localhost].[/]       : Initializing Spring DispatcherServlet 'dispatcherServlet'
2024-12-08T11:48:02.804+03:00  INFO 9236 --- [WMS] [http-nio-8080-exec-1] o.s.web.servlet.DispatcherServlet        : Initializing Servlet 'dispatcherServlet'
2024-12-08T11:48:02.805+03:00  INFO 9236 --- [WMS] [http-nio-8080-exec-1] o.s.web.servlet.DispatcherServlet        : Completed initialization in 1 ms
2024-12-08T11:48:19.605+03:00  INFO 9236 --- [WMS] [SpringApplicationShutdownHook] j.LocalContainerEntityManagerFactoryBean : Closing JPA EntityManagerFactory for persistence unit 'default'
2024-12-08T11:48:19.608+03:00  INFO 9236 --- [WMS] [SpringApplicationShutdownHook] com.zaxxer.hikari.HikariDataSource       : HikariPool-1 - Shutdown initiated...
2024-12-08T11:48:19.616+03:00  INFO 9236 --- [WMS] [SpringApplicationShutdownHook] com.zaxxer.hikari.HikariDataSource       : HikariPool-1 - Shutdown completed.
2024-12-08T11:50:08.865+03:00  INFO 12504 --- [WMS] [main] com.warehouse.WMS.WmsApplication         : Starting WmsApplication using Java 22.0.2 with PID 12504 (C:\Users\Vadim\Desktop\WMS\target\classes started by Vadim in C:\Users\Vadim\Desktop\WMS)
2024-12-08T11:50:08.866+03:00  INFO 12504 --- [WMS] [main] com.warehouse.WMS.WmsApplication         : No active profile set, falling back to 1 default profile: "default"
2024-12-08T11:50:09.504+03:00  INFO 12504 --- [WMS] [main] .s.d.r.c.RepositoryConfigurationDelegate : Bootstrapping Spring Data JPA repositories in DEFAULT mode.
2024-12-08T11:50:09.558+03:00  INFO 12504 --- [WMS] [main] .s.d.r.c.RepositoryConfigurationDelegate : Finished Spring Data repository scanning in 49 ms. Found 5 JPA repository interfaces.
2024-12-08T11:50:09.951+03:00  INFO 12504 --- [WMS] [main] o.s.b.w.embedded.tomcat.TomcatWebServer  : Tomcat initialized with port 8080 (http)
2024-12-08T11:50:09.962+03:00  INFO 12504 --- [WMS] [main] o.apache.catalina.core.StandardService   : Starting service [Tomcat]
2024-12-08T11:50:09.963+03:00  INFO 12504 --- [WMS] [main] o.apache.catalina.core.StandardEngine    : Starting Servlet engine: [Apache Tomcat/10.1.31]
2024-12-08T11:50:10.008+03:00  INFO 12504 --- [WMS] [main] o.a.c.c.C.[Tomcat].[localhost].[/]       : Initializing Spring embedded WebApplicationContext
2024-12-08T11:50:10.008+03:00  INFO 12504 --- [WMS] [main] w.s.c.ServletWebServerApplicationContext : Root WebApplicationContext: initialization completed in 1104 ms
2024-12-08T11:50:10.104+03:00  INFO 12504 --- [WMS] [main] com.zaxxer.hikari.HikariDataSource       : HikariPool-1 - Starting...
2024-12-08T11:50:10.367+03:00  INFO 12504 --- [WMS] [main] com.zaxxer.hikari.pool.HikariPool        : HikariPool-1 - Added connection com.mysql.cj.jdbc.ConnectionImpl@74fb5b59
2024-12-08T11:50:10.369+03:00  INFO 12504 --- [WMS] [main] com.zaxxer.hikari.HikariDataSource       : HikariPool-1 - Start completed.
2024-12-08T11:50:10.400+03:00  INFO 12504 --- [WMS] [main] o.hibernate.jpa.internal.util.LogHelper  : HHH000204: Processing PersistenceUnitInfo [name: default]
2024-12-08T11:50:10.439+03:00  INFO 12504 --- [WMS] [main] org.hibernate.Version                    : HHH000412: Hibernate ORM core version 6.5.3.Final
2024-12-08T11:50:10.464+03:00  INFO 12504 --- [WMS] [main] o.h.c.internal.RegionFactoryInitiator    : HHH000026: Second-level cache disabled
2024-12-08T11:50:10.710+03:00  INFO 12504 --- [WMS] [main] o.s.o.j.p.SpringPersistenceUnitInfo      : No LoadTimeWeaver setup: ignoring JPA class transformer
2024-12-08T11:50:11.586+03:00  INFO 12504 --- [WMS] [main] o.h.e.t.j.p.i.JtaPlatformInitiator       : HHH000489: No JTA platform available (set 'hibernate.transaction.jta.platform' to enable JTA platform integration)
2024-12-08T11:50:11.588+03:00  INFO 12504 --- [WMS] [main] j.LocalContainerEntityManagerFactoryBean : Initialized JPA EntityManagerFactory for persistence unit 'default'
2024-12-08T11:50:11.936+03:00  WARN 12504 --- [WMS] [main] JpaBaseConfiguration$JpaWebConfiguration : spring.jpa.open-in-view is enabled by default. Therefore, database queries may be performed during view rendering. Explicitly configure spring.jpa.open-in-view to disable this warning
2024-12-08T11:50:12.260+03:00  INFO 12504 --- [WMS] [main] o.s.b.w.embedded.tomcat.TomcatWebServer  : Tomcat started on port 8080 (http) with context path '/'
2024-12-08T11:50:12.267+03:00  INFO 12504 --- [WMS] [main] com.warehouse.WMS.WmsApplication         : Started WmsApplication in 3.734 seconds (process running for 4.284)
2024-12-08T11:50:16.344+03:00  INFO 12504 --- [WMS] [http-nio-8080-exec-1] o.a.c.c.C.[Tomcat].[localhost].[/]       : Initializing Spring DispatcherServlet 'dispatcherServlet'
2024-12-08T11:50:16.344+03:00  INFO 12504 --- [WMS] [http-nio-8080-exec-1] o.s.web.servlet.DispatcherServlet        : Initializing Servlet 'dispatcherServlet'
2024-12-08T11:50:16.346+03:00  INFO 12504 --- [WMS] [http-nio-8080-exec-1] o.s.web.servlet.DispatcherServlet        : Completed initialization in 2 ms
2024-12-08T11:50:16.589+03:00  INFO 12504 --- [WMS] [http-nio-8080-exec-1] c.w.W.o.s.DemandAnalysisOrderService     : componentIdQuantityMap : {32=4, 24=9, 25=20, 26=3, 27=5, 28=4, 29=6, 30=7, 31=9}
2024-12-08T11:50:16.590+03:00  INFO 12504 --- [WMS] [http-nio-8080-exec-1] c.w.W.o.s.DemandAnalysisOrderService     : componentIdQuantityMap : {32=4, 6=12, 11=15, 12=10, 13=20, 14=10, 15=8, 18=8, 19=5, 20=4, 21=6, 22=3, 23=1, 24=9, 25=20, 26=3, 27=5, 28=4, 29=6, 30=7, 31=9}
2024-12-08T11:50:16.590+03:00  INFO 12504 --- [WMS] [http-nio-8080-exec-1] c.w.W.o.s.DemandAnalysisOrderService     : componentIdQuantityMap : {32=4, 24=9, 25=20, 26=3, 27=5, 28=4, 29=6, 30=7, 31=9}
2024-12-08T11:50:16.590+03:00  INFO 12504 --- [WMS] [http-nio-8080-exec-1] c.w.W.o.s.DemandAnalysisOrderService     : componentIdQuantityMap : {6=12, 11=15, 12=10, 13=20, 14=10, 15=8, 18=8, 19=5, 20=4, 21=6, 22=3, 23=1, 24=9}
2024-12-08T11:50:16.590+03:00  INFO 12504 --- [WMS] [http-nio-8080-exec-1] c.w.W.o.s.DemandAnalysisOrderService     : componentIdQuantityMap : {32=4, 6=12, 11=15, 12=10, 13=20, 14=10, 15=8, 18=8, 19=5, 20=4, 21=6, 22=3, 23=1, 24=9, 25=20, 26=3, 27=5, 28=4, 29=6, 30=7, 31=9}
2024-12-08T11:50:16.590+03:00  INFO 12504 --- [WMS] [http-nio-8080-exec-1] c.w.W.o.s.DemandAnalysisOrderService     : componentIdQuantityMap : {}
2024-12-08T11:50:16.691+03:00  INFO 12504 --- [WMS] [http-nio-8080-exec-3] c.w.W.o.s.DemandAnalysisOrderService     : componentIdQuantityMap : {32=4, 24=9, 25=20, 26=3, 27=5, 28=4, 29=6, 30=7, 31=9}
2024-12-08T11:50:16.691+03:00  INFO 12504 --- [WMS] [http-nio-8080-exec-3] c.w.W.o.s.DemandAnalysisOrderService     : componentIdQuantityMap : {32=4, 6=12, 11=15, 12=10, 13=20, 14=10, 15=8, 18=8, 19=5, 20=4, 21=6, 22=3, 23=1, 24=9, 25=20, 26=3, 27=5, 28=4, 29=6, 30=7, 31=9}
2024-12-08T11:50:16.691+03:00  INFO 12504 --- [WMS] [http-nio-8080-exec-3] c.w.W.o.s.DemandAnalysisOrderService     : componentIdQuantityMap : {32=4, 24=9, 25=20, 26=3, 27=5, 28=4, 29=6, 30=7, 31=9}
2024-12-08T11:50:16.691+03:00  INFO 12504 --- [WMS] [http-nio-8080-exec-3] c.w.W.o.s.DemandAnalysisOrderService     : componentIdQuantityMap : {6=12, 11=15, 12=10, 13=20, 14=10, 15=8, 18=8, 19=5, 20=4, 21=6, 22=3, 23=1, 24=9}
2024-12-08T11:50:16.692+03:00  INFO 12504 --- [WMS] [http-nio-8080-exec-3] c.w.W.o.s.DemandAnalysisOrderService     : componentIdQuantityMap : {32=4, 6=12, 11=15, 12=10, 13=20, 14=10, 15=8, 18=8, 19=5, 20=4, 21=6, 22=3, 23=1, 24=9, 25=20, 26=3, 27=5, 28=4, 29=6, 30=7, 31=9}
2024-12-08T11:50:16.692+03:00  INFO 12504 --- [WMS] [http-nio-8080-exec-3] c.w.W.o.s.DemandAnalysisOrderService     : componentIdQuantityMap : {}
2024-12-08T11:52:47.033+03:00  INFO 12504 --- [WMS] [http-nio-8080-exec-5] c.w.W.w.services.GetWarehousesService    : Получение всех запасов со склада
2024-12-08T11:52:47.069+03:00  INFO 12504 --- [WMS] [http-nio-8080-exec-6] c.w.W.w.services.GetWarehousesService    : Получение всех запасов со склада
2024-12-08T11:53:21.656+03:00  INFO 12504 --- [WMS] [http-nio-8080-exec-10] c.w.W.w.services.GetWarehousesService    : Получение всех запасов со склада
2024-12-08T11:53:21.687+03:00  INFO 12504 --- [WMS] [http-nio-8080-exec-9] c.w.W.w.services.GetWarehousesService    : Получение всех запасов со склада
2024-12-08T11:53:26.521+03:00  INFO 12504 --- [WMS] [http-nio-8080-exec-1] c.w.W.o.s.DemandAnalysisOrderService     : componentIdQuantityMap : {32=4, 24=9, 25=20, 26=3, 27=5, 28=4, 29=6, 30=7, 31=9}
2024-12-08T11:53:26.521+03:00  INFO 12504 --- [WMS] [http-nio-8080-exec-1] c.w.W.o.s.DemandAnalysisOrderService     : componentIdQuantityMap : {32=4, 6=12, 11=15, 12=10, 13=20, 14=10, 15=8, 18=8, 19=5, 20=4, 21=6, 22=3, 23=1, 24=9, 25=20, 26=3, 27=5, 28=4, 29=6, 30=7, 31=9}
2024-12-08T11:53:26.521+03:00  INFO 12504 --- [WMS] [http-nio-8080-exec-1] c.w.W.o.s.DemandAnalysisOrderService     : componentIdQuantityMap : {32=4, 24=9, 25=20, 26=3, 27=5, 28=4, 29=6, 30=7, 31=9}
2024-12-08T11:53:26.521+03:00  INFO 12504 --- [WMS] [http-nio-8080-exec-1] c.w.W.o.s.DemandAnalysisOrderService     : componentIdQuantityMap : {6=12, 11=15, 12=10, 13=20, 14=10, 15=8, 18=8, 19=5, 20=4, 21=6, 22=3, 23=1, 24=9}
2024-12-08T11:53:26.521+03:00  INFO 12504 --- [WMS] [http-nio-8080-exec-1] c.w.W.o.s.DemandAnalysisOrderService     : componentIdQuantityMap : {32=4, 6=12, 11=15, 12=10, 13=20, 14=10, 15=8, 18=8, 19=5, 20=4, 21=6, 22=3, 23=1, 24=9, 25=20, 26=3, 27=5, 28=4, 29=6, 30=7, 31=9}
2024-12-08T11:53:26.521+03:00  INFO 12504 --- [WMS] [http-nio-8080-exec-1] c.w.W.o.s.DemandAnalysisOrderService     : componentIdQuantityMap : {}
2024-12-08T11:53:26.562+03:00  INFO 12504 --- [WMS] [http-nio-8080-exec-3] c.w.W.o.s.DemandAnalysisOrderService     : componentIdQuantityMap : {32=4, 24=9, 25=20, 26=3, 27=5, 28=4, 29=6, 30=7, 31=9}
2024-12-08T11:53:26.562+03:00  INFO 12504 --- [WMS] [http-nio-8080-exec-3] c.w.W.o.s.DemandAnalysisOrderService     : componentIdQuantityMap : {32=4, 6=12, 11=15, 12=10, 13=20, 14=10, 15=8, 18=8, 19=5, 20=4, 21=6, 22=3, 23=1, 24=9, 25=20, 26=3, 27=5, 28=4, 29=6, 30=7, 31=9}
2024-12-08T11:53:26.562+03:00  INFO 12504 --- [WMS] [http-nio-8080-exec-3] c.w.W.o.s.DemandAnalysisOrderService     : componentIdQuantityMap : {32=4, 24=9, 25=20, 26=3, 27=5, 28=4, 29=6, 30=7, 31=9}
2024-12-08T11:53:26.562+03:00  INFO 12504 --- [WMS] [http-nio-8080-exec-3] c.w.W.o.s.DemandAnalysisOrderService     : componentIdQuantityMap : {6=12, 11=15, 12=10, 13=20, 14=10, 15=8, 18=8, 19=5, 20=4, 21=6, 22=3, 23=1, 24=9}
2024-12-08T11:53:26.562+03:00  INFO 12504 --- [WMS] [http-nio-8080-exec-3] c.w.W.o.s.DemandAnalysisOrderService     : componentIdQuantityMap : {32=4, 6=12, 11=15, 12=10, 13=20, 14=10, 15=8, 18=8, 19=5, 20=4, 21=6, 22=3, 23=1, 24=9, 25=20, 26=3, 27=5, 28=4, 29=6, 30=7, 31=9}
2024-12-08T11:53:26.562+03:00  INFO 12504 --- [WMS] [http-nio-8080-exec-3] c.w.W.o.s.DemandAnalysisOrderService     : componentIdQuantityMap : {}
2024-12-08T11:55:11.146+03:00  INFO 12504 --- [WMS] [SpringApplicationShutdownHook] j.LocalContainerEntityManagerFactoryBean : Closing JPA EntityManagerFactory for persistence unit 'default'
2024-12-08T11:55:11.147+03:00  INFO 12504 --- [WMS] [SpringApplicationShutdownHook] com.zaxxer.hikari.HikariDataSource       : HikariPool-1 - Shutdown initiated...
2024-12-08T11:55:11.152+03:00  INFO 12504 --- [WMS] [SpringApplicationShutdownHook] com.zaxxer.hikari.HikariDataSource       : HikariPool-1 - Shutdown completed.
2024-12-08T11:56:13.975+03:00  INFO 14476 --- [WMS] [main] com.warehouse.WMS.WmsApplication         : Starting WmsApplication using Java 22.0.2 with PID 14476 (C:\Users\Vadim\Desktop\WMS\target\classes started by Vadim in C:\Users\Vadim\Desktop\WMS)
2024-12-08T11:56:13.977+03:00  INFO 14476 --- [WMS] [main] com.warehouse.WMS.WmsApplication         : No active profile set, falling back to 1 default profile: "default"
2024-12-08T11:56:14.652+03:00  INFO 14476 --- [WMS] [main] .s.d.r.c.RepositoryConfigurationDelegate : Bootstrapping Spring Data JPA repositories in DEFAULT mode.
2024-12-08T11:56:14.718+03:00  INFO 14476 --- [WMS] [main] .s.d.r.c.RepositoryConfigurationDelegate : Finished Spring Data repository scanning in 58 ms. Found 5 JPA repository interfaces.
2024-12-08T11:56:15.132+03:00  INFO 14476 --- [WMS] [main] o.s.b.w.embedded.tomcat.TomcatWebServer  : Tomcat initialized with port 8080 (http)
2024-12-08T11:56:15.151+03:00  INFO 14476 --- [WMS] [main] o.apache.catalina.core.StandardService   : Starting service [Tomcat]
2024-12-08T11:56:15.151+03:00  INFO 14476 --- [WMS] [main] o.apache.catalina.core.StandardEngine    : Starting Servlet engine: [Apache Tomcat/10.1.31]
2024-12-08T11:56:15.201+03:00  INFO 14476 --- [WMS] [main] o.a.c.c.C.[Tomcat].[localhost].[/]       : Initializing Spring embedded WebApplicationContext
2024-12-08T11:56:15.201+03:00  INFO 14476 --- [WMS] [main] w.s.c.ServletWebServerApplicationContext : Root WebApplicationContext: initialization completed in 1186 ms
2024-12-08T11:56:15.309+03:00  INFO 14476 --- [WMS] [main] com.zaxxer.hikari.HikariDataSource       : HikariPool-1 - Starting...
2024-12-08T11:56:15.572+03:00  INFO 14476 --- [WMS] [main] com.zaxxer.hikari.pool.HikariPool        : HikariPool-1 - Added connection com.mysql.cj.jdbc.ConnectionImpl@22f8adc2
2024-12-08T11:56:15.574+03:00  INFO 14476 --- [WMS] [main] com.zaxxer.hikari.HikariDataSource       : HikariPool-1 - Start completed.
2024-12-08T11:56:15.605+03:00  INFO 14476 --- [WMS] [main] o.hibernate.jpa.internal.util.LogHelper  : HHH000204: Processing PersistenceUnitInfo [name: default]
2024-12-08T11:56:15.644+03:00  INFO 14476 --- [WMS] [main] org.hibernate.Version                    : HHH000412: Hibernate ORM core version 6.5.3.Final
2024-12-08T11:56:15.669+03:00  INFO 14476 --- [WMS] [main] o.h.c.internal.RegionFactoryInitiator    : HHH000026: Second-level cache disabled
2024-12-08T11:56:15.912+03:00  INFO 14476 --- [WMS] [main] o.s.o.j.p.SpringPersistenceUnitInfo      : No LoadTimeWeaver setup: ignoring JPA class transformer
2024-12-08T11:56:16.776+03:00  INFO 14476 --- [WMS] [main] o.h.e.t.j.p.i.JtaPlatformInitiator       : HHH000489: No JTA platform available (set 'hibernate.transaction.jta.platform' to enable JTA platform integration)
2024-12-08T11:56:16.779+03:00  INFO 14476 --- [WMS] [main] j.LocalContainerEntityManagerFactoryBean : Initialized JPA EntityManagerFactory for persistence unit 'default'
2024-12-08T11:56:17.142+03:00  WARN 14476 --- [WMS] [main] JpaBaseConfiguration$JpaWebConfiguration : spring.jpa.open-in-view is enabled by default. Therefore, database queries may be performed during view rendering. Explicitly configure spring.jpa.open-in-view to disable this warning
2024-12-08T11:56:17.517+03:00  INFO 14476 --- [WMS] [main] o.s.b.w.embedded.tomcat.TomcatWebServer  : Tomcat started on port 8080 (http) with context path '/'
2024-12-08T11:56:17.524+03:00  INFO 14476 --- [WMS] [main] com.warehouse.WMS.WmsApplication         : Started WmsApplication in 3.886 seconds (process running for 4.411)
2024-12-08T11:56:19.635+03:00  INFO 14476 --- [WMS] [http-nio-8080-exec-1] o.a.c.c.C.[Tomcat].[localhost].[/]       : Initializing Spring DispatcherServlet 'dispatcherServlet'
2024-12-08T11:56:19.636+03:00  INFO 14476 --- [WMS] [http-nio-8080-exec-1] o.s.web.servlet.DispatcherServlet        : Initializing Servlet 'dispatcherServlet'
2024-12-08T11:56:19.637+03:00  INFO 14476 --- [WMS] [http-nio-8080-exec-1] o.s.web.servlet.DispatcherServlet        : Completed initialization in 1 ms
2024-12-08T11:56:19.869+03:00  INFO 14476 --- [WMS] [http-nio-8080-exec-1] c.w.W.o.s.DemandAnalysisOrderService     : [OrderDTO(id=2, orderDate=2024-11-02, deliveryDate=2024-11-12, components=[ComponentDTO(id=6, name=Оперативная память Corsair, category=Оперативная память, manufacture=Corsair, model=Vengeance LPX 16GB, price=116), ComponentDTO(id=12, name=Корпус NZXT, category=Корпус, manufacture=NZXT, model=H510 Elite, price=260)], quantities=[-12, 10], totalQuantity=-2, status=Завершен), OrderDTO(id=1, orderDate=2024-11-01, deliveryDate=2024-11-10, components=[ComponentDTO(id=11, name=Внешний жёсткий диск Seagate, category=Накопитель, manufacture=Seagate, model=Backup Plus 4TB, price=230), ComponentDTO(id=18, name=SSD Kingston, category=Накопитель, manufacture=Kingston, model=A2000 1TB, price=100)], quantities=[15, -8], totalQuantity=7, status=Завершен), OrderDTO(id=3, orderDate=2024-11-03, deliveryDate=2024-11-13, components=[ComponentDTO(id=13, name=Вентилятор Noctua, category=Система охлаждения, manufacture=Noctua, model=NF-A12x25 PWM, price=45), ComponentDTO(id=19, name=Видеокарта ASUS, category=Видеокарта, manufacture=ASUS, model=ROG Strix RTX 3060, price=550)], quantities=[20, -5], totalQuantity=15, status=Завершен), OrderDTO(id=4, orderDate=2024-11-04, deliveryDate=2024-11-14, components=[ComponentDTO(id=14, name=Материнская плата ASUS, category=Материнская плата, manufacture=ASUS, model=ROG Strix Z490-E, price=560), ComponentDTO(id=20, name=Блок питания Seasonic, category=Блок питания, manufacture=Seasonic, model=Focus GX-750, price=120)], quantities=[10, -4], totalQuantity=6, status=Завершен), OrderDTO(id=5, orderDate=2024-11-05, deliveryDate=2024-11-15, components=[ComponentDTO(id=15, name=Игровой монитор Xiaomi Redmi, category=Монитор, manufacture=Xiaomi Redmi, model=G24 A24FAA-RG, price=335), ComponentDTO(id=21, name=Кулер Noctua, category=Система охлаждения, manufacture=Noctua, model=NH-D15, price=90)], quantities=[8, -6], totalQuantity=2, status=Завершен), OrderDTO(id=38, orderDate=2024-11-06, deliveryDate=2024-11-16, components=[ComponentDTO(id=22, name=Материнская плата MSI, category=Материнская плата, manufacture=MSI, model=B550-A PRO, price=150)], quantities=[-3], totalQuantity=-3, status=Завершен), OrderDTO(id=39, orderDate=2024-11-07, deliveryDate=2024-11-17, components=[ComponentDTO(id=23, name=Монитор LG, category=Монитор, manufacture=LG, model=UltraGear 27GN950, price=900)], quantities=[-1], totalQuantity=-1, status=Завершен), OrderDTO(id=40, orderDate=2024-11-08, deliveryDate=2024-11-18, components=[ComponentDTO(id=24, name=Клавиатура Razer, category=Клавиатура, manufacture=Razer, model=BlackWidow V3, price=130)], quantities=[-9], totalQuantity=-9, status=Завершен), OrderDTO(id=41, orderDate=2024-11-09, deliveryDate=2024-11-19, components=[ComponentDTO(id=25, name=Мышь Logitech, category=Компьютерная мышь, manufacture=Logitech, model=G502 HERO, price=50)], quantities=[-20], totalQuantity=-20, status=Завершен), OrderDTO(id=42, orderDate=2024-11-10, deliveryDate=2024-11-20, components=[ComponentDTO(id=26, name=Внешний жесткий диск WD, category=Накопитель, manufacture=Western Digital, model=My Passport 4TB, price=120)], quantities=[-3], totalQuantity=-3, status=Завершен), OrderDTO(id=43, orderDate=2024-11-13, deliveryDate=2024-11-23, components=[ComponentDTO(id=27, name=Кулер Arctic, category=Система охлаждения, manufacture=Arctic, model=Freezer 34 eSports DUO, price=70)], quantities=[-5], totalQuantity=-5, status=Завершен), OrderDTO(id=44, orderDate=2024-11-15, deliveryDate=2024-11-25, components=[ComponentDTO(id=28, name=Системный блок Thermaltake, category=Корпус, manufacture=Thermaltake, model=V200, price=100)], quantities=[-4], totalQuantity=-4, status=Завершен), OrderDTO(id=45, orderDate=2024-11-16, deliveryDate=2024-11-26, components=[ComponentDTO(id=29, name=Память G.Skill, category=Оперативная память, manufacture=G.Skill, model=Ripjaws V 32GB, price=150)], quantities=[-6], totalQuantity=-6, status=Завершен), OrderDTO(id=46, orderDate=2024-11-17, deliveryDate=2024-11-27, components=[ComponentDTO(id=30, name=Клавиатура SteelSeries, category=Клавиатура, manufacture=SteelSeries, model=Apex 7, price=130)], quantities=[-7], totalQuantity=-7, status=Завершен), OrderDTO(id=47, orderDate=2024-11-18, deliveryDate=2024-11-28, components=[ComponentDTO(id=31, name=Мышь Corsair, category=Компьютерная мышь, manufacture=Corsair, model=M65 RGB Elite, price=80)], quantities=[-9], totalQuantity=-9, status=Завершен), OrderDTO(id=48, orderDate=2024-11-19, deliveryDate=2024-11-29, components=[ComponentDTO(id=32, name=Внешний SSD Samsung, category=Накопитель, manufacture=Samsung, model=T7 1TB, price=150)], quantities=[-4], totalQuantity=-4, status=Завершен)]
2024-12-08T11:56:19.870+03:00  INFO 14476 --- [WMS] [http-nio-8080-exec-1] c.w.W.o.s.DemandAnalysisOrderService     : componentIdQuantityMap : {32=4, 24=9, 25=20, 26=3, 27=5, 28=4, 29=6, 30=7, 31=9}
2024-12-08T11:56:19.871+03:00  INFO 14476 --- [WMS] [http-nio-8080-exec-1] c.w.W.o.s.DemandAnalysisOrderService     : componentIdQuantityMap : {32=4, 6=12, 11=15, 12=10, 13=20, 14=10, 15=8, 18=8, 19=5, 20=4, 21=6, 22=3, 23=1, 24=9, 25=20, 26=3, 27=5, 28=4, 29=6, 30=7, 31=9}
2024-12-08T11:56:19.871+03:00  INFO 14476 --- [WMS] [http-nio-8080-exec-1] c.w.W.o.s.DemandAnalysisOrderService     : componentIdQuantityMap : {32=4, 24=9, 25=20, 26=3, 27=5, 28=4, 29=6, 30=7, 31=9}
2024-12-08T11:56:19.871+03:00  INFO 14476 --- [WMS] [http-nio-8080-exec-1] c.w.W.o.s.DemandAnalysisOrderService     : componentIdQuantityMap : {6=12, 11=15, 12=10, 13=20, 14=10, 15=8, 18=8, 19=5, 20=4, 21=6, 22=3, 23=1, 24=9}
2024-12-08T11:56:19.871+03:00  INFO 14476 --- [WMS] [http-nio-8080-exec-1] c.w.W.o.s.DemandAnalysisOrderService     : componentIdQuantityMap : {32=4, 6=12, 11=15, 12=10, 13=20, 14=10, 15=8, 18=8, 19=5, 20=4, 21=6, 22=3, 23=1, 24=9, 25=20, 26=3, 27=5, 28=4, 29=6, 30=7, 31=9}
2024-12-08T11:56:19.871+03:00  INFO 14476 --- [WMS] [http-nio-8080-exec-1] c.w.W.o.s.DemandAnalysisOrderService     : componentIdQuantityMap : {}
2024-12-08T11:56:19.976+03:00  INFO 14476 --- [WMS] [http-nio-8080-exec-2] c.w.W.o.s.DemandAnalysisOrderService     : [OrderDTO(id=2, orderDate=2024-11-02, deliveryDate=2024-11-12, components=[ComponentDTO(id=6, name=Оперативная память Corsair, category=Оперативная память, manufacture=Corsair, model=Vengeance LPX 16GB, price=116), ComponentDTO(id=12, name=Корпус NZXT, category=Корпус, manufacture=NZXT, model=H510 Elite, price=260)], quantities=[-12, 10], totalQuantity=-2, status=Завершен), OrderDTO(id=1, orderDate=2024-11-01, deliveryDate=2024-11-10, components=[ComponentDTO(id=11, name=Внешний жёсткий диск Seagate, category=Накопитель, manufacture=Seagate, model=Backup Plus 4TB, price=230), ComponentDTO(id=18, name=SSD Kingston, category=Накопитель, manufacture=Kingston, model=A2000 1TB, price=100)], quantities=[15, -8], totalQuantity=7, status=Завершен), OrderDTO(id=3, orderDate=2024-11-03, deliveryDate=2024-11-13, components=[ComponentDTO(id=13, name=Вентилятор Noctua, category=Система охлаждения, manufacture=Noctua, model=NF-A12x25 PWM, price=45), ComponentDTO(id=19, name=Видеокарта ASUS, category=Видеокарта, manufacture=ASUS, model=ROG Strix RTX 3060, price=550)], quantities=[20, -5], totalQuantity=15, status=Завершен), OrderDTO(id=4, orderDate=2024-11-04, deliveryDate=2024-11-14, components=[ComponentDTO(id=14, name=Материнская плата ASUS, category=Материнская плата, manufacture=ASUS, model=ROG Strix Z490-E, price=560), ComponentDTO(id=20, name=Блок питания Seasonic, category=Блок питания, manufacture=Seasonic, model=Focus GX-750, price=120)], quantities=[10, -4], totalQuantity=6, status=Завершен), OrderDTO(id=5, orderDate=2024-11-05, deliveryDate=2024-11-15, components=[ComponentDTO(id=15, name=Игровой монитор Xiaomi Redmi, category=Монитор, manufacture=Xiaomi Redmi, model=G24 A24FAA-RG, price=335), ComponentDTO(id=21, name=Кулер Noctua, category=Система охлаждения, manufacture=Noctua, model=NH-D15, price=90)], quantities=[8, -6], totalQuantity=2, status=Завершен), OrderDTO(id=38, orderDate=2024-11-06, deliveryDate=2024-11-16, components=[ComponentDTO(id=22, name=Материнская плата MSI, category=Материнская плата, manufacture=MSI, model=B550-A PRO, price=150)], quantities=[-3], totalQuantity=-3, status=Завершен), OrderDTO(id=39, orderDate=2024-11-07, deliveryDate=2024-11-17, components=[ComponentDTO(id=23, name=Монитор LG, category=Монитор, manufacture=LG, model=UltraGear 27GN950, price=900)], quantities=[-1], totalQuantity=-1, status=Завершен), OrderDTO(id=40, orderDate=2024-11-08, deliveryDate=2024-11-18, components=[ComponentDTO(id=24, name=Клавиатура Razer, category=Клавиатура, manufacture=Razer, model=BlackWidow V3, price=130)], quantities=[-9], totalQuantity=-9, status=Завершен), OrderDTO(id=41, orderDate=2024-11-09, deliveryDate=2024-11-19, components=[ComponentDTO(id=25, name=Мышь Logitech, category=Компьютерная мышь, manufacture=Logitech, model=G502 HERO, price=50)], quantities=[-20], totalQuantity=-20, status=Завершен), OrderDTO(id=42, orderDate=2024-11-10, deliveryDate=2024-11-20, components=[ComponentDTO(id=26, name=Внешний жесткий диск WD, category=Накопитель, manufacture=Western Digital, model=My Passport 4TB, price=120)], quantities=[-3], totalQuantity=-3, status=Завершен), OrderDTO(id=43, orderDate=2024-11-13, deliveryDate=2024-11-23, components=[ComponentDTO(id=27, name=Кулер Arctic, category=Система охлаждения, manufacture=Arctic, model=Freezer 34 eSports DUO, price=70)], quantities=[-5], totalQuantity=-5, status=Завершен), OrderDTO(id=44, orderDate=2024-11-15, deliveryDate=2024-11-25, components=[ComponentDTO(id=28, name=Системный блок Thermaltake, category=Корпус, manufacture=Thermaltake, model=V200, price=100)], quantities=[-4], totalQuantity=-4, status=Завершен), OrderDTO(id=45, orderDate=2024-11-16, deliveryDate=2024-11-26, components=[ComponentDTO(id=29, name=Память G.Skill, category=Оперативная память, manufacture=G.Skill, model=Ripjaws V 32GB, price=150)], quantities=[-6], totalQuantity=-6, status=Завершен), OrderDTO(id=46, orderDate=2024-11-17, deliveryDate=2024-11-27, components=[ComponentDTO(id=30, name=Клавиатура SteelSeries, category=Клавиатура, manufacture=SteelSeries, model=Apex 7, price=130)], quantities=[-7], totalQuantity=-7, status=Завершен), OrderDTO(id=47, orderDate=2024-11-18, deliveryDate=2024-11-28, components=[ComponentDTO(id=31, name=Мышь Corsair, category=Компьютерная мышь, manufacture=Corsair, model=M65 RGB Elite, price=80)], quantities=[-9], totalQuantity=-9, status=Завершен), OrderDTO(id=48, orderDate=2024-11-19, deliveryDate=2024-11-29, components=[ComponentDTO(id=32, name=Внешний SSD Samsung, category=Накопитель, manufacture=Samsung, model=T7 1TB, price=150)], quantities=[-4], totalQuantity=-4, status=Завершен)]
2024-12-08T11:56:19.977+03:00  INFO 14476 --- [WMS] [http-nio-8080-exec-2] c.w.W.o.s.DemandAnalysisOrderService     : componentIdQuantityMap : {32=4, 24=9, 25=20, 26=3, 27=5, 28=4, 29=6, 30=7, 31=9}
2024-12-08T11:56:19.977+03:00  INFO 14476 --- [WMS] [http-nio-8080-exec-2] c.w.W.o.s.DemandAnalysisOrderService     : componentIdQuantityMap : {32=4, 6=12, 11=15, 12=10, 13=20, 14=10, 15=8, 18=8, 19=5, 20=4, 21=6, 22=3, 23=1, 24=9, 25=20, 26=3, 27=5, 28=4, 29=6, 30=7, 31=9}
2024-12-08T11:56:19.977+03:00  INFO 14476 --- [WMS] [http-nio-8080-exec-2] c.w.W.o.s.DemandAnalysisOrderService     : componentIdQuantityMap : {32=4, 24=9, 25=20, 26=3, 27=5, 28=4, 29=6, 30=7, 31=9}
2024-12-08T11:56:19.978+03:00  INFO 14476 --- [WMS] [http-nio-8080-exec-2] c.w.W.o.s.DemandAnalysisOrderService     : componentIdQuantityMap : {6=12, 11=15, 12=10, 13=20, 14=10, 15=8, 18=8, 19=5, 20=4, 21=6, 22=3, 23=1, 24=9}
2024-12-08T11:56:19.978+03:00  INFO 14476 --- [WMS] [http-nio-8080-exec-2] c.w.W.o.s.DemandAnalysisOrderService     : componentIdQuantityMap : {32=4, 6=12, 11=15, 12=10, 13=20, 14=10, 15=8, 18=8, 19=5, 20=4, 21=6, 22=3, 23=1, 24=9, 25=20, 26=3, 27=5, 28=4, 29=6, 30=7, 31=9}
2024-12-08T11:56:19.978+03:00  INFO 14476 --- [WMS] [http-nio-8080-exec-2] c.w.W.o.s.DemandAnalysisOrderService     : componentIdQuantityMap : {}
2024-12-08T11:57:20.919+03:00  INFO 14476 --- [WMS] [SpringApplicationShutdownHook] j.LocalContainerEntityManagerFactoryBean : Closing JPA EntityManagerFactory for persistence unit 'default'
2024-12-08T11:57:20.920+03:00  INFO 14476 --- [WMS] [SpringApplicationShutdownHook] com.zaxxer.hikari.HikariDataSource       : HikariPool-1 - Shutdown initiated...
2024-12-08T11:57:20.925+03:00  INFO 14476 --- [WMS] [SpringApplicationShutdownHook] com.zaxxer.hikari.HikariDataSource       : HikariPool-1 - Shutdown completed.
2024-12-08T12:01:21.040+03:00  INFO 15928 --- [WMS] [main] com.warehouse.WMS.WmsApplication         : Starting WmsApplication using Java 22.0.2 with PID 15928 (C:\Users\Vadim\Desktop\WMS\target\classes started by Vadim in C:\Users\Vadim\Desktop\WMS)
2024-12-08T12:01:21.041+03:00  INFO 15928 --- [WMS] [main] com.warehouse.WMS.WmsApplication         : No active profile set, falling back to 1 default profile: "default"
2024-12-08T12:01:21.755+03:00  INFO 15928 --- [WMS] [main] .s.d.r.c.RepositoryConfigurationDelegate : Bootstrapping Spring Data JPA repositories in DEFAULT mode.
2024-12-08T12:01:21.827+03:00  INFO 15928 --- [WMS] [main] .s.d.r.c.RepositoryConfigurationDelegate : Finished Spring Data repository scanning in 64 ms. Found 5 JPA repository interfaces.
2024-12-08T12:01:22.248+03:00  INFO 15928 --- [WMS] [main] o.s.b.w.embedded.tomcat.TomcatWebServer  : Tomcat initialized with port 8080 (http)
2024-12-08T12:01:22.260+03:00  INFO 15928 --- [WMS] [main] o.apache.catalina.core.StandardService   : Starting service [Tomcat]
2024-12-08T12:01:22.260+03:00  INFO 15928 --- [WMS] [main] o.apache.catalina.core.StandardEngine    : Starting Servlet engine: [Apache Tomcat/10.1.31]
2024-12-08T12:01:22.319+03:00  INFO 15928 --- [WMS] [main] o.a.c.c.C.[Tomcat].[localhost].[/]       : Initializing Spring embedded WebApplicationContext
2024-12-08T12:01:22.319+03:00  INFO 15928 --- [WMS] [main] w.s.c.ServletWebServerApplicationContext : Root WebApplicationContext: initialization completed in 1240 ms
2024-12-08T12:01:22.427+03:00  INFO 15928 --- [WMS] [main] com.zaxxer.hikari.HikariDataSource       : HikariPool-1 - Starting...
2024-12-08T12:01:22.714+03:00  INFO 15928 --- [WMS] [main] com.zaxxer.hikari.pool.HikariPool        : HikariPool-1 - Added connection com.mysql.cj.jdbc.ConnectionImpl@74fb5b59
2024-12-08T12:01:22.716+03:00  INFO 15928 --- [WMS] [main] com.zaxxer.hikari.HikariDataSource       : HikariPool-1 - Start completed.
2024-12-08T12:01:22.749+03:00  INFO 15928 --- [WMS] [main] o.hibernate.jpa.internal.util.LogHelper  : HHH000204: Processing PersistenceUnitInfo [name: default]
2024-12-08T12:01:22.794+03:00  INFO 15928 --- [WMS] [main] org.hibernate.Version                    : HHH000412: Hibernate ORM core version 6.5.3.Final
2024-12-08T12:01:22.823+03:00  INFO 15928 --- [WMS] [main] o.h.c.internal.RegionFactoryInitiator    : HHH000026: Second-level cache disabled
2024-12-08T12:01:23.083+03:00  INFO 15928 --- [WMS] [main] o.s.o.j.p.SpringPersistenceUnitInfo      : No LoadTimeWeaver setup: ignoring JPA class transformer
2024-12-08T12:01:23.932+03:00  INFO 15928 --- [WMS] [main] o.h.e.t.j.p.i.JtaPlatformInitiator       : HHH000489: No JTA platform available (set 'hibernate.transaction.jta.platform' to enable JTA platform integration)
2024-12-08T12:01:23.934+03:00  INFO 15928 --- [WMS] [main] j.LocalContainerEntityManagerFactoryBean : Initialized JPA EntityManagerFactory for persistence unit 'default'
2024-12-08T12:01:24.282+03:00  WARN 15928 --- [WMS] [main] JpaBaseConfiguration$JpaWebConfiguration : spring.jpa.open-in-view is enabled by default. Therefore, database queries may be performed during view rendering. Explicitly configure spring.jpa.open-in-view to disable this warning
2024-12-08T12:01:24.645+03:00  INFO 15928 --- [WMS] [main] o.s.b.w.embedded.tomcat.TomcatWebServer  : Tomcat started on port 8080 (http) with context path '/'
2024-12-08T12:01:24.652+03:00  INFO 15928 --- [WMS] [main] com.warehouse.WMS.WmsApplication         : Started WmsApplication in 3.956 seconds (process running for 4.538)
2024-12-08T12:01:31.508+03:00  INFO 15928 --- [WMS] [http-nio-8080-exec-1] o.a.c.c.C.[Tomcat].[localhost].[/]       : Initializing Spring DispatcherServlet 'dispatcherServlet'
2024-12-08T12:01:31.509+03:00  INFO 15928 --- [WMS] [http-nio-8080-exec-1] o.s.web.servlet.DispatcherServlet        : Initializing Servlet 'dispatcherServlet'
2024-12-08T12:01:31.510+03:00  INFO 15928 --- [WMS] [http-nio-8080-exec-1] o.s.web.servlet.DispatcherServlet        : Completed initialization in 1 ms
2024-12-08T12:01:31.740+03:00  INFO 15928 --- [WMS] [http-nio-8080-exec-1] c.w.W.o.s.DemandAnalysisOrderService     : firstMonth: 0, secondMonth: 5
2024-12-08T12:01:31.740+03:00  INFO 15928 --- [WMS] [http-nio-8080-exec-1] c.w.W.o.s.DemandAnalysisOrderService     : firstMonth: 7, secondMonth: 0
2024-12-08T12:01:31.740+03:00  INFO 15928 --- [WMS] [http-nio-8080-exec-1] c.w.W.o.s.DemandAnalysisOrderService     : firstMonth: 0, secondMonth: 10
2024-12-08T12:01:31.740+03:00  INFO 15928 --- [WMS] [http-nio-8080-exec-1] c.w.W.o.s.DemandAnalysisOrderService     : firstMonth: 0, secondMonth: 15
2024-12-08T12:01:31.740+03:00  INFO 15928 --- [WMS] [http-nio-8080-exec-1] c.w.W.o.s.DemandAnalysisOrderService     : firstMonth: 0, secondMonth: 8
2024-12-08T12:01:31.740+03:00  INFO 15928 --- [WMS] [http-nio-8080-exec-1] c.w.W.o.s.DemandAnalysisOrderService     : firstMonth: 3, secondMonth: 0
2024-12-08T12:01:31.740+03:00  INFO 15928 --- [WMS] [http-nio-8080-exec-1] c.w.W.o.s.DemandAnalysisOrderService     : firstMonth: 20, secondMonth: 0
2024-12-08T12:01:31.740+03:00  INFO 15928 --- [WMS] [http-nio-8080-exec-1] c.w.W.o.s.DemandAnalysisOrderService     : firstMonth: 0, secondMonth: 4
2024-12-08T12:01:31.740+03:00  INFO 15928 --- [WMS] [http-nio-8080-exec-1] c.w.W.o.s.DemandAnalysisOrderService     : firstMonth: 4, secondMonth: 0
2024-12-08T12:01:31.740+03:00  INFO 15928 --- [WMS] [http-nio-8080-exec-1] c.w.W.o.s.DemandAnalysisOrderService     : firstMonth: 0, secondMonth: 20
2024-12-08T12:01:31.740+03:00  INFO 15928 --- [WMS] [http-nio-8080-exec-1] c.w.W.o.s.DemandAnalysisOrderService     : firstMonth: 0, secondMonth: 8
2024-12-08T12:01:31.741+03:00  INFO 15928 --- [WMS] [http-nio-8080-exec-1] c.w.W.o.s.DemandAnalysisOrderService     : firstMonth: 4, secondMonth: 0
2024-12-08T12:01:31.741+03:00  INFO 15928 --- [WMS] [http-nio-8080-exec-1] c.w.W.o.s.DemandAnalysisOrderService     : firstMonth: 0, secondMonth: 6
2024-12-08T12:01:31.741+03:00  INFO 15928 --- [WMS] [http-nio-8080-exec-1] c.w.W.o.s.DemandAnalysisOrderService     : firstMonth: 0, secondMonth: 3
2024-12-08T12:01:31.741+03:00  INFO 15928 --- [WMS] [http-nio-8080-exec-1] c.w.W.o.s.DemandAnalysisOrderService     : firstMonth: 9, secondMonth: 9
2024-12-08T12:01:31.741+03:00  INFO 15928 --- [WMS] [http-nio-8080-exec-1] c.w.W.o.s.DemandAnalysisOrderService     : firstMonth: 6, secondMonth: 0
2024-12-08T12:01:31.741+03:00  INFO 15928 --- [WMS] [http-nio-8080-exec-1] c.w.W.o.s.DemandAnalysisOrderService     : firstMonth: 0, secondMonth: 1
2024-12-08T12:01:31.741+03:00  INFO 15928 --- [WMS] [http-nio-8080-exec-1] c.w.W.o.s.DemandAnalysisOrderService     : firstMonth: 5, secondMonth: 0
2024-12-08T12:01:31.741+03:00  INFO 15928 --- [WMS] [http-nio-8080-exec-1] c.w.W.o.s.DemandAnalysisOrderService     : firstMonth: 9, secondMonth: 0
2024-12-08T12:01:31.741+03:00  INFO 15928 --- [WMS] [http-nio-8080-exec-1] c.w.W.o.s.DemandAnalysisOrderService     : firstMonth: 0, secondMonth: 12
2024-12-08T12:01:31.741+03:00  INFO 15928 --- [WMS] [http-nio-8080-exec-1] c.w.W.o.s.DemandAnalysisOrderService     : firstMonth: 0, secondMonth: 10
2024-12-08T12:01:31.741+03:00  INFO 15928 --- [WMS] [http-nio-8080-exec-1] c.w.W.o.s.DemandAnalysisOrderService     : firstMonth: 5, secondMonth: 0
2024-12-08T12:01:31.741+03:00  INFO 15928 --- [WMS] [http-nio-8080-exec-1] c.w.W.o.s.DemandAnalysisOrderService     : firstMonth: 7, secondMonth: 0
2024-12-08T12:01:31.742+03:00  INFO 15928 --- [WMS] [http-nio-8080-exec-1] c.w.W.o.s.DemandAnalysisOrderService     : firstMonth: 10, secondMonth: 0
2024-12-08T12:01:31.742+03:00  INFO 15928 --- [WMS] [http-nio-8080-exec-1] c.w.W.o.s.DemandAnalysisOrderService     : firstMonth: 15, secondMonth: 0
2024-12-08T12:01:31.742+03:00  INFO 15928 --- [WMS] [http-nio-8080-exec-1] c.w.W.o.s.DemandAnalysisOrderService     : firstMonth: 8, secondMonth: 0
2024-12-08T12:01:31.742+03:00  INFO 15928 --- [WMS] [http-nio-8080-exec-1] c.w.W.o.s.DemandAnalysisOrderService     : firstMonth: 3, secondMonth: 0
2024-12-08T12:01:31.742+03:00  INFO 15928 --- [WMS] [http-nio-8080-exec-1] c.w.W.o.s.DemandAnalysisOrderService     : firstMonth: 20, secondMonth: 0
2024-12-08T12:01:31.742+03:00  INFO 15928 --- [WMS] [http-nio-8080-exec-1] c.w.W.o.s.DemandAnalysisOrderService     : firstMonth: 4, secondMonth: 0
2024-12-08T12:01:31.742+03:00  INFO 15928 --- [WMS] [http-nio-8080-exec-1] c.w.W.o.s.DemandAnalysisOrderService     : firstMonth: 4, secondMonth: 0
2024-12-08T12:01:31.742+03:00  INFO 15928 --- [WMS] [http-nio-8080-exec-1] c.w.W.o.s.DemandAnalysisOrderService     : firstMonth: 20, secondMonth: 0
2024-12-08T12:01:31.742+03:00  INFO 15928 --- [WMS] [http-nio-8080-exec-1] c.w.W.o.s.DemandAnalysisOrderService     : firstMonth: 8, secondMonth: 0
2024-12-08T12:01:31.742+03:00  INFO 15928 --- [WMS] [http-nio-8080-exec-1] c.w.W.o.s.DemandAnalysisOrderService     : firstMonth: 4, secondMonth: 0
2024-12-08T12:01:31.742+03:00  INFO 15928 --- [WMS] [http-nio-8080-exec-1] c.w.W.o.s.DemandAnalysisOrderService     : firstMonth: 6, secondMonth: 0
2024-12-08T12:01:31.742+03:00  INFO 15928 --- [WMS] [http-nio-8080-exec-1] c.w.W.o.s.DemandAnalysisOrderService     : firstMonth: 3, secondMonth: 0
2024-12-08T12:01:31.742+03:00  INFO 15928 --- [WMS] [http-nio-8080-exec-1] c.w.W.o.s.DemandAnalysisOrderService     : firstMonth: 9, secondMonth: 0
2024-12-08T12:01:31.742+03:00  INFO 15928 --- [WMS] [http-nio-8080-exec-1] c.w.W.o.s.DemandAnalysisOrderService     : firstMonth: 6, secondMonth: 0
2024-12-08T12:01:31.742+03:00  INFO 15928 --- [WMS] [http-nio-8080-exec-1] c.w.W.o.s.DemandAnalysisOrderService     : firstMonth: 1, secondMonth: 0
2024-12-08T12:01:31.742+03:00  INFO 15928 --- [WMS] [http-nio-8080-exec-1] c.w.W.o.s.DemandAnalysisOrderService     : firstMonth: 5, secondMonth: 0
2024-12-08T12:01:31.742+03:00  INFO 15928 --- [WMS] [http-nio-8080-exec-1] c.w.W.o.s.DemandAnalysisOrderService     : firstMonth: 9, secondMonth: 0
2024-12-08T12:01:31.742+03:00  INFO 15928 --- [WMS] [http-nio-8080-exec-1] c.w.W.o.s.DemandAnalysisOrderService     : firstMonth: 12, secondMonth: 0
2024-12-08T12:01:31.743+03:00  INFO 15928 --- [WMS] [http-nio-8080-exec-1] c.w.W.o.s.DemandAnalysisOrderService     : firstMonth: 10, secondMonth: 0
2024-12-08T12:01:31.840+03:00  INFO 15928 --- [WMS] [http-nio-8080-exec-2] c.w.W.o.s.DemandAnalysisOrderService     : firstMonth: 0, secondMonth: 5
2024-12-08T12:01:31.840+03:00  INFO 15928 --- [WMS] [http-nio-8080-exec-2] c.w.W.o.s.DemandAnalysisOrderService     : firstMonth: 7, secondMonth: 0
2024-12-08T12:01:31.840+03:00  INFO 15928 --- [WMS] [http-nio-8080-exec-2] c.w.W.o.s.DemandAnalysisOrderService     : firstMonth: 0, secondMonth: 10
2024-12-08T12:01:31.840+03:00  INFO 15928 --- [WMS] [http-nio-8080-exec-2] c.w.W.o.s.DemandAnalysisOrderService     : firstMonth: 0, secondMonth: 15
2024-12-08T12:01:31.840+03:00  INFO 15928 --- [WMS] [http-nio-8080-exec-2] c.w.W.o.s.DemandAnalysisOrderService     : firstMonth: 0, secondMonth: 8
2024-12-08T12:01:31.840+03:00  INFO 15928 --- [WMS] [http-nio-8080-exec-2] c.w.W.o.s.DemandAnalysisOrderService     : firstMonth: 3, secondMonth: 0
2024-12-08T12:01:31.840+03:00  INFO 15928 --- [WMS] [http-nio-8080-exec-2] c.w.W.o.s.DemandAnalysisOrderService     : firstMonth: 20, secondMonth: 0
2024-12-08T12:01:31.840+03:00  INFO 15928 --- [WMS] [http-nio-8080-exec-2] c.w.W.o.s.DemandAnalysisOrderService     : firstMonth: 0, secondMonth: 4
2024-12-08T12:01:31.840+03:00  INFO 15928 --- [WMS] [http-nio-8080-exec-2] c.w.W.o.s.DemandAnalysisOrderService     : firstMonth: 4, secondMonth: 0
2024-12-08T12:01:31.840+03:00  INFO 15928 --- [WMS] [http-nio-8080-exec-2] c.w.W.o.s.DemandAnalysisOrderService     : firstMonth: 0, secondMonth: 20
2024-12-08T12:01:31.840+03:00  INFO 15928 --- [WMS] [http-nio-8080-exec-2] c.w.W.o.s.DemandAnalysisOrderService     : firstMonth: 0, secondMonth: 8
2024-12-08T12:01:31.840+03:00  INFO 15928 --- [WMS] [http-nio-8080-exec-2] c.w.W.o.s.DemandAnalysisOrderService     : firstMonth: 4, secondMonth: 0
2024-12-08T12:01:31.840+03:00  INFO 15928 --- [WMS] [http-nio-8080-exec-2] c.w.W.o.s.DemandAnalysisOrderService     : firstMonth: 0, secondMonth: 6
2024-12-08T12:01:31.840+03:00  INFO 15928 --- [WMS] [http-nio-8080-exec-2] c.w.W.o.s.DemandAnalysisOrderService     : firstMonth: 0, secondMonth: 3
2024-12-08T12:01:31.840+03:00  INFO 15928 --- [WMS] [http-nio-8080-exec-2] c.w.W.o.s.DemandAnalysisOrderService     : firstMonth: 9, secondMonth: 9
2024-12-08T12:01:31.840+03:00  INFO 15928 --- [WMS] [http-nio-8080-exec-2] c.w.W.o.s.DemandAnalysisOrderService     : firstMonth: 6, secondMonth: 0
2024-12-08T12:01:31.840+03:00  INFO 15928 --- [WMS] [http-nio-8080-exec-2] c.w.W.o.s.DemandAnalysisOrderService     : firstMonth: 0, secondMonth: 1
2024-12-08T12:01:31.840+03:00  INFO 15928 --- [WMS] [http-nio-8080-exec-2] c.w.W.o.s.DemandAnalysisOrderService     : firstMonth: 5, secondMonth: 0
2024-12-08T12:01:31.840+03:00  INFO 15928 --- [WMS] [http-nio-8080-exec-2] c.w.W.o.s.DemandAnalysisOrderService     : firstMonth: 9, secondMonth: 0
2024-12-08T12:01:31.840+03:00  INFO 15928 --- [WMS] [http-nio-8080-exec-2] c.w.W.o.s.DemandAnalysisOrderService     : firstMonth: 0, secondMonth: 12
2024-12-08T12:01:31.840+03:00  INFO 15928 --- [WMS] [http-nio-8080-exec-2] c.w.W.o.s.DemandAnalysisOrderService     : firstMonth: 0, secondMonth: 10
2024-12-08T12:01:31.840+03:00  INFO 15928 --- [WMS] [http-nio-8080-exec-2] c.w.W.o.s.DemandAnalysisOrderService     : firstMonth: 5, secondMonth: 0
2024-12-08T12:01:31.841+03:00  INFO 15928 --- [WMS] [http-nio-8080-exec-2] c.w.W.o.s.DemandAnalysisOrderService     : firstMonth: 7, secondMonth: 0
2024-12-08T12:01:31.841+03:00  INFO 15928 --- [WMS] [http-nio-8080-exec-2] c.w.W.o.s.DemandAnalysisOrderService     : firstMonth: 10, secondMonth: 0
2024-12-08T12:01:31.841+03:00  INFO 15928 --- [WMS] [http-nio-8080-exec-2] c.w.W.o.s.DemandAnalysisOrderService     : firstMonth: 15, secondMonth: 0
2024-12-08T12:01:31.841+03:00  INFO 15928 --- [WMS] [http-nio-8080-exec-2] c.w.W.o.s.DemandAnalysisOrderService     : firstMonth: 8, secondMonth: 0
2024-12-08T12:01:31.841+03:00  INFO 15928 --- [WMS] [http-nio-8080-exec-2] c.w.W.o.s.DemandAnalysisOrderService     : firstMonth: 3, secondMonth: 0
2024-12-08T12:01:31.841+03:00  INFO 15928 --- [WMS] [http-nio-8080-exec-2] c.w.W.o.s.DemandAnalysisOrderService     : firstMonth: 20, secondMonth: 0
2024-12-08T12:01:31.841+03:00  INFO 15928 --- [WMS] [http-nio-8080-exec-2] c.w.W.o.s.DemandAnalysisOrderService     : firstMonth: 4, secondMonth: 0
2024-12-08T12:01:31.841+03:00  INFO 15928 --- [WMS] [http-nio-8080-exec-2] c.w.W.o.s.DemandAnalysisOrderService     : firstMonth: 4, secondMonth: 0
2024-12-08T12:01:31.841+03:00  INFO 15928 --- [WMS] [http-nio-8080-exec-2] c.w.W.o.s.DemandAnalysisOrderService     : firstMonth: 20, secondMonth: 0
2024-12-08T12:01:31.841+03:00  INFO 15928 --- [WMS] [http-nio-8080-exec-2] c.w.W.o.s.DemandAnalysisOrderService     : firstMonth: 8, secondMonth: 0
2024-12-08T12:01:31.841+03:00  INFO 15928 --- [WMS] [http-nio-8080-exec-2] c.w.W.o.s.DemandAnalysisOrderService     : firstMonth: 4, secondMonth: 0
2024-12-08T12:01:31.841+03:00  INFO 15928 --- [WMS] [http-nio-8080-exec-2] c.w.W.o.s.DemandAnalysisOrderService     : firstMonth: 6, secondMonth: 0
2024-12-08T12:01:31.841+03:00  INFO 15928 --- [WMS] [http-nio-8080-exec-2] c.w.W.o.s.DemandAnalysisOrderService     : firstMonth: 3, secondMonth: 0
2024-12-08T12:01:31.841+03:00  INFO 15928 --- [WMS] [http-nio-8080-exec-2] c.w.W.o.s.DemandAnalysisOrderService     : firstMonth: 9, secondMonth: 0
2024-12-08T12:01:31.841+03:00  INFO 15928 --- [WMS] [http-nio-8080-exec-2] c.w.W.o.s.DemandAnalysisOrderService     : firstMonth: 6, secondMonth: 0
2024-12-08T12:01:31.841+03:00  INFO 15928 --- [WMS] [http-nio-8080-exec-2] c.w.W.o.s.DemandAnalysisOrderService     : firstMonth: 1, secondMonth: 0
2024-12-08T12:01:31.841+03:00  INFO 15928 --- [WMS] [http-nio-8080-exec-2] c.w.W.o.s.DemandAnalysisOrderService     : firstMonth: 5, secondMonth: 0
2024-12-08T12:01:31.841+03:00  INFO 15928 --- [WMS] [http-nio-8080-exec-2] c.w.W.o.s.DemandAnalysisOrderService     : firstMonth: 9, secondMonth: 0
2024-12-08T12:01:31.841+03:00  INFO 15928 --- [WMS] [http-nio-8080-exec-2] c.w.W.o.s.DemandAnalysisOrderService     : firstMonth: 12, secondMonth: 0
2024-12-08T12:01:31.841+03:00  INFO 15928 --- [WMS] [http-nio-8080-exec-2] c.w.W.o.s.DemandAnalysisOrderService     : firstMonth: 10, secondMonth: 0
2024-12-08T12:03:08.196+03:00  INFO 15928 --- [WMS] [SpringApplicationShutdownHook] j.LocalContainerEntityManagerFactoryBean : Closing JPA EntityManagerFactory for persistence unit 'default'
2024-12-08T12:03:08.198+03:00  INFO 15928 --- [WMS] [SpringApplicationShutdownHook] com.zaxxer.hikari.HikariDataSource       : HikariPool-1 - Shutdown initiated...
2024-12-08T12:03:08.204+03:00  INFO 15928 --- [WMS] [SpringApplicationShutdownHook] com.zaxxer.hikari.HikariDataSource       : HikariPool-1 - Shutdown completed.
2024-12-08T12:03:12.853+03:00  INFO 17444 --- [WMS] [main] com.warehouse.WMS.WmsApplication         : Starting WmsApplication using Java 22.0.2 with PID 17444 (C:\Users\Vadim\Desktop\WMS\target\classes started by Vadim in C:\Users\Vadim\Desktop\WMS)
2024-12-08T12:03:12.855+03:00  INFO 17444 --- [WMS] [main] com.warehouse.WMS.WmsApplication         : No active profile set, falling back to 1 default profile: "default"
2024-12-08T12:03:13.508+03:00  INFO 17444 --- [WMS] [main] .s.d.r.c.RepositoryConfigurationDelegate : Bootstrapping Spring Data JPA repositories in DEFAULT mode.
2024-12-08T12:03:13.563+03:00  INFO 17444 --- [WMS] [main] .s.d.r.c.RepositoryConfigurationDelegate : Finished Spring Data repository scanning in 50 ms. Found 5 JPA repository interfaces.
2024-12-08T12:03:13.933+03:00  INFO 17444 --- [WMS] [main] o.s.b.w.embedded.tomcat.TomcatWebServer  : Tomcat initialized with port 8080 (http)
2024-12-08T12:03:13.944+03:00  INFO 17444 --- [WMS] [main] o.apache.catalina.core.StandardService   : Starting service [Tomcat]
2024-12-08T12:03:13.944+03:00  INFO 17444 --- [WMS] [main] o.apache.catalina.core.StandardEngine    : Starting Servlet engine: [Apache Tomcat/10.1.31]
2024-12-08T12:03:13.996+03:00  INFO 17444 --- [WMS] [main] o.a.c.c.C.[Tomcat].[localhost].[/]       : Initializing Spring embedded WebApplicationContext
2024-12-08T12:03:13.996+03:00  INFO 17444 --- [WMS] [main] w.s.c.ServletWebServerApplicationContext : Root WebApplicationContext: initialization completed in 1100 ms
2024-12-08T12:03:14.095+03:00  INFO 17444 --- [WMS] [main] com.zaxxer.hikari.HikariDataSource       : HikariPool-1 - Starting...
2024-12-08T12:03:14.358+03:00  INFO 17444 --- [WMS] [main] com.zaxxer.hikari.pool.HikariPool        : HikariPool-1 - Added connection com.mysql.cj.jdbc.ConnectionImpl@722531ab
2024-12-08T12:03:14.360+03:00  INFO 17444 --- [WMS] [main] com.zaxxer.hikari.HikariDataSource       : HikariPool-1 - Start completed.
2024-12-08T12:03:14.392+03:00  INFO 17444 --- [WMS] [main] o.hibernate.jpa.internal.util.LogHelper  : HHH000204: Processing PersistenceUnitInfo [name: default]
2024-12-08T12:03:14.434+03:00  INFO 17444 --- [WMS] [main] org.hibernate.Version                    : HHH000412: Hibernate ORM core version 6.5.3.Final
2024-12-08T12:03:14.459+03:00  INFO 17444 --- [WMS] [main] o.h.c.internal.RegionFactoryInitiator    : HHH000026: Second-level cache disabled
2024-12-08T12:03:14.694+03:00  INFO 17444 --- [WMS] [main] o.s.o.j.p.SpringPersistenceUnitInfo      : No LoadTimeWeaver setup: ignoring JPA class transformer
2024-12-08T12:03:15.600+03:00  INFO 17444 --- [WMS] [main] o.h.e.t.j.p.i.JtaPlatformInitiator       : HHH000489: No JTA platform available (set 'hibernate.transaction.jta.platform' to enable JTA platform integration)
2024-12-08T12:03:15.604+03:00  INFO 17444 --- [WMS] [main] j.LocalContainerEntityManagerFactoryBean : Initialized JPA EntityManagerFactory for persistence unit 'default'
2024-12-08T12:03:16.015+03:00  WARN 17444 --- [WMS] [main] JpaBaseConfiguration$JpaWebConfiguration : spring.jpa.open-in-view is enabled by default. Therefore, database queries may be performed during view rendering. Explicitly configure spring.jpa.open-in-view to disable this warning
2024-12-08T12:03:16.370+03:00  INFO 17444 --- [WMS] [main] o.s.b.w.embedded.tomcat.TomcatWebServer  : Tomcat started on port 8080 (http) with context path '/'
2024-12-08T12:03:16.377+03:00  INFO 17444 --- [WMS] [main] com.warehouse.WMS.WmsApplication         : Started WmsApplication in 3.932 seconds (process running for 4.441)
2024-12-08T12:03:18.738+03:00  INFO 17444 --- [WMS] [http-nio-8080-exec-1] o.a.c.c.C.[Tomcat].[localhost].[/]       : Initializing Spring DispatcherServlet 'dispatcherServlet'
2024-12-08T12:03:18.739+03:00  INFO 17444 --- [WMS] [http-nio-8080-exec-1] o.s.web.servlet.DispatcherServlet        : Initializing Servlet 'dispatcherServlet'
2024-12-08T12:03:18.740+03:00  INFO 17444 --- [WMS] [http-nio-8080-exec-1] o.s.web.servlet.DispatcherServlet        : Completed initialization in 1 ms
2024-12-08T12:03:18.972+03:00  INFO 17444 --- [WMS] [http-nio-8080-exec-1] c.w.W.o.s.DemandAnalysisOrderService     : componentIdQuantityMap : {32=4, 24=9, 25=20, 26=3, 27=5, 28=4, 29=6, 30=7, 31=9}
2024-12-08T12:03:18.973+03:00  INFO 17444 --- [WMS] [http-nio-8080-exec-1] c.w.W.o.s.DemandAnalysisOrderService     : componentIdQuantityMap : {32=4, 6=12, 11=15, 12=10, 13=20, 14=10, 15=8, 18=8, 19=5, 20=4, 21=6, 22=3, 23=1, 24=9, 25=20, 26=3, 27=5, 28=4, 29=6, 30=7, 31=9}
2024-12-08T12:03:18.974+03:00  INFO 17444 --- [WMS] [http-nio-8080-exec-1] c.w.W.o.s.DemandAnalysisOrderService     : componentIdQuantityMap : {32=4, 24=9, 25=20, 26=3, 27=5, 28=4, 29=6, 30=7, 31=9}
2024-12-08T12:03:18.974+03:00  INFO 17444 --- [WMS] [http-nio-8080-exec-1] c.w.W.o.s.DemandAnalysisOrderService     : componentIdQuantityMap : {6=12, 11=15, 12=10, 13=20, 14=10, 15=8, 18=8, 19=5, 20=4, 21=6, 22=3, 23=1, 24=9}
2024-12-08T12:03:18.974+03:00  INFO 17444 --- [WMS] [http-nio-8080-exec-1] c.w.W.o.s.DemandAnalysisOrderService     : firstMonth: 0, secondMonth: 5
2024-12-08T12:03:18.974+03:00  INFO 17444 --- [WMS] [http-nio-8080-exec-1] c.w.W.o.s.DemandAnalysisOrderService     : firstMonth: 7, secondMonth: 0
2024-12-08T12:03:18.974+03:00  INFO 17444 --- [WMS] [http-nio-8080-exec-1] c.w.W.o.s.DemandAnalysisOrderService     : firstMonth: 0, secondMonth: 10
2024-12-08T12:03:18.974+03:00  INFO 17444 --- [WMS] [http-nio-8080-exec-1] c.w.W.o.s.DemandAnalysisOrderService     : firstMonth: 0, secondMonth: 15
2024-12-08T12:03:18.974+03:00  INFO 17444 --- [WMS] [http-nio-8080-exec-1] c.w.W.o.s.DemandAnalysisOrderService     : firstMonth: 0, secondMonth: 8
2024-12-08T12:03:18.974+03:00  INFO 17444 --- [WMS] [http-nio-8080-exec-1] c.w.W.o.s.DemandAnalysisOrderService     : firstMonth: 3, secondMonth: 0
2024-12-08T12:03:18.975+03:00  INFO 17444 --- [WMS] [http-nio-8080-exec-1] c.w.W.o.s.DemandAnalysisOrderService     : firstMonth: 20, secondMonth: 0
2024-12-08T12:03:18.975+03:00  INFO 17444 --- [WMS] [http-nio-8080-exec-1] c.w.W.o.s.DemandAnalysisOrderService     : firstMonth: 0, secondMonth: 4
2024-12-08T12:03:18.975+03:00  INFO 17444 --- [WMS] [http-nio-8080-exec-1] c.w.W.o.s.DemandAnalysisOrderService     : firstMonth: 4, secondMonth: 0
2024-12-08T12:03:18.975+03:00  INFO 17444 --- [WMS] [http-nio-8080-exec-1] c.w.W.o.s.DemandAnalysisOrderService     : firstMonth: 0, secondMonth: 20
2024-12-08T12:03:18.975+03:00  INFO 17444 --- [WMS] [http-nio-8080-exec-1] c.w.W.o.s.DemandAnalysisOrderService     : firstMonth: 0, secondMonth: 8
2024-12-08T12:03:18.975+03:00  INFO 17444 --- [WMS] [http-nio-8080-exec-1] c.w.W.o.s.DemandAnalysisOrderService     : firstMonth: 4, secondMonth: 0
2024-12-08T12:03:18.975+03:00  INFO 17444 --- [WMS] [http-nio-8080-exec-1] c.w.W.o.s.DemandAnalysisOrderService     : firstMonth: 0, secondMonth: 6
2024-12-08T12:03:18.975+03:00  INFO 17444 --- [WMS] [http-nio-8080-exec-1] c.w.W.o.s.DemandAnalysisOrderService     : firstMonth: 0, secondMonth: 3
2024-12-08T12:03:18.976+03:00  INFO 17444 --- [WMS] [http-nio-8080-exec-1] c.w.W.o.s.DemandAnalysisOrderService     : firstMonth: 9, secondMonth: 9
2024-12-08T12:03:18.976+03:00  INFO 17444 --- [WMS] [http-nio-8080-exec-1] c.w.W.o.s.DemandAnalysisOrderService     : firstMonth: 6, secondMonth: 0
2024-12-08T12:03:18.976+03:00  INFO 17444 --- [WMS] [http-nio-8080-exec-1] c.w.W.o.s.DemandAnalysisOrderService     : firstMonth: 0, secondMonth: 1
2024-12-08T12:03:18.976+03:00  INFO 17444 --- [WMS] [http-nio-8080-exec-1] c.w.W.o.s.DemandAnalysisOrderService     : firstMonth: 5, secondMonth: 0
2024-12-08T12:03:18.976+03:00  INFO 17444 --- [WMS] [http-nio-8080-exec-1] c.w.W.o.s.DemandAnalysisOrderService     : firstMonth: 9, secondMonth: 0
2024-12-08T12:03:18.976+03:00  INFO 17444 --- [WMS] [http-nio-8080-exec-1] c.w.W.o.s.DemandAnalysisOrderService     : firstMonth: 0, secondMonth: 12
2024-12-08T12:03:18.976+03:00  INFO 17444 --- [WMS] [http-nio-8080-exec-1] c.w.W.o.s.DemandAnalysisOrderService     : firstMonth: 0, secondMonth: 10
2024-12-08T12:03:18.976+03:00  INFO 17444 --- [WMS] [http-nio-8080-exec-1] c.w.W.o.s.DemandAnalysisOrderService     : componentIdQuantityMap : {32=4, 6=12, 11=15, 12=10, 13=20, 14=10, 15=8, 18=8, 19=5, 20=4, 21=6, 22=3, 23=1, 24=9, 25=20, 26=3, 27=5, 28=4, 29=6, 30=7, 31=9}
2024-12-08T12:03:18.976+03:00  INFO 17444 --- [WMS] [http-nio-8080-exec-1] c.w.W.o.s.DemandAnalysisOrderService     : componentIdQuantityMap : {}
2024-12-08T12:03:18.976+03:00  INFO 17444 --- [WMS] [http-nio-8080-exec-1] c.w.W.o.s.DemandAnalysisOrderService     : firstMonth: 5, secondMonth: 0
2024-12-08T12:03:18.976+03:00  INFO 17444 --- [WMS] [http-nio-8080-exec-1] c.w.W.o.s.DemandAnalysisOrderService     : firstMonth: 7, secondMonth: 0
2024-12-08T12:03:18.977+03:00  INFO 17444 --- [WMS] [http-nio-8080-exec-1] c.w.W.o.s.DemandAnalysisOrderService     : firstMonth: 10, secondMonth: 0
2024-12-08T12:03:18.977+03:00  INFO 17444 --- [WMS] [http-nio-8080-exec-1] c.w.W.o.s.DemandAnalysisOrderService     : firstMonth: 15, secondMonth: 0
2024-12-08T12:03:18.977+03:00  INFO 17444 --- [WMS] [http-nio-8080-exec-1] c.w.W.o.s.DemandAnalysisOrderService     : firstMonth: 8, secondMonth: 0
2024-12-08T12:03:18.977+03:00  INFO 17444 --- [WMS] [http-nio-8080-exec-1] c.w.W.o.s.DemandAnalysisOrderService     : firstMonth: 3, secondMonth: 0
2024-12-08T12:03:18.977+03:00  INFO 17444 --- [WMS] [http-nio-8080-exec-1] c.w.W.o.s.DemandAnalysisOrderService     : firstMonth: 20, secondMonth: 0
2024-12-08T12:03:18.977+03:00  INFO 17444 --- [WMS] [http-nio-8080-exec-1] c.w.W.o.s.DemandAnalysisOrderService     : firstMonth: 4, secondMonth: 0
2024-12-08T12:03:18.977+03:00  INFO 17444 --- [WMS] [http-nio-8080-exec-1] c.w.W.o.s.DemandAnalysisOrderService     : firstMonth: 4, secondMonth: 0
2024-12-08T12:03:18.977+03:00  INFO 17444 --- [WMS] [http-nio-8080-exec-1] c.w.W.o.s.DemandAnalysisOrderService     : firstMonth: 20, secondMonth: 0
2024-12-08T12:03:18.977+03:00  INFO 17444 --- [WMS] [http-nio-8080-exec-1] c.w.W.o.s.DemandAnalysisOrderService     : firstMonth: 8, secondMonth: 0
2024-12-08T12:03:18.977+03:00  INFO 17444 --- [WMS] [http-nio-8080-exec-1] c.w.W.o.s.DemandAnalysisOrderService     : firstMonth: 4, secondMonth: 0
2024-12-08T12:03:18.977+03:00  INFO 17444 --- [WMS] [http-nio-8080-exec-1] c.w.W.o.s.DemandAnalysisOrderService     : firstMonth: 6, secondMonth: 0
2024-12-08T12:03:18.977+03:00  INFO 17444 --- [WMS] [http-nio-8080-exec-1] c.w.W.o.s.DemandAnalysisOrderService     : firstMonth: 3, secondMonth: 0
2024-12-08T12:03:18.977+03:00  INFO 17444 --- [WMS] [http-nio-8080-exec-1] c.w.W.o.s.DemandAnalysisOrderService     : firstMonth: 9, secondMonth: 0
2024-12-08T12:03:18.977+03:00  INFO 17444 --- [WMS] [http-nio-8080-exec-1] c.w.W.o.s.DemandAnalysisOrderService     : firstMonth: 6, secondMonth: 0
2024-12-08T12:03:18.977+03:00  INFO 17444 --- [WMS] [http-nio-8080-exec-1] c.w.W.o.s.DemandAnalysisOrderService     : firstMonth: 1, secondMonth: 0
2024-12-08T12:03:18.977+03:00  INFO 17444 --- [WMS] [http-nio-8080-exec-1] c.w.W.o.s.DemandAnalysisOrderService     : firstMonth: 5, secondMonth: 0
2024-12-08T12:03:18.978+03:00  INFO 17444 --- [WMS] [http-nio-8080-exec-1] c.w.W.o.s.DemandAnalysisOrderService     : firstMonth: 9, secondMonth: 0
2024-12-08T12:03:18.978+03:00  INFO 17444 --- [WMS] [http-nio-8080-exec-1] c.w.W.o.s.DemandAnalysisOrderService     : firstMonth: 12, secondMonth: 0
2024-12-08T12:03:18.978+03:00  INFO 17444 --- [WMS] [http-nio-8080-exec-1] c.w.W.o.s.DemandAnalysisOrderService     : firstMonth: 10, secondMonth: 0
2024-12-08T12:03:19.083+03:00  INFO 17444 --- [WMS] [http-nio-8080-exec-3] c.w.W.o.s.DemandAnalysisOrderService     : componentIdQuantityMap : {32=4, 24=9, 25=20, 26=3, 27=5, 28=4, 29=6, 30=7, 31=9}
2024-12-08T12:03:19.083+03:00  INFO 17444 --- [WMS] [http-nio-8080-exec-3] c.w.W.o.s.DemandAnalysisOrderService     : componentIdQuantityMap : {32=4, 6=12, 11=15, 12=10, 13=20, 14=10, 15=8, 18=8, 19=5, 20=4, 21=6, 22=3, 23=1, 24=9, 25=20, 26=3, 27=5, 28=4, 29=6, 30=7, 31=9}
2024-12-08T12:03:19.084+03:00  INFO 17444 --- [WMS] [http-nio-8080-exec-3] c.w.W.o.s.DemandAnalysisOrderService     : componentIdQuantityMap : {32=4, 24=9, 25=20, 26=3, 27=5, 28=4, 29=6, 30=7, 31=9}
2024-12-08T12:03:19.084+03:00  INFO 17444 --- [WMS] [http-nio-8080-exec-3] c.w.W.o.s.DemandAnalysisOrderService     : componentIdQuantityMap : {6=12, 11=15, 12=10, 13=20, 14=10, 15=8, 18=8, 19=5, 20=4, 21=6, 22=3, 23=1, 24=9}
2024-12-08T12:03:19.084+03:00  INFO 17444 --- [WMS] [http-nio-8080-exec-3] c.w.W.o.s.DemandAnalysisOrderService     : firstMonth: 0, secondMonth: 5
2024-12-08T12:03:19.084+03:00  INFO 17444 --- [WMS] [http-nio-8080-exec-3] c.w.W.o.s.DemandAnalysisOrderService     : firstMonth: 7, secondMonth: 0
2024-12-08T12:03:19.084+03:00  INFO 17444 --- [WMS] [http-nio-8080-exec-3] c.w.W.o.s.DemandAnalysisOrderService     : firstMonth: 0, secondMonth: 10
2024-12-08T12:03:19.084+03:00  INFO 17444 --- [WMS] [http-nio-8080-exec-3] c.w.W.o.s.DemandAnalysisOrderService     : firstMonth: 0, secondMonth: 15
2024-12-08T12:03:19.084+03:00  INFO 17444 --- [WMS] [http-nio-8080-exec-3] c.w.W.o.s.DemandAnalysisOrderService     : firstMonth: 0, secondMonth: 8
2024-12-08T12:03:19.084+03:00  INFO 17444 --- [WMS] [http-nio-8080-exec-3] c.w.W.o.s.DemandAnalysisOrderService     : firstMonth: 3, secondMonth: 0
2024-12-08T12:03:19.084+03:00  INFO 17444 --- [WMS] [http-nio-8080-exec-3] c.w.W.o.s.DemandAnalysisOrderService     : firstMonth: 20, secondMonth: 0
2024-12-08T12:03:19.084+03:00  INFO 17444 --- [WMS] [http-nio-8080-exec-3] c.w.W.o.s.DemandAnalysisOrderService     : firstMonth: 0, secondMonth: 4
2024-12-08T12:03:19.084+03:00  INFO 17444 --- [WMS] [http-nio-8080-exec-3] c.w.W.o.s.DemandAnalysisOrderService     : firstMonth: 4, secondMonth: 0
2024-12-08T12:03:19.084+03:00  INFO 17444 --- [WMS] [http-nio-8080-exec-3] c.w.W.o.s.DemandAnalysisOrderService     : firstMonth: 0, secondMonth: 20
2024-12-08T12:03:19.084+03:00  INFO 17444 --- [WMS] [http-nio-8080-exec-3] c.w.W.o.s.DemandAnalysisOrderService     : firstMonth: 0, secondMonth: 8
2024-12-08T12:03:19.084+03:00  INFO 17444 --- [WMS] [http-nio-8080-exec-3] c.w.W.o.s.DemandAnalysisOrderService     : firstMonth: 4, secondMonth: 0
2024-12-08T12:03:19.084+03:00  INFO 17444 --- [WMS] [http-nio-8080-exec-3] c.w.W.o.s.DemandAnalysisOrderService     : firstMonth: 0, secondMonth: 6
2024-12-08T12:03:19.084+03:00  INFO 17444 --- [WMS] [http-nio-8080-exec-3] c.w.W.o.s.DemandAnalysisOrderService     : firstMonth: 0, secondMonth: 3
2024-12-08T12:03:19.084+03:00  INFO 17444 --- [WMS] [http-nio-8080-exec-3] c.w.W.o.s.DemandAnalysisOrderService     : firstMonth: 9, secondMonth: 9
2024-12-08T12:03:19.084+03:00  INFO 17444 --- [WMS] [http-nio-8080-exec-3] c.w.W.o.s.DemandAnalysisOrderService     : firstMonth: 6, secondMonth: 0
2024-12-08T12:03:19.084+03:00  INFO 17444 --- [WMS] [http-nio-8080-exec-3] c.w.W.o.s.DemandAnalysisOrderService     : firstMonth: 0, secondMonth: 1
2024-12-08T12:03:19.084+03:00  INFO 17444 --- [WMS] [http-nio-8080-exec-3] c.w.W.o.s.DemandAnalysisOrderService     : firstMonth: 5, secondMonth: 0
2024-12-08T12:03:19.084+03:00  INFO 17444 --- [WMS] [http-nio-8080-exec-3] c.w.W.o.s.DemandAnalysisOrderService     : firstMonth: 9, secondMonth: 0
2024-12-08T12:03:19.084+03:00  INFO 17444 --- [WMS] [http-nio-8080-exec-3] c.w.W.o.s.DemandAnalysisOrderService     : firstMonth: 0, secondMonth: 12
2024-12-08T12:03:19.084+03:00  INFO 17444 --- [WMS] [http-nio-8080-exec-3] c.w.W.o.s.DemandAnalysisOrderService     : firstMonth: 0, secondMonth: 10
2024-12-08T12:03:19.085+03:00  INFO 17444 --- [WMS] [http-nio-8080-exec-3] c.w.W.o.s.DemandAnalysisOrderService     : componentIdQuantityMap : {32=4, 6=12, 11=15, 12=10, 13=20, 14=10, 15=8, 18=8, 19=5, 20=4, 21=6, 22=3, 23=1, 24=9, 25=20, 26=3, 27=5, 28=4, 29=6, 30=7, 31=9}
2024-12-08T12:03:19.085+03:00  INFO 17444 --- [WMS] [http-nio-8080-exec-3] c.w.W.o.s.DemandAnalysisOrderService     : componentIdQuantityMap : {}
2024-12-08T12:03:19.085+03:00  INFO 17444 --- [WMS] [http-nio-8080-exec-3] c.w.W.o.s.DemandAnalysisOrderService     : firstMonth: 5, secondMonth: 0
2024-12-08T12:03:19.085+03:00  INFO 17444 --- [WMS] [http-nio-8080-exec-3] c.w.W.o.s.DemandAnalysisOrderService     : firstMonth: 7, secondMonth: 0
2024-12-08T12:03:19.085+03:00  INFO 17444 --- [WMS] [http-nio-8080-exec-3] c.w.W.o.s.DemandAnalysisOrderService     : firstMonth: 10, secondMonth: 0
2024-12-08T12:03:19.085+03:00  INFO 17444 --- [WMS] [http-nio-8080-exec-3] c.w.W.o.s.DemandAnalysisOrderService     : firstMonth: 15, secondMonth: 0
2024-12-08T12:03:19.085+03:00  INFO 17444 --- [WMS] [http-nio-8080-exec-3] c.w.W.o.s.DemandAnalysisOrderService     : firstMonth: 8, secondMonth: 0
2024-12-08T12:03:19.085+03:00  INFO 17444 --- [WMS] [http-nio-8080-exec-3] c.w.W.o.s.DemandAnalysisOrderService     : firstMonth: 3, secondMonth: 0
2024-12-08T12:03:19.085+03:00  INFO 17444 --- [WMS] [http-nio-8080-exec-3] c.w.W.o.s.DemandAnalysisOrderService     : firstMonth: 20, secondMonth: 0
2024-12-08T12:03:19.085+03:00  INFO 17444 --- [WMS] [http-nio-8080-exec-3] c.w.W.o.s.DemandAnalysisOrderService     : firstMonth: 4, secondMonth: 0
2024-12-08T12:03:19.085+03:00  INFO 17444 --- [WMS] [http-nio-8080-exec-3] c.w.W.o.s.DemandAnalysisOrderService     : firstMonth: 4, secondMonth: 0
2024-12-08T12:03:19.085+03:00  INFO 17444 --- [WMS] [http-nio-8080-exec-3] c.w.W.o.s.DemandAnalysisOrderService     : firstMonth: 20, secondMonth: 0
2024-12-08T12:03:19.085+03:00  INFO 17444 --- [WMS] [http-nio-8080-exec-3] c.w.W.o.s.DemandAnalysisOrderService     : firstMonth: 8, secondMonth: 0
2024-12-08T12:03:19.085+03:00  INFO 17444 --- [WMS] [http-nio-8080-exec-3] c.w.W.o.s.DemandAnalysisOrderService     : firstMonth: 4, secondMonth: 0
2024-12-08T12:03:19.085+03:00  INFO 17444 --- [WMS] [http-nio-8080-exec-3] c.w.W.o.s.DemandAnalysisOrderService     : firstMonth: 6, secondMonth: 0
2024-12-08T12:03:19.085+03:00  INFO 17444 --- [WMS] [http-nio-8080-exec-3] c.w.W.o.s.DemandAnalysisOrderService     : firstMonth: 3, secondMonth: 0
2024-12-08T12:03:19.085+03:00  INFO 17444 --- [WMS] [http-nio-8080-exec-3] c.w.W.o.s.DemandAnalysisOrderService     : firstMonth: 9, secondMonth: 0
2024-12-08T12:03:19.085+03:00  INFO 17444 --- [WMS] [http-nio-8080-exec-3] c.w.W.o.s.DemandAnalysisOrderService     : firstMonth: 6, secondMonth: 0
2024-12-08T12:03:19.085+03:00  INFO 17444 --- [WMS] [http-nio-8080-exec-3] c.w.W.o.s.DemandAnalysisOrderService     : firstMonth: 1, secondMonth: 0
2024-12-08T12:03:19.085+03:00  INFO 17444 --- [WMS] [http-nio-8080-exec-3] c.w.W.o.s.DemandAnalysisOrderService     : firstMonth: 5, secondMonth: 0
2024-12-08T12:03:19.085+03:00  INFO 17444 --- [WMS] [http-nio-8080-exec-3] c.w.W.o.s.DemandAnalysisOrderService     : firstMonth: 9, secondMonth: 0
2024-12-08T12:03:19.085+03:00  INFO 17444 --- [WMS] [http-nio-8080-exec-3] c.w.W.o.s.DemandAnalysisOrderService     : firstMonth: 12, secondMonth: 0
2024-12-08T12:03:19.086+03:00  INFO 17444 --- [WMS] [http-nio-8080-exec-3] c.w.W.o.s.DemandAnalysisOrderService     : firstMonth: 10, secondMonth: 0
2024-12-08T12:04:59.369+03:00  INFO 17444 --- [WMS] [SpringApplicationShutdownHook] j.LocalContainerEntityManagerFactoryBean : Closing JPA EntityManagerFactory for persistence unit 'default'
2024-12-08T12:04:59.370+03:00  INFO 17444 --- [WMS] [SpringApplicationShutdownHook] com.zaxxer.hikari.HikariDataSource       : HikariPool-1 - Shutdown initiated...
2024-12-08T12:04:59.403+03:00  INFO 17444 --- [WMS] [SpringApplicationShutdownHook] com.zaxxer.hikari.HikariDataSource       : HikariPool-1 - Shutdown completed.
2024-12-08T12:10:13.339+03:00  INFO 14008 --- [WMS] [main] com.warehouse.WMS.WmsApplication         : Starting WmsApplication using Java 22.0.2 with PID 14008 (C:\Users\Vadim\Desktop\WMS\target\classes started by Vadim in C:\Users\Vadim\Desktop\WMS)
2024-12-08T12:10:13.341+03:00  INFO 14008 --- [WMS] [main] com.warehouse.WMS.WmsApplication         : No active profile set, falling back to 1 default profile: "default"
2024-12-08T12:10:13.981+03:00  INFO 14008 --- [WMS] [main] .s.d.r.c.RepositoryConfigurationDelegate : Bootstrapping Spring Data JPA repositories in DEFAULT mode.
2024-12-08T12:10:14.039+03:00  INFO 14008 --- [WMS] [main] .s.d.r.c.RepositoryConfigurationDelegate : Finished Spring Data repository scanning in 52 ms. Found 5 JPA repository interfaces.
2024-12-08T12:10:14.406+03:00  INFO 14008 --- [WMS] [main] o.s.b.w.embedded.tomcat.TomcatWebServer  : Tomcat initialized with port 8080 (http)
2024-12-08T12:10:14.416+03:00  INFO 14008 --- [WMS] [main] o.apache.catalina.core.StandardService   : Starting service [Tomcat]
2024-12-08T12:10:14.417+03:00  INFO 14008 --- [WMS] [main] o.apache.catalina.core.StandardEngine    : Starting Servlet engine: [Apache Tomcat/10.1.31]
2024-12-08T12:10:14.459+03:00  INFO 14008 --- [WMS] [main] o.a.c.c.C.[Tomcat].[localhost].[/]       : Initializing Spring embedded WebApplicationContext
2024-12-08T12:10:14.459+03:00  INFO 14008 --- [WMS] [main] w.s.c.ServletWebServerApplicationContext : Root WebApplicationContext: initialization completed in 1079 ms
2024-12-08T12:10:14.551+03:00  INFO 14008 --- [WMS] [main] com.zaxxer.hikari.HikariDataSource       : HikariPool-1 - Starting...
2024-12-08T12:10:14.816+03:00  INFO 14008 --- [WMS] [main] com.zaxxer.hikari.pool.HikariPool        : HikariPool-1 - Added connection com.mysql.cj.jdbc.ConnectionImpl@3db6dd52
2024-12-08T12:10:14.818+03:00  INFO 14008 --- [WMS] [main] com.zaxxer.hikari.HikariDataSource       : HikariPool-1 - Start completed.
2024-12-08T12:10:14.849+03:00  INFO 14008 --- [WMS] [main] o.hibernate.jpa.internal.util.LogHelper  : HHH000204: Processing PersistenceUnitInfo [name: default]
2024-12-08T12:10:14.889+03:00  INFO 14008 --- [WMS] [main] org.hibernate.Version                    : HHH000412: Hibernate ORM core version 6.5.3.Final
2024-12-08T12:10:14.913+03:00  INFO 14008 --- [WMS] [main] o.h.c.internal.RegionFactoryInitiator    : HHH000026: Second-level cache disabled
2024-12-08T12:10:15.147+03:00  INFO 14008 --- [WMS] [main] o.s.o.j.p.SpringPersistenceUnitInfo      : No LoadTimeWeaver setup: ignoring JPA class transformer
2024-12-08T12:10:16.003+03:00  INFO 14008 --- [WMS] [main] o.h.e.t.j.p.i.JtaPlatformInitiator       : HHH000489: No JTA platform available (set 'hibernate.transaction.jta.platform' to enable JTA platform integration)
2024-12-08T12:10:16.006+03:00  INFO 14008 --- [WMS] [main] j.LocalContainerEntityManagerFactoryBean : Initialized JPA EntityManagerFactory for persistence unit 'default'
2024-12-08T12:10:16.374+03:00  WARN 14008 --- [WMS] [main] JpaBaseConfiguration$JpaWebConfiguration : spring.jpa.open-in-view is enabled by default. Therefore, database queries may be performed during view rendering. Explicitly configure spring.jpa.open-in-view to disable this warning
2024-12-08T12:10:16.702+03:00  INFO 14008 --- [WMS] [main] o.s.b.w.embedded.tomcat.TomcatWebServer  : Tomcat started on port 8080 (http) with context path '/'
2024-12-08T12:10:16.708+03:00  INFO 14008 --- [WMS] [main] com.warehouse.WMS.WmsApplication         : Started WmsApplication in 3.713 seconds (process running for 4.223)
2024-12-08T12:10:22.074+03:00  INFO 14008 --- [WMS] [http-nio-8080-exec-1] o.a.c.c.C.[Tomcat].[localhost].[/]       : Initializing Spring DispatcherServlet 'dispatcherServlet'
2024-12-08T12:10:22.074+03:00  INFO 14008 --- [WMS] [http-nio-8080-exec-1] o.s.web.servlet.DispatcherServlet        : Initializing Servlet 'dispatcherServlet'
2024-12-08T12:10:22.075+03:00  INFO 14008 --- [WMS] [http-nio-8080-exec-1] o.s.web.servlet.DispatcherServlet        : Completed initialization in 1 ms
2024-12-08T12:10:22.525+03:00  INFO 14008 --- [WMS] [http-nio-8080-exec-4] o.springdoc.api.AbstractOpenApiResource  : Init duration for springdoc-openapi is: 314 ms
2024-12-08T12:10:27.715+03:00  INFO 14008 --- [WMS] [http-nio-8080-exec-5] c.w.W.o.s.DemandAnalysisOrderService     : [OrderDTO(id=2, orderDate=2024-11-02, deliveryDate=2024-11-12, components=[ComponentDTO(id=6, name=Оперативная память Corsair, category=Оперативная память, manufacture=Corsair, model=Vengeance LPX 16GB, price=116), ComponentDTO(id=12, name=Корпус NZXT, category=Корпус, manufacture=NZXT, model=H510 Elite, price=260)], quantities=[-12, 10], totalQuantity=-2, status=Завершен), OrderDTO(id=1, orderDate=2024-11-01, deliveryDate=2024-11-10, components=[ComponentDTO(id=11, name=Внешний жёсткий диск Seagate, category=Накопитель, manufacture=Seagate, model=Backup Plus 4TB, price=230), ComponentDTO(id=18, name=SSD Kingston, category=Накопитель, manufacture=Kingston, model=A2000 1TB, price=100)], quantities=[15, -8], totalQuantity=7, status=Завершен), OrderDTO(id=3, orderDate=2024-11-03, deliveryDate=2024-11-13, components=[ComponentDTO(id=13, name=Вентилятор Noctua, category=Система охлаждения, manufacture=Noctua, model=NF-A12x25 PWM, price=45), ComponentDTO(id=19, name=Видеокарта ASUS, category=Видеокарта, manufacture=ASUS, model=ROG Strix RTX 3060, price=550)], quantities=[20, -5], totalQuantity=15, status=Завершен), OrderDTO(id=4, orderDate=2024-11-04, deliveryDate=2024-11-14, components=[ComponentDTO(id=14, name=Материнская плата ASUS, category=Материнская плата, manufacture=ASUS, model=ROG Strix Z490-E, price=560), ComponentDTO(id=20, name=Блок питания Seasonic, category=Блок питания, manufacture=Seasonic, model=Focus GX-750, price=120)], quantities=[10, -4], totalQuantity=6, status=Завершен), OrderDTO(id=5, orderDate=2024-11-05, deliveryDate=2024-11-15, components=[ComponentDTO(id=15, name=Игровой монитор Xiaomi Redmi, category=Монитор, manufacture=Xiaomi Redmi, model=G24 A24FAA-RG, price=335), ComponentDTO(id=21, name=Кулер Noctua, category=Система охлаждения, manufacture=Noctua, model=NH-D15, price=90)], quantities=[8, -6], totalQuantity=2, status=Завершен), OrderDTO(id=38, orderDate=2024-11-06, deliveryDate=2024-11-16, components=[ComponentDTO(id=22, name=Материнская плата MSI, category=Материнская плата, manufacture=MSI, model=B550-A PRO, price=150)], quantities=[-3], totalQuantity=-3, status=Завершен), OrderDTO(id=39, orderDate=2024-11-07, deliveryDate=2024-11-17, components=[ComponentDTO(id=23, name=Монитор LG, category=Монитор, manufacture=LG, model=UltraGear 27GN950, price=900)], quantities=[-1], totalQuantity=-1, status=Завершен), OrderDTO(id=40, orderDate=2024-11-08, deliveryDate=2024-11-18, components=[ComponentDTO(id=24, name=Клавиатура Razer, category=Клавиатура, manufacture=Razer, model=BlackWidow V3, price=130)], quantities=[-9], totalQuantity=-9, status=Завершен), OrderDTO(id=41, orderDate=2024-11-09, deliveryDate=2024-11-19, components=[ComponentDTO(id=25, name=Мышь Logitech, category=Компьютерная мышь, manufacture=Logitech, model=G502 HERO, price=50)], quantities=[-20], totalQuantity=-20, status=Завершен), OrderDTO(id=42, orderDate=2024-11-10, deliveryDate=2024-11-20, components=[ComponentDTO(id=26, name=Внешний жесткий диск WD, category=Накопитель, manufacture=Western Digital, model=My Passport 4TB, price=120)], quantities=[-3], totalQuantity=-3, status=Завершен), OrderDTO(id=43, orderDate=2024-11-13, deliveryDate=2024-11-23, components=[ComponentDTO(id=27, name=Кулер Arctic, category=Система охлаждения, manufacture=Arctic, model=Freezer 34 eSports DUO, price=70)], quantities=[-5], totalQuantity=-5, status=Завершен), OrderDTO(id=44, orderDate=2024-11-15, deliveryDate=2024-11-25, components=[ComponentDTO(id=28, name=Системный блок Thermaltake, category=Корпус, manufacture=Thermaltake, model=V200, price=100)], quantities=[-4], totalQuantity=-4, status=Завершен), OrderDTO(id=45, orderDate=2024-11-16, deliveryDate=2024-11-26, components=[ComponentDTO(id=29, name=Память G.Skill, category=Оперативная память, manufacture=G.Skill, model=Ripjaws V 32GB, price=150)], quantities=[-6], totalQuantity=-6, status=Завершен), OrderDTO(id=46, orderDate=2024-11-17, deliveryDate=2024-11-27, components=[ComponentDTO(id=30, name=Клавиатура SteelSeries, category=Клавиатура, manufacture=SteelSeries, model=Apex 7, price=130)], quantities=[-7], totalQuantity=-7, status=Завершен), OrderDTO(id=47, orderDate=2024-11-18, deliveryDate=2024-11-28, components=[ComponentDTO(id=31, name=Мышь Corsair, category=Компьютерная мышь, manufacture=Corsair, model=M65 RGB Elite, price=80)], quantities=[-9], totalQuantity=-9, status=Завершен), OrderDTO(id=48, orderDate=2024-11-19, deliveryDate=2024-11-29, components=[ComponentDTO(id=32, name=Внешний SSD Samsung, category=Накопитель, manufacture=Samsung, model=T7 1TB, price=150)], quantities=[-4], totalQuantity=-4, status=Завершен)]
2024-12-08T12:12:40.845+03:00  INFO 14008 --- [WMS] [SpringApplicationShutdownHook] j.LocalContainerEntityManagerFactoryBean : Closing JPA EntityManagerFactory for persistence unit 'default'
2024-12-08T12:12:40.846+03:00  INFO 14008 --- [WMS] [SpringApplicationShutdownHook] com.zaxxer.hikari.HikariDataSource       : HikariPool-1 - Shutdown initiated...
2024-12-08T12:12:40.852+03:00  INFO 14008 --- [WMS] [SpringApplicationShutdownHook] com.zaxxer.hikari.HikariDataSource       : HikariPool-1 - Shutdown completed.
2024-12-08T12:13:04.925+03:00  INFO 5964 --- [WMS] [main] com.warehouse.WMS.WmsApplication         : Starting WmsApplication using Java 22.0.2 with PID 5964 (C:\Users\Vadim\Desktop\WMS\target\classes started by Vadim in C:\Users\Vadim\Desktop\WMS)
2024-12-08T12:13:04.927+03:00  INFO 5964 --- [WMS] [main] com.warehouse.WMS.WmsApplication         : No active profile set, falling back to 1 default profile: "default"
2024-12-08T12:13:05.538+03:00  INFO 5964 --- [WMS] [main] .s.d.r.c.RepositoryConfigurationDelegate : Bootstrapping Spring Data JPA repositories in DEFAULT mode.
2024-12-08T12:13:05.591+03:00  INFO 5964 --- [WMS] [main] .s.d.r.c.RepositoryConfigurationDelegate : Finished Spring Data repository scanning in 48 ms. Found 5 JPA repository interfaces.
2024-12-08T12:13:05.948+03:00  INFO 5964 --- [WMS] [main] o.s.b.w.embedded.tomcat.TomcatWebServer  : Tomcat initialized with port 8080 (http)
2024-12-08T12:13:05.958+03:00  INFO 5964 --- [WMS] [main] o.apache.catalina.core.StandardService   : Starting service [Tomcat]
2024-12-08T12:13:05.958+03:00  INFO 5964 --- [WMS] [main] o.apache.catalina.core.StandardEngine    : Starting Servlet engine: [Apache Tomcat/10.1.31]
2024-12-08T12:13:06.001+03:00  INFO 5964 --- [WMS] [main] o.a.c.c.C.[Tomcat].[localhost].[/]       : Initializing Spring embedded WebApplicationContext
2024-12-08T12:13:06.001+03:00  INFO 5964 --- [WMS] [main] w.s.c.ServletWebServerApplicationContext : Root WebApplicationContext: initialization completed in 1036 ms
2024-12-08T12:13:06.093+03:00  INFO 5964 --- [WMS] [main] com.zaxxer.hikari.HikariDataSource       : HikariPool-1 - Starting...
2024-12-08T12:13:06.355+03:00  INFO 5964 --- [WMS] [main] com.zaxxer.hikari.pool.HikariPool        : HikariPool-1 - Added connection com.mysql.cj.jdbc.ConnectionImpl@54247647
2024-12-08T12:13:06.357+03:00  INFO 5964 --- [WMS] [main] com.zaxxer.hikari.HikariDataSource       : HikariPool-1 - Start completed.
2024-12-08T12:13:06.386+03:00  INFO 5964 --- [WMS] [main] o.hibernate.jpa.internal.util.LogHelper  : HHH000204: Processing PersistenceUnitInfo [name: default]
2024-12-08T12:13:06.426+03:00  INFO 5964 --- [WMS] [main] org.hibernate.Version                    : HHH000412: Hibernate ORM core version 6.5.3.Final
2024-12-08T12:13:06.451+03:00  INFO 5964 --- [WMS] [main] o.h.c.internal.RegionFactoryInitiator    : HHH000026: Second-level cache disabled
2024-12-08T12:13:06.685+03:00  INFO 5964 --- [WMS] [main] o.s.o.j.p.SpringPersistenceUnitInfo      : No LoadTimeWeaver setup: ignoring JPA class transformer
2024-12-08T12:13:07.539+03:00  INFO 5964 --- [WMS] [main] o.h.e.t.j.p.i.JtaPlatformInitiator       : HHH000489: No JTA platform available (set 'hibernate.transaction.jta.platform' to enable JTA platform integration)
2024-12-08T12:13:07.541+03:00  INFO 5964 --- [WMS] [main] j.LocalContainerEntityManagerFactoryBean : Initialized JPA EntityManagerFactory for persistence unit 'default'
2024-12-08T12:13:07.888+03:00  WARN 5964 --- [WMS] [main] JpaBaseConfiguration$JpaWebConfiguration : spring.jpa.open-in-view is enabled by default. Therefore, database queries may be performed during view rendering. Explicitly configure spring.jpa.open-in-view to disable this warning
2024-12-08T12:13:08.200+03:00  INFO 5964 --- [WMS] [main] o.s.b.w.embedded.tomcat.TomcatWebServer  : Tomcat started on port 8080 (http) with context path '/'
2024-12-08T12:13:08.207+03:00  INFO 5964 --- [WMS] [main] com.warehouse.WMS.WmsApplication         : Started WmsApplication in 3.617 seconds (process running for 4.136)
2024-12-08T12:13:25.296+03:00  INFO 5964 --- [WMS] [http-nio-8080-exec-1] o.a.c.c.C.[Tomcat].[localhost].[/]       : Initializing Spring DispatcherServlet 'dispatcherServlet'
2024-12-08T12:13:25.297+03:00  INFO 5964 --- [WMS] [http-nio-8080-exec-1] o.s.web.servlet.DispatcherServlet        : Initializing Servlet 'dispatcherServlet'
2024-12-08T12:13:25.298+03:00  INFO 5964 --- [WMS] [http-nio-8080-exec-1] o.s.web.servlet.DispatcherServlet        : Completed initialization in 1 ms
2024-12-08T12:13:25.523+03:00  INFO 5964 --- [WMS] [http-nio-8080-exec-1] c.w.W.o.s.DemandAnalysisOrderService     : [OrderDTO(id=2, orderDate=2024-11-02, deliveryDate=2024-11-12, components=[ComponentDTO(id=6, name=Оперативная память Corsair, category=Оперативная память, manufacture=Corsair, model=Vengeance LPX 16GB, price=116), ComponentDTO(id=12, name=Корпус NZXT, category=Корпус, manufacture=NZXT, model=H510 Elite, price=260)], quantities=[-12, 10], totalQuantity=-2, status=Завершен), OrderDTO(id=1, orderDate=2024-11-01, deliveryDate=2024-11-10, components=[ComponentDTO(id=11, name=Внешний жёсткий диск Seagate, category=Накопитель, manufacture=Seagate, model=Backup Plus 4TB, price=230), ComponentDTO(id=18, name=SSD Kingston, category=Накопитель, manufacture=Kingston, model=A2000 1TB, price=100)], quantities=[15, -8], totalQuantity=7, status=Завершен), OrderDTO(id=3, orderDate=2024-11-03, deliveryDate=2024-11-13, components=[ComponentDTO(id=13, name=Вентилятор Noctua, category=Система охлаждения, manufacture=Noctua, model=NF-A12x25 PWM, price=45), ComponentDTO(id=19, name=Видеокарта ASUS, category=Видеокарта, manufacture=ASUS, model=ROG Strix RTX 3060, price=550)], quantities=[20, -5], totalQuantity=15, status=Завершен), OrderDTO(id=4, orderDate=2024-11-04, deliveryDate=2024-11-14, components=[ComponentDTO(id=14, name=Материнская плата ASUS, category=Материнская плата, manufacture=ASUS, model=ROG Strix Z490-E, price=560), ComponentDTO(id=20, name=Блок питания Seasonic, category=Блок питания, manufacture=Seasonic, model=Focus GX-750, price=120)], quantities=[10, -4], totalQuantity=6, status=Завершен), OrderDTO(id=5, orderDate=2024-11-05, deliveryDate=2024-11-15, components=[ComponentDTO(id=15, name=Игровой монитор Xiaomi Redmi, category=Монитор, manufacture=Xiaomi Redmi, model=G24 A24FAA-RG, price=335), ComponentDTO(id=21, name=Кулер Noctua, category=Система охлаждения, manufacture=Noctua, model=NH-D15, price=90)], quantities=[8, -6], totalQuantity=2, status=Завершен), OrderDTO(id=38, orderDate=2024-11-06, deliveryDate=2024-11-16, components=[ComponentDTO(id=22, name=Материнская плата MSI, category=Материнская плата, manufacture=MSI, model=B550-A PRO, price=150)], quantities=[-3], totalQuantity=-3, status=Завершен), OrderDTO(id=39, orderDate=2024-11-07, deliveryDate=2024-11-17, components=[ComponentDTO(id=23, name=Монитор LG, category=Монитор, manufacture=LG, model=UltraGear 27GN950, price=900)], quantities=[-1], totalQuantity=-1, status=Завершен), OrderDTO(id=40, orderDate=2024-11-08, deliveryDate=2024-11-18, components=[ComponentDTO(id=24, name=Клавиатура Razer, category=Клавиатура, manufacture=Razer, model=BlackWidow V3, price=130)], quantities=[-9], totalQuantity=-9, status=Завершен), OrderDTO(id=41, orderDate=2024-11-09, deliveryDate=2024-11-19, components=[ComponentDTO(id=25, name=Мышь Logitech, category=Компьютерная мышь, manufacture=Logitech, model=G502 HERO, price=50)], quantities=[-20], totalQuantity=-20, status=Завершен), OrderDTO(id=42, orderDate=2024-11-10, deliveryDate=2024-11-20, components=[ComponentDTO(id=26, name=Внешний жесткий диск WD, category=Накопитель, manufacture=Western Digital, model=My Passport 4TB, price=120)], quantities=[-3], totalQuantity=-3, status=Завершен), OrderDTO(id=43, orderDate=2024-11-13, deliveryDate=2024-11-23, components=[ComponentDTO(id=27, name=Кулер Arctic, category=Система охлаждения, manufacture=Arctic, model=Freezer 34 eSports DUO, price=70)], quantities=[-5], totalQuantity=-5, status=Завершен), OrderDTO(id=44, orderDate=2024-11-15, deliveryDate=2024-11-25, components=[ComponentDTO(id=28, name=Системный блок Thermaltake, category=Корпус, manufacture=Thermaltake, model=V200, price=100)], quantities=[-4], totalQuantity=-4, status=Завершен), OrderDTO(id=45, orderDate=2024-11-16, deliveryDate=2024-11-26, components=[ComponentDTO(id=29, name=Память G.Skill, category=Оперативная память, manufacture=G.Skill, model=Ripjaws V 32GB, price=150)], quantities=[-6], totalQuantity=-6, status=Завершен), OrderDTO(id=46, orderDate=2024-11-17, deliveryDate=2024-11-27, components=[ComponentDTO(id=30, name=Клавиатура SteelSeries, category=Клавиатура, manufacture=SteelSeries, model=Apex 7, price=130)], quantities=[-7], totalQuantity=-7, status=Завершен), OrderDTO(id=47, orderDate=2024-11-18, deliveryDate=2024-11-28, components=[ComponentDTO(id=31, name=Мышь Corsair, category=Компьютерная мышь, manufacture=Corsair, model=M65 RGB Elite, price=80)], quantities=[-9], totalQuantity=-9, status=Завершен), OrderDTO(id=48, orderDate=2024-11-19, deliveryDate=2024-11-29, components=[ComponentDTO(id=32, name=Внешний SSD Samsung, category=Накопитель, manufacture=Samsung, model=T7 1TB, price=150)], quantities=[-4], totalQuantity=-4, status=Завершен)]
2024-12-08T12:13:25.633+03:00  INFO 5964 --- [WMS] [http-nio-8080-exec-4] c.w.W.o.s.DemandAnalysisOrderService     : [OrderDTO(id=2, orderDate=2024-11-02, deliveryDate=2024-11-12, components=[ComponentDTO(id=6, name=Оперативная память Corsair, category=Оперативная память, manufacture=Corsair, model=Vengeance LPX 16GB, price=116), ComponentDTO(id=12, name=Корпус NZXT, category=Корпус, manufacture=NZXT, model=H510 Elite, price=260)], quantities=[-12, 10], totalQuantity=-2, status=Завершен), OrderDTO(id=1, orderDate=2024-11-01, deliveryDate=2024-11-10, components=[ComponentDTO(id=11, name=Внешний жёсткий диск Seagate, category=Накопитель, manufacture=Seagate, model=Backup Plus 4TB, price=230), ComponentDTO(id=18, name=SSD Kingston, category=Накопитель, manufacture=Kingston, model=A2000 1TB, price=100)], quantities=[15, -8], totalQuantity=7, status=Завершен), OrderDTO(id=3, orderDate=2024-11-03, deliveryDate=2024-11-13, components=[ComponentDTO(id=13, name=Вентилятор Noctua, category=Система охлаждения, manufacture=Noctua, model=NF-A12x25 PWM, price=45), ComponentDTO(id=19, name=Видеокарта ASUS, category=Видеокарта, manufacture=ASUS, model=ROG Strix RTX 3060, price=550)], quantities=[20, -5], totalQuantity=15, status=Завершен), OrderDTO(id=4, orderDate=2024-11-04, deliveryDate=2024-11-14, components=[ComponentDTO(id=14, name=Материнская плата ASUS, category=Материнская плата, manufacture=ASUS, model=ROG Strix Z490-E, price=560), ComponentDTO(id=20, name=Блок питания Seasonic, category=Блок питания, manufacture=Seasonic, model=Focus GX-750, price=120)], quantities=[10, -4], totalQuantity=6, status=Завершен), OrderDTO(id=5, orderDate=2024-11-05, deliveryDate=2024-11-15, components=[ComponentDTO(id=15, name=Игровой монитор Xiaomi Redmi, category=Монитор, manufacture=Xiaomi Redmi, model=G24 A24FAA-RG, price=335), ComponentDTO(id=21, name=Кулер Noctua, category=Система охлаждения, manufacture=Noctua, model=NH-D15, price=90)], quantities=[8, -6], totalQuantity=2, status=Завершен), OrderDTO(id=38, orderDate=2024-11-06, deliveryDate=2024-11-16, components=[ComponentDTO(id=22, name=Материнская плата MSI, category=Материнская плата, manufacture=MSI, model=B550-A PRO, price=150)], quantities=[-3], totalQuantity=-3, status=Завершен), OrderDTO(id=39, orderDate=2024-11-07, deliveryDate=2024-11-17, components=[ComponentDTO(id=23, name=Монитор LG, category=Монитор, manufacture=LG, model=UltraGear 27GN950, price=900)], quantities=[-1], totalQuantity=-1, status=Завершен), OrderDTO(id=40, orderDate=2024-11-08, deliveryDate=2024-11-18, components=[ComponentDTO(id=24, name=Клавиатура Razer, category=Клавиатура, manufacture=Razer, model=BlackWidow V3, price=130)], quantities=[-9], totalQuantity=-9, status=Завершен), OrderDTO(id=41, orderDate=2024-11-09, deliveryDate=2024-11-19, components=[ComponentDTO(id=25, name=Мышь Logitech, category=Компьютерная мышь, manufacture=Logitech, model=G502 HERO, price=50)], quantities=[-20], totalQuantity=-20, status=Завершен), OrderDTO(id=42, orderDate=2024-11-10, deliveryDate=2024-11-20, components=[ComponentDTO(id=26, name=Внешний жесткий диск WD, category=Накопитель, manufacture=Western Digital, model=My Passport 4TB, price=120)], quantities=[-3], totalQuantity=-3, status=Завершен), OrderDTO(id=43, orderDate=2024-11-13, deliveryDate=2024-11-23, components=[ComponentDTO(id=27, name=Кулер Arctic, category=Система охлаждения, manufacture=Arctic, model=Freezer 34 eSports DUO, price=70)], quantities=[-5], totalQuantity=-5, status=Завершен), OrderDTO(id=44, orderDate=2024-11-15, deliveryDate=2024-11-25, components=[ComponentDTO(id=28, name=Системный блок Thermaltake, category=Корпус, manufacture=Thermaltake, model=V200, price=100)], quantities=[-4], totalQuantity=-4, status=Завершен), OrderDTO(id=45, orderDate=2024-11-16, deliveryDate=2024-11-26, components=[ComponentDTO(id=29, name=Память G.Skill, category=Оперативная память, manufacture=G.Skill, model=Ripjaws V 32GB, price=150)], quantities=[-6], totalQuantity=-6, status=Завершен), OrderDTO(id=46, orderDate=2024-11-17, deliveryDate=2024-11-27, components=[ComponentDTO(id=30, name=Клавиатура SteelSeries, category=Клавиатура, manufacture=SteelSeries, model=Apex 7, price=130)], quantities=[-7], totalQuantity=-7, status=Завершен), OrderDTO(id=47, orderDate=2024-11-18, deliveryDate=2024-11-28, components=[ComponentDTO(id=31, name=Мышь Corsair, category=Компьютерная мышь, manufacture=Corsair, model=M65 RGB Elite, price=80)], quantities=[-9], totalQuantity=-9, status=Завершен), OrderDTO(id=48, orderDate=2024-11-19, deliveryDate=2024-11-29, components=[ComponentDTO(id=32, name=Внешний SSD Samsung, category=Накопитель, manufacture=Samsung, model=T7 1TB, price=150)], quantities=[-4], totalQuantity=-4, status=Завершен)]
2024-12-08T12:13:47.421+03:00  INFO 5964 --- [WMS] [SpringApplicationShutdownHook] j.LocalContainerEntityManagerFactoryBean : Closing JPA EntityManagerFactory for persistence unit 'default'
2024-12-08T12:13:47.422+03:00  INFO 5964 --- [WMS] [SpringApplicationShutdownHook] com.zaxxer.hikari.HikariDataSource       : HikariPool-1 - Shutdown initiated...
2024-12-08T12:13:47.428+03:00  INFO 5964 --- [WMS] [SpringApplicationShutdownHook] com.zaxxer.hikari.HikariDataSource       : HikariPool-1 - Shutdown completed.
2024-12-08T12:14:16.275+03:00  INFO 1032 --- [WMS] [main] com.warehouse.WMS.WmsApplication         : Starting WmsApplication using Java 22.0.2 with PID 1032 (C:\Users\Vadim\Desktop\WMS\target\classes started by Vadim in C:\Users\Vadim\Desktop\WMS)
2024-12-08T12:14:16.277+03:00  INFO 1032 --- [WMS] [main] com.warehouse.WMS.WmsApplication         : No active profile set, falling back to 1 default profile: "default"
2024-12-08T12:14:16.924+03:00  INFO 1032 --- [WMS] [main] .s.d.r.c.RepositoryConfigurationDelegate : Bootstrapping Spring Data JPA repositories in DEFAULT mode.
2024-12-08T12:14:16.978+03:00  INFO 1032 --- [WMS] [main] .s.d.r.c.RepositoryConfigurationDelegate : Finished Spring Data repository scanning in 48 ms. Found 5 JPA repository interfaces.
2024-12-08T12:14:17.367+03:00  INFO 1032 --- [WMS] [main] o.s.b.w.embedded.tomcat.TomcatWebServer  : Tomcat initialized with port 8080 (http)
2024-12-08T12:14:17.381+03:00  INFO 1032 --- [WMS] [main] o.apache.catalina.core.StandardService   : Starting service [Tomcat]
2024-12-08T12:14:17.381+03:00  INFO 1032 --- [WMS] [main] o.apache.catalina.core.StandardEngine    : Starting Servlet engine: [Apache Tomcat/10.1.31]
2024-12-08T12:14:17.427+03:00  INFO 1032 --- [WMS] [main] o.a.c.c.C.[Tomcat].[localhost].[/]       : Initializing Spring embedded WebApplicationContext
2024-12-08T12:14:17.428+03:00  INFO 1032 --- [WMS] [main] w.s.c.ServletWebServerApplicationContext : Root WebApplicationContext: initialization completed in 1110 ms
2024-12-08T12:14:17.525+03:00  INFO 1032 --- [WMS] [main] com.zaxxer.hikari.HikariDataSource       : HikariPool-1 - Starting...
2024-12-08T12:14:17.787+03:00  INFO 1032 --- [WMS] [main] com.zaxxer.hikari.pool.HikariPool        : HikariPool-1 - Added connection com.mysql.cj.jdbc.ConnectionImpl@e0d1dc4
2024-12-08T12:14:17.789+03:00  INFO 1032 --- [WMS] [main] com.zaxxer.hikari.HikariDataSource       : HikariPool-1 - Start completed.
2024-12-08T12:14:17.818+03:00  INFO 1032 --- [WMS] [main] o.hibernate.jpa.internal.util.LogHelper  : HHH000204: Processing PersistenceUnitInfo [name: default]
2024-12-08T12:14:17.857+03:00  INFO 1032 --- [WMS] [main] org.hibernate.Version                    : HHH000412: Hibernate ORM core version 6.5.3.Final
2024-12-08T12:14:17.881+03:00  INFO 1032 --- [WMS] [main] o.h.c.internal.RegionFactoryInitiator    : HHH000026: Second-level cache disabled
2024-12-08T12:14:18.117+03:00  INFO 1032 --- [WMS] [main] o.s.o.j.p.SpringPersistenceUnitInfo      : No LoadTimeWeaver setup: ignoring JPA class transformer
2024-12-08T12:14:18.996+03:00  INFO 1032 --- [WMS] [main] o.h.e.t.j.p.i.JtaPlatformInitiator       : HHH000489: No JTA platform available (set 'hibernate.transaction.jta.platform' to enable JTA platform integration)
2024-12-08T12:14:19.000+03:00  INFO 1032 --- [WMS] [main] j.LocalContainerEntityManagerFactoryBean : Initialized JPA EntityManagerFactory for persistence unit 'default'
2024-12-08T12:14:19.371+03:00  WARN 1032 --- [WMS] [main] JpaBaseConfiguration$JpaWebConfiguration : spring.jpa.open-in-view is enabled by default. Therefore, database queries may be performed during view rendering. Explicitly configure spring.jpa.open-in-view to disable this warning
2024-12-08T12:14:19.690+03:00  INFO 1032 --- [WMS] [main] o.s.b.w.embedded.tomcat.TomcatWebServer  : Tomcat started on port 8080 (http) with context path '/'
2024-12-08T12:14:19.697+03:00  INFO 1032 --- [WMS] [main] com.warehouse.WMS.WmsApplication         : Started WmsApplication in 3.792 seconds (process running for 4.329)
2024-12-08T12:14:19.937+03:00  INFO 1032 --- [WMS] [http-nio-8080-exec-1] o.a.c.c.C.[Tomcat].[localhost].[/]       : Initializing Spring DispatcherServlet 'dispatcherServlet'
2024-12-08T12:14:19.937+03:00  INFO 1032 --- [WMS] [http-nio-8080-exec-1] o.s.web.servlet.DispatcherServlet        : Initializing Servlet 'dispatcherServlet'
2024-12-08T12:14:19.938+03:00  INFO 1032 --- [WMS] [http-nio-8080-exec-1] o.s.web.servlet.DispatcherServlet        : Completed initialization in 1 ms
2024-12-08T12:14:20.229+03:00  INFO 1032 --- [WMS] [http-nio-8080-exec-1] c.w.W.o.s.DemandAnalysisOrderService     : [OrderDTO(id=2, orderDate=2024-11-02, deliveryDate=2024-11-12, components=[ComponentDTO(id=6, name=Оперативная память Corsair, category=Оперативная память, manufacture=Corsair, model=Vengeance LPX 16GB, price=116), ComponentDTO(id=12, name=Корпус NZXT, category=Корпус, manufacture=NZXT, model=H510 Elite, price=260)], quantities=[-12, 10], totalQuantity=-2, status=Завершен), OrderDTO(id=1, orderDate=2024-11-01, deliveryDate=2024-11-10, components=[ComponentDTO(id=11, name=Внешний жёсткий диск Seagate, category=Накопитель, manufacture=Seagate, model=Backup Plus 4TB, price=230), ComponentDTO(id=18, name=SSD Kingston, category=Накопитель, manufacture=Kingston, model=A2000 1TB, price=100)], quantities=[15, -8], totalQuantity=7, status=Завершен), OrderDTO(id=3, orderDate=2024-11-03, deliveryDate=2024-11-13, components=[ComponentDTO(id=13, name=Вентилятор Noctua, category=Система охлаждения, manufacture=Noctua, model=NF-A12x25 PWM, price=45), ComponentDTO(id=19, name=Видеокарта ASUS, category=Видеокарта, manufacture=ASUS, model=ROG Strix RTX 3060, price=550)], quantities=[20, -5], totalQuantity=15, status=Завершен), OrderDTO(id=4, orderDate=2024-11-04, deliveryDate=2024-11-14, components=[ComponentDTO(id=14, name=Материнская плата ASUS, category=Материнская плата, manufacture=ASUS, model=ROG Strix Z490-E, price=560), ComponentDTO(id=20, name=Блок питания Seasonic, category=Блок питания, manufacture=Seasonic, model=Focus GX-750, price=120)], quantities=[10, -4], totalQuantity=6, status=Завершен), OrderDTO(id=5, orderDate=2024-11-05, deliveryDate=2024-11-15, components=[ComponentDTO(id=15, name=Игровой монитор Xiaomi Redmi, category=Монитор, manufacture=Xiaomi Redmi, model=G24 A24FAA-RG, price=335), ComponentDTO(id=21, name=Кулер Noctua, category=Система охлаждения, manufacture=Noctua, model=NH-D15, price=90)], quantities=[8, -6], totalQuantity=2, status=Завершен), OrderDTO(id=38, orderDate=2024-11-06, deliveryDate=2024-11-16, components=[ComponentDTO(id=22, name=Материнская плата MSI, category=Материнская плата, manufacture=MSI, model=B550-A PRO, price=150)], quantities=[-3], totalQuantity=-3, status=Завершен), OrderDTO(id=39, orderDate=2024-11-07, deliveryDate=2024-11-17, components=[ComponentDTO(id=23, name=Монитор LG, category=Монитор, manufacture=LG, model=UltraGear 27GN950, price=900)], quantities=[-1], totalQuantity=-1, status=Завершен), OrderDTO(id=40, orderDate=2024-11-08, deliveryDate=2024-11-18, components=[ComponentDTO(id=24, name=Клавиатура Razer, category=Клавиатура, manufacture=Razer, model=BlackWidow V3, price=130)], quantities=[-9], totalQuantity=-9, status=Завершен), OrderDTO(id=41, orderDate=2024-11-09, deliveryDate=2024-11-19, components=[ComponentDTO(id=25, name=Мышь Logitech, category=Компьютерная мышь, manufacture=Logitech, model=G502 HERO, price=50)], quantities=[-20], totalQuantity=-20, status=Завершен), OrderDTO(id=42, orderDate=2024-11-10, deliveryDate=2024-11-20, components=[ComponentDTO(id=26, name=Внешний жесткий диск WD, category=Накопитель, manufacture=Western Digital, model=My Passport 4TB, price=120)], quantities=[-3], totalQuantity=-3, status=Завершен), OrderDTO(id=43, orderDate=2024-11-13, deliveryDate=2024-11-23, components=[ComponentDTO(id=27, name=Кулер Arctic, category=Система охлаждения, manufacture=Arctic, model=Freezer 34 eSports DUO, price=70)], quantities=[-5], totalQuantity=-5, status=Завершен), OrderDTO(id=44, orderDate=2024-11-15, deliveryDate=2024-11-25, components=[ComponentDTO(id=28, name=Системный блок Thermaltake, category=Корпус, manufacture=Thermaltake, model=V200, price=100)], quantities=[-4], totalQuantity=-4, status=Завершен), OrderDTO(id=45, orderDate=2024-11-16, deliveryDate=2024-11-26, components=[ComponentDTO(id=29, name=Память G.Skill, category=Оперативная память, manufacture=G.Skill, model=Ripjaws V 32GB, price=150)], quantities=[-6], totalQuantity=-6, status=Завершен), OrderDTO(id=46, orderDate=2024-11-17, deliveryDate=2024-11-27, components=[ComponentDTO(id=30, name=Клавиатура SteelSeries, category=Клавиатура, manufacture=SteelSeries, model=Apex 7, price=130)], quantities=[-7], totalQuantity=-7, status=Завершен), OrderDTO(id=47, orderDate=2024-11-18, deliveryDate=2024-11-28, components=[ComponentDTO(id=31, name=Мышь Corsair, category=Компьютерная мышь, manufacture=Corsair, model=M65 RGB Elite, price=80)], quantities=[-9], totalQuantity=-9, status=Завершен), OrderDTO(id=48, orderDate=2024-11-19, deliveryDate=2024-11-29, components=[ComponentDTO(id=32, name=Внешний SSD Samsung, category=Накопитель, manufacture=Samsung, model=T7 1TB, price=150)], quantities=[-4], totalQuantity=-4, status=Завершен)]
2024-12-08T12:14:20.335+03:00  INFO 1032 --- [WMS] [http-nio-8080-exec-2] c.w.W.o.s.DemandAnalysisOrderService     : [OrderDTO(id=2, orderDate=2024-11-02, deliveryDate=2024-11-12, components=[ComponentDTO(id=6, name=Оперативная память Corsair, category=Оперативная память, manufacture=Corsair, model=Vengeance LPX 16GB, price=116), ComponentDTO(id=12, name=Корпус NZXT, category=Корпус, manufacture=NZXT, model=H510 Elite, price=260)], quantities=[-12, 10], totalQuantity=-2, status=Завершен), OrderDTO(id=1, orderDate=2024-11-01, deliveryDate=2024-11-10, components=[ComponentDTO(id=11, name=Внешний жёсткий диск Seagate, category=Накопитель, manufacture=Seagate, model=Backup Plus 4TB, price=230), ComponentDTO(id=18, name=SSD Kingston, category=Накопитель, manufacture=Kingston, model=A2000 1TB, price=100)], quantities=[15, -8], totalQuantity=7, status=Завершен), OrderDTO(id=3, orderDate=2024-11-03, deliveryDate=2024-11-13, components=[ComponentDTO(id=13, name=Вентилятор Noctua, category=Система охлаждения, manufacture=Noctua, model=NF-A12x25 PWM, price=45), ComponentDTO(id=19, name=Видеокарта ASUS, category=Видеокарта, manufacture=ASUS, model=ROG Strix RTX 3060, price=550)], quantities=[20, -5], totalQuantity=15, status=Завершен), OrderDTO(id=4, orderDate=2024-11-04, deliveryDate=2024-11-14, components=[ComponentDTO(id=14, name=Материнская плата ASUS, category=Материнская плата, manufacture=ASUS, model=ROG Strix Z490-E, price=560), ComponentDTO(id=20, name=Блок питания Seasonic, category=Блок питания, manufacture=Seasonic, model=Focus GX-750, price=120)], quantities=[10, -4], totalQuantity=6, status=Завершен), OrderDTO(id=5, orderDate=2024-11-05, deliveryDate=2024-11-15, components=[ComponentDTO(id=15, name=Игровой монитор Xiaomi Redmi, category=Монитор, manufacture=Xiaomi Redmi, model=G24 A24FAA-RG, price=335), ComponentDTO(id=21, name=Кулер Noctua, category=Система охлаждения, manufacture=Noctua, model=NH-D15, price=90)], quantities=[8, -6], totalQuantity=2, status=Завершен), OrderDTO(id=38, orderDate=2024-11-06, deliveryDate=2024-11-16, components=[ComponentDTO(id=22, name=Материнская плата MSI, category=Материнская плата, manufacture=MSI, model=B550-A PRO, price=150)], quantities=[-3], totalQuantity=-3, status=Завершен), OrderDTO(id=39, orderDate=2024-11-07, deliveryDate=2024-11-17, components=[ComponentDTO(id=23, name=Монитор LG, category=Монитор, manufacture=LG, model=UltraGear 27GN950, price=900)], quantities=[-1], totalQuantity=-1, status=Завершен), OrderDTO(id=40, orderDate=2024-11-08, deliveryDate=2024-11-18, components=[ComponentDTO(id=24, name=Клавиатура Razer, category=Клавиатура, manufacture=Razer, model=BlackWidow V3, price=130)], quantities=[-9], totalQuantity=-9, status=Завершен), OrderDTO(id=41, orderDate=2024-11-09, deliveryDate=2024-11-19, components=[ComponentDTO(id=25, name=Мышь Logitech, category=Компьютерная мышь, manufacture=Logitech, model=G502 HERO, price=50)], quantities=[-20], totalQuantity=-20, status=Завершен), OrderDTO(id=42, orderDate=2024-11-10, deliveryDate=2024-11-20, components=[ComponentDTO(id=26, name=Внешний жесткий диск WD, category=Накопитель, manufacture=Western Digital, model=My Passport 4TB, price=120)], quantities=[-3], totalQuantity=-3, status=Завершен), OrderDTO(id=43, orderDate=2024-11-13, deliveryDate=2024-11-23, components=[ComponentDTO(id=27, name=Кулер Arctic, category=Система охлаждения, manufacture=Arctic, model=Freezer 34 eSports DUO, price=70)], quantities=[-5], totalQuantity=-5, status=Завершен), OrderDTO(id=44, orderDate=2024-11-15, deliveryDate=2024-11-25, components=[ComponentDTO(id=28, name=Системный блок Thermaltake, category=Корпус, manufacture=Thermaltake, model=V200, price=100)], quantities=[-4], totalQuantity=-4, status=Завершен), OrderDTO(id=45, orderDate=2024-11-16, deliveryDate=2024-11-26, components=[ComponentDTO(id=29, name=Память G.Skill, category=Оперативная память, manufacture=G.Skill, model=Ripjaws V 32GB, price=150)], quantities=[-6], totalQuantity=-6, status=Завершен), OrderDTO(id=46, orderDate=2024-11-17, deliveryDate=2024-11-27, components=[ComponentDTO(id=30, name=Клавиатура SteelSeries, category=Клавиатура, manufacture=SteelSeries, model=Apex 7, price=130)], quantities=[-7], totalQuantity=-7, status=Завершен), OrderDTO(id=47, orderDate=2024-11-18, deliveryDate=2024-11-28, components=[ComponentDTO(id=31, name=Мышь Corsair, category=Компьютерная мышь, manufacture=Corsair, model=M65 RGB Elite, price=80)], quantities=[-9], totalQuantity=-9, status=Завершен), OrderDTO(id=48, orderDate=2024-11-19, deliveryDate=2024-11-29, components=[ComponentDTO(id=32, name=Внешний SSD Samsung, category=Накопитель, manufacture=Samsung, model=T7 1TB, price=150)], quantities=[-4], totalQuantity=-4, status=Завершен)]
2024-12-08T12:14:20.619+03:00  INFO 1032 --- [WMS] [http-nio-8080-exec-3] c.w.W.o.s.DemandAnalysisOrderService     : [OrderDTO(id=2, orderDate=2024-11-02, deliveryDate=2024-11-12, components=[ComponentDTO(id=6, name=Оперативная память Corsair, category=Оперативная память, manufacture=Corsair, model=Vengeance LPX 16GB, price=116), ComponentDTO(id=12, name=Корпус NZXT, category=Корпус, manufacture=NZXT, model=H510 Elite, price=260)], quantities=[-12, 10], totalQuantity=-2, status=Завершен), OrderDTO(id=1, orderDate=2024-11-01, deliveryDate=2024-11-10, components=[ComponentDTO(id=11, name=Внешний жёсткий диск Seagate, category=Накопитель, manufacture=Seagate, model=Backup Plus 4TB, price=230), ComponentDTO(id=18, name=SSD Kingston, category=Накопитель, manufacture=Kingston, model=A2000 1TB, price=100)], quantities=[15, -8], totalQuantity=7, status=Завершен), OrderDTO(id=3, orderDate=2024-11-03, deliveryDate=2024-11-13, components=[ComponentDTO(id=13, name=Вентилятор Noctua, category=Система охлаждения, manufacture=Noctua, model=NF-A12x25 PWM, price=45), ComponentDTO(id=19, name=Видеокарта ASUS, category=Видеокарта, manufacture=ASUS, model=ROG Strix RTX 3060, price=550)], quantities=[20, -5], totalQuantity=15, status=Завершен), OrderDTO(id=4, orderDate=2024-11-04, deliveryDate=2024-11-14, components=[ComponentDTO(id=14, name=Материнская плата ASUS, category=Материнская плата, manufacture=ASUS, model=ROG Strix Z490-E, price=560), ComponentDTO(id=20, name=Блок питания Seasonic, category=Блок питания, manufacture=Seasonic, model=Focus GX-750, price=120)], quantities=[10, -4], totalQuantity=6, status=Завершен), OrderDTO(id=5, orderDate=2024-11-05, deliveryDate=2024-11-15, components=[ComponentDTO(id=15, name=Игровой монитор Xiaomi Redmi, category=Монитор, manufacture=Xiaomi Redmi, model=G24 A24FAA-RG, price=335), ComponentDTO(id=21, name=Кулер Noctua, category=Система охлаждения, manufacture=Noctua, model=NH-D15, price=90)], quantities=[8, -6], totalQuantity=2, status=Завершен), OrderDTO(id=38, orderDate=2024-11-06, deliveryDate=2024-11-16, components=[ComponentDTO(id=22, name=Материнская плата MSI, category=Материнская плата, manufacture=MSI, model=B550-A PRO, price=150)], quantities=[-3], totalQuantity=-3, status=Завершен), OrderDTO(id=39, orderDate=2024-11-07, deliveryDate=2024-11-17, components=[ComponentDTO(id=23, name=Монитор LG, category=Монитор, manufacture=LG, model=UltraGear 27GN950, price=900)], quantities=[-1], totalQuantity=-1, status=Завершен), OrderDTO(id=40, orderDate=2024-11-08, deliveryDate=2024-11-18, components=[ComponentDTO(id=24, name=Клавиатура Razer, category=Клавиатура, manufacture=Razer, model=BlackWidow V3, price=130)], quantities=[-9], totalQuantity=-9, status=Завершен), OrderDTO(id=41, orderDate=2024-11-09, deliveryDate=2024-11-19, components=[ComponentDTO(id=25, name=Мышь Logitech, category=Компьютерная мышь, manufacture=Logitech, model=G502 HERO, price=50)], quantities=[-20], totalQuantity=-20, status=Завершен), OrderDTO(id=42, orderDate=2024-11-10, deliveryDate=2024-11-20, components=[ComponentDTO(id=26, name=Внешний жесткий диск WD, category=Накопитель, manufacture=Western Digital, model=My Passport 4TB, price=120)], quantities=[-3], totalQuantity=-3, status=Завершен), OrderDTO(id=43, orderDate=2024-11-13, deliveryDate=2024-11-23, components=[ComponentDTO(id=27, name=Кулер Arctic, category=Система охлаждения, manufacture=Arctic, model=Freezer 34 eSports DUO, price=70)], quantities=[-5], totalQuantity=-5, status=Завершен), OrderDTO(id=44, orderDate=2024-11-15, deliveryDate=2024-11-25, components=[ComponentDTO(id=28, name=Системный блок Thermaltake, category=Корпус, manufacture=Thermaltake, model=V200, price=100)], quantities=[-4], totalQuantity=-4, status=Завершен), OrderDTO(id=45, orderDate=2024-11-16, deliveryDate=2024-11-26, components=[ComponentDTO(id=29, name=Память G.Skill, category=Оперативная память, manufacture=G.Skill, model=Ripjaws V 32GB, price=150)], quantities=[-6], totalQuantity=-6, status=Завершен), OrderDTO(id=46, orderDate=2024-11-17, deliveryDate=2024-11-27, components=[ComponentDTO(id=30, name=Клавиатура SteelSeries, category=Клавиатура, manufacture=SteelSeries, model=Apex 7, price=130)], quantities=[-7], totalQuantity=-7, status=Завершен), OrderDTO(id=47, orderDate=2024-11-18, deliveryDate=2024-11-28, components=[ComponentDTO(id=31, name=Мышь Corsair, category=Компьютерная мышь, manufacture=Corsair, model=M65 RGB Elite, price=80)], quantities=[-9], totalQuantity=-9, status=Завершен), OrderDTO(id=48, orderDate=2024-11-19, deliveryDate=2024-11-29, components=[ComponentDTO(id=32, name=Внешний SSD Samsung, category=Накопитель, manufacture=Samsung, model=T7 1TB, price=150)], quantities=[-4], totalQuantity=-4, status=Завершен)]
2024-12-08T12:14:20.661+03:00  INFO 1032 --- [WMS] [http-nio-8080-exec-4] c.w.W.o.s.DemandAnalysisOrderService     : [OrderDTO(id=2, orderDate=2024-11-02, deliveryDate=2024-11-12, components=[ComponentDTO(id=6, name=Оперативная память Corsair, category=Оперативная память, manufacture=Corsair, model=Vengeance LPX 16GB, price=116), ComponentDTO(id=12, name=Корпус NZXT, category=Корпус, manufacture=NZXT, model=H510 Elite, price=260)], quantities=[-12, 10], totalQuantity=-2, status=Завершен), OrderDTO(id=1, orderDate=2024-11-01, deliveryDate=2024-11-10, components=[ComponentDTO(id=11, name=Внешний жёсткий диск Seagate, category=Накопитель, manufacture=Seagate, model=Backup Plus 4TB, price=230), ComponentDTO(id=18, name=SSD Kingston, category=Накопитель, manufacture=Kingston, model=A2000 1TB, price=100)], quantities=[15, -8], totalQuantity=7, status=Завершен), OrderDTO(id=3, orderDate=2024-11-03, deliveryDate=2024-11-13, components=[ComponentDTO(id=13, name=Вентилятор Noctua, category=Система охлаждения, manufacture=Noctua, model=NF-A12x25 PWM, price=45), ComponentDTO(id=19, name=Видеокарта ASUS, category=Видеокарта, manufacture=ASUS, model=ROG Strix RTX 3060, price=550)], quantities=[20, -5], totalQuantity=15, status=Завершен), OrderDTO(id=4, orderDate=2024-11-04, deliveryDate=2024-11-14, components=[ComponentDTO(id=14, name=Материнская плата ASUS, category=Материнская плата, manufacture=ASUS, model=ROG Strix Z490-E, price=560), ComponentDTO(id=20, name=Блок питания Seasonic, category=Блок питания, manufacture=Seasonic, model=Focus GX-750, price=120)], quantities=[10, -4], totalQuantity=6, status=Завершен), OrderDTO(id=5, orderDate=2024-11-05, deliveryDate=2024-11-15, components=[ComponentDTO(id=15, name=Игровой монитор Xiaomi Redmi, category=Монитор, manufacture=Xiaomi Redmi, model=G24 A24FAA-RG, price=335), ComponentDTO(id=21, name=Кулер Noctua, category=Система охлаждения, manufacture=Noctua, model=NH-D15, price=90)], quantities=[8, -6], totalQuantity=2, status=Завершен), OrderDTO(id=38, orderDate=2024-11-06, deliveryDate=2024-11-16, components=[ComponentDTO(id=22, name=Материнская плата MSI, category=Материнская плата, manufacture=MSI, model=B550-A PRO, price=150)], quantities=[-3], totalQuantity=-3, status=Завершен), OrderDTO(id=39, orderDate=2024-11-07, deliveryDate=2024-11-17, components=[ComponentDTO(id=23, name=Монитор LG, category=Монитор, manufacture=LG, model=UltraGear 27GN950, price=900)], quantities=[-1], totalQuantity=-1, status=Завершен), OrderDTO(id=40, orderDate=2024-11-08, deliveryDate=2024-11-18, components=[ComponentDTO(id=24, name=Клавиатура Razer, category=Клавиатура, manufacture=Razer, model=BlackWidow V3, price=130)], quantities=[-9], totalQuantity=-9, status=Завершен), OrderDTO(id=41, orderDate=2024-11-09, deliveryDate=2024-11-19, components=[ComponentDTO(id=25, name=Мышь Logitech, category=Компьютерная мышь, manufacture=Logitech, model=G502 HERO, price=50)], quantities=[-20], totalQuantity=-20, status=Завершен), OrderDTO(id=42, orderDate=2024-11-10, deliveryDate=2024-11-20, components=[ComponentDTO(id=26, name=Внешний жесткий диск WD, category=Накопитель, manufacture=Western Digital, model=My Passport 4TB, price=120)], quantities=[-3], totalQuantity=-3, status=Завершен), OrderDTO(id=43, orderDate=2024-11-13, deliveryDate=2024-11-23, components=[ComponentDTO(id=27, name=Кулер Arctic, category=Система охлаждения, manufacture=Arctic, model=Freezer 34 eSports DUO, price=70)], quantities=[-5], totalQuantity=-5, status=Завершен), OrderDTO(id=44, orderDate=2024-11-15, deliveryDate=2024-11-25, components=[ComponentDTO(id=28, name=Системный блок Thermaltake, category=Корпус, manufacture=Thermaltake, model=V200, price=100)], quantities=[-4], totalQuantity=-4, status=Завершен), OrderDTO(id=45, orderDate=2024-11-16, deliveryDate=2024-11-26, components=[ComponentDTO(id=29, name=Память G.Skill, category=Оперативная память, manufacture=G.Skill, model=Ripjaws V 32GB, price=150)], quantities=[-6], totalQuantity=-6, status=Завершен), OrderDTO(id=46, orderDate=2024-11-17, deliveryDate=2024-11-27, components=[ComponentDTO(id=30, name=Клавиатура SteelSeries, category=Клавиатура, manufacture=SteelSeries, model=Apex 7, price=130)], quantities=[-7], totalQuantity=-7, status=Завершен), OrderDTO(id=47, orderDate=2024-11-18, deliveryDate=2024-11-28, components=[ComponentDTO(id=31, name=Мышь Corsair, category=Компьютерная мышь, manufacture=Corsair, model=M65 RGB Elite, price=80)], quantities=[-9], totalQuantity=-9, status=Завершен), OrderDTO(id=48, orderDate=2024-11-19, deliveryDate=2024-11-29, components=[ComponentDTO(id=32, name=Внешний SSD Samsung, category=Накопитель, manufacture=Samsung, model=T7 1TB, price=150)], quantities=[-4], totalQuantity=-4, status=Завершен)]
2024-12-08T12:14:42.088+03:00  INFO 1032 --- [WMS] [SpringApplicationShutdownHook] j.LocalContainerEntityManagerFactoryBean : Closing JPA EntityManagerFactory for persistence unit 'default'
2024-12-08T12:14:42.089+03:00  INFO 1032 --- [WMS] [SpringApplicationShutdownHook] com.zaxxer.hikari.HikariDataSource       : HikariPool-1 - Shutdown initiated...
2024-12-08T12:14:42.095+03:00  INFO 1032 --- [WMS] [SpringApplicationShutdownHook] com.zaxxer.hikari.HikariDataSource       : HikariPool-1 - Shutdown completed.
2024-12-08T12:27:48.997+03:00  INFO 4404 --- [WMS] [main] com.warehouse.WMS.WmsApplication         : Starting WmsApplication using Java 22.0.2 with PID 4404 (C:\Users\Vadim\Desktop\WMS\target\classes started by Vadim in C:\Users\Vadim\Desktop\WMS)
2024-12-08T12:27:48.999+03:00  INFO 4404 --- [WMS] [main] com.warehouse.WMS.WmsApplication         : No active profile set, falling back to 1 default profile: "default"
2024-12-08T12:27:49.635+03:00  INFO 4404 --- [WMS] [main] .s.d.r.c.RepositoryConfigurationDelegate : Bootstrapping Spring Data JPA repositories in DEFAULT mode.
2024-12-08T12:27:49.689+03:00  INFO 4404 --- [WMS] [main] .s.d.r.c.RepositoryConfigurationDelegate : Finished Spring Data repository scanning in 48 ms. Found 5 JPA repository interfaces.
2024-12-08T12:27:50.110+03:00  INFO 4404 --- [WMS] [main] o.s.b.w.embedded.tomcat.TomcatWebServer  : Tomcat initialized with port 8080 (http)
2024-12-08T12:27:50.123+03:00  INFO 4404 --- [WMS] [main] o.apache.catalina.core.StandardService   : Starting service [Tomcat]
2024-12-08T12:27:50.123+03:00  INFO 4404 --- [WMS] [main] o.apache.catalina.core.StandardEngine    : Starting Servlet engine: [Apache Tomcat/10.1.31]
2024-12-08T12:27:50.177+03:00  INFO 4404 --- [WMS] [main] o.a.c.c.C.[Tomcat].[localhost].[/]       : Initializing Spring embedded WebApplicationContext
2024-12-08T12:27:50.177+03:00  INFO 4404 --- [WMS] [main] w.s.c.ServletWebServerApplicationContext : Root WebApplicationContext: initialization completed in 1136 ms
2024-12-08T12:27:50.288+03:00  INFO 4404 --- [WMS] [main] com.zaxxer.hikari.HikariDataSource       : HikariPool-1 - Starting...
2024-12-08T12:27:50.589+03:00  INFO 4404 --- [WMS] [main] com.zaxxer.hikari.pool.HikariPool        : HikariPool-1 - Added connection com.mysql.cj.jdbc.ConnectionImpl@22f8adc2
2024-12-08T12:27:50.590+03:00  INFO 4404 --- [WMS] [main] com.zaxxer.hikari.HikariDataSource       : HikariPool-1 - Start completed.
2024-12-08T12:27:50.622+03:00  INFO 4404 --- [WMS] [main] o.hibernate.jpa.internal.util.LogHelper  : HHH000204: Processing PersistenceUnitInfo [name: default]
2024-12-08T12:27:50.662+03:00  INFO 4404 --- [WMS] [main] org.hibernate.Version                    : HHH000412: Hibernate ORM core version 6.5.3.Final
2024-12-08T12:27:50.688+03:00  INFO 4404 --- [WMS] [main] o.h.c.internal.RegionFactoryInitiator    : HHH000026: Second-level cache disabled
2024-12-08T12:27:50.944+03:00  INFO 4404 --- [WMS] [main] o.s.o.j.p.SpringPersistenceUnitInfo      : No LoadTimeWeaver setup: ignoring JPA class transformer
2024-12-08T12:27:51.868+03:00  INFO 4404 --- [WMS] [main] o.h.e.t.j.p.i.JtaPlatformInitiator       : HHH000489: No JTA platform available (set 'hibernate.transaction.jta.platform' to enable JTA platform integration)
2024-12-08T12:27:51.871+03:00  INFO 4404 --- [WMS] [main] j.LocalContainerEntityManagerFactoryBean : Initialized JPA EntityManagerFactory for persistence unit 'default'
2024-12-08T12:27:52.284+03:00  WARN 4404 --- [WMS] [main] JpaBaseConfiguration$JpaWebConfiguration : spring.jpa.open-in-view is enabled by default. Therefore, database queries may be performed during view rendering. Explicitly configure spring.jpa.open-in-view to disable this warning
2024-12-08T12:27:52.653+03:00  INFO 4404 --- [WMS] [main] o.s.b.w.embedded.tomcat.TomcatWebServer  : Tomcat started on port 8080 (http) with context path '/'
2024-12-08T12:27:52.663+03:00  INFO 4404 --- [WMS] [main] com.warehouse.WMS.WmsApplication         : Started WmsApplication in 4.002 seconds (process running for 4.516)
2024-12-08T12:27:55.914+03:00  INFO 4404 --- [WMS] [http-nio-8080-exec-1] o.a.c.c.C.[Tomcat].[localhost].[/]       : Initializing Spring DispatcherServlet 'dispatcherServlet'
2024-12-08T12:27:55.914+03:00  INFO 4404 --- [WMS] [http-nio-8080-exec-1] o.s.web.servlet.DispatcherServlet        : Initializing Servlet 'dispatcherServlet'
2024-12-08T12:27:55.915+03:00  INFO 4404 --- [WMS] [http-nio-8080-exec-1] o.s.web.servlet.DispatcherServlet        : Completed initialization in 0 ms
2024-12-08T12:27:56.349+03:00  INFO 4404 --- [WMS] [http-nio-8080-exec-4] o.springdoc.api.AbstractOpenApiResource  : Init duration for springdoc-openapi is: 300 ms
2024-12-08T12:28:01.140+03:00  INFO 4404 --- [WMS] [http-nio-8080-exec-5] c.w.W.o.s.DemandAnalysisOrderService     : oneMonthOrders: [OrderDTO(id=40, orderDate=2024-11-08, deliveryDate=2024-11-18, components=[ComponentDTO(id=24, name=Клавиатура Razer, category=Клавиатура, manufacture=Razer, model=BlackWidow V3, price=130)], quantities=[-9], totalQuantity=-9, status=Завершен), OrderDTO(id=41, orderDate=2024-11-09, deliveryDate=2024-11-19, components=[ComponentDTO(id=25, name=Мышь Logitech, category=Компьютерная мышь, manufacture=Logitech, model=G502 HERO, price=50)], quantities=[-20], totalQuantity=-20, status=Завершен), OrderDTO(id=42, orderDate=2024-11-10, deliveryDate=2024-11-20, components=[ComponentDTO(id=26, name=Внешний жесткий диск WD, category=Накопитель, manufacture=Western Digital, model=My Passport 4TB, price=120)], quantities=[-3], totalQuantity=-3, status=Завершен), OrderDTO(id=43, orderDate=2024-11-13, deliveryDate=2024-11-23, components=[ComponentDTO(id=27, name=Кулер Arctic, category=Система охлаждения, manufacture=Arctic, model=Freezer 34 eSports DUO, price=70)], quantities=[-5], totalQuantity=-5, status=Завершен), OrderDTO(id=44, orderDate=2024-11-15, deliveryDate=2024-11-25, components=[ComponentDTO(id=28, name=Системный блок Thermaltake, category=Корпус, manufacture=Thermaltake, model=V200, price=100)], quantities=[-4], totalQuantity=-4, status=Завершен), OrderDTO(id=45, orderDate=2024-11-16, deliveryDate=2024-11-26, components=[ComponentDTO(id=29, name=Память G.Skill, category=Оперативная память, manufacture=G.Skill, model=Ripjaws V 32GB, price=150)], quantities=[-6], totalQuantity=-6, status=Завершен), OrderDTO(id=46, orderDate=2024-11-17, deliveryDate=2024-11-27, components=[ComponentDTO(id=30, name=Клавиатура SteelSeries, category=Клавиатура, manufacture=SteelSeries, model=Apex 7, price=130)], quantities=[-7], totalQuantity=-7, status=Завершен), OrderDTO(id=47, orderDate=2024-11-18, deliveryDate=2024-11-28, components=[ComponentDTO(id=31, name=Мышь Corsair, category=Компьютерная мышь, manufacture=Corsair, model=M65 RGB Elite, price=80)], quantities=[-9], totalQuantity=-9, status=Завершен), OrderDTO(id=48, orderDate=2024-11-19, deliveryDate=2024-11-29, components=[ComponentDTO(id=32, name=Внешний SSD Samsung, category=Накопитель, manufacture=Samsung, model=T7 1TB, price=150)], quantities=[-4], totalQuantity=-4, status=Завершен)]
2024-12-08T12:28:01.143+03:00  INFO 4404 --- [WMS] [http-nio-8080-exec-5] c.w.W.o.s.DemandAnalysisOrderService     : twoMonthOrders: [OrderDTO(id=2, orderDate=2024-11-02, deliveryDate=2024-11-12, components=[ComponentDTO(id=6, name=Оперативная память Corsair, category=Оперативная память, manufacture=Corsair, model=Vengeance LPX 16GB, price=116), ComponentDTO(id=12, name=Корпус NZXT, category=Корпус, manufacture=NZXT, model=H510 Elite, price=260)], quantities=[-12, 10], totalQuantity=-2, status=Завершен), OrderDTO(id=1, orderDate=2024-11-01, deliveryDate=2024-11-10, components=[ComponentDTO(id=11, name=Внешний жёсткий диск Seagate, category=Накопитель, manufacture=Seagate, model=Backup Plus 4TB, price=230), ComponentDTO(id=18, name=SSD Kingston, category=Накопитель, manufacture=Kingston, model=A2000 1TB, price=100)], quantities=[15, -8], totalQuantity=7, status=Завершен), OrderDTO(id=3, orderDate=2024-11-03, deliveryDate=2024-11-13, components=[ComponentDTO(id=13, name=Вентилятор Noctua, category=Система охлаждения, manufacture=Noctua, model=NF-A12x25 PWM, price=45), ComponentDTO(id=19, name=Видеокарта ASUS, category=Видеокарта, manufacture=ASUS, model=ROG Strix RTX 3060, price=550)], quantities=[20, -5], totalQuantity=15, status=Завершен), OrderDTO(id=4, orderDate=2024-11-04, deliveryDate=2024-11-14, components=[ComponentDTO(id=14, name=Материнская плата ASUS, category=Материнская плата, manufacture=ASUS, model=ROG Strix Z490-E, price=560), ComponentDTO(id=20, name=Блок питания Seasonic, category=Блок питания, manufacture=Seasonic, model=Focus GX-750, price=120)], quantities=[10, -4], totalQuantity=6, status=Завершен), OrderDTO(id=5, orderDate=2024-11-05, deliveryDate=2024-11-15, components=[ComponentDTO(id=15, name=Игровой монитор Xiaomi Redmi, category=Монитор, manufacture=Xiaomi Redmi, model=G24 A24FAA-RG, price=335), ComponentDTO(id=21, name=Кулер Noctua, category=Система охлаждения, manufacture=Noctua, model=NH-D15, price=90)], quantities=[8, -6], totalQuantity=2, status=Завершен), OrderDTO(id=38, orderDate=2024-11-06, deliveryDate=2024-11-16, components=[ComponentDTO(id=22, name=Материнская плата MSI, category=Материнская плата, manufacture=MSI, model=B550-A PRO, price=150)], quantities=[-3], totalQuantity=-3, status=Завершен), OrderDTO(id=39, orderDate=2024-11-07, deliveryDate=2024-11-17, components=[ComponentDTO(id=23, name=Монитор LG, category=Монитор, manufacture=LG, model=UltraGear 27GN950, price=900)], quantities=[-1], totalQuantity=-1, status=Завершен), OrderDTO(id=40, orderDate=2024-11-08, deliveryDate=2024-11-18, components=[ComponentDTO(id=24, name=Клавиатура Razer, category=Клавиатура, manufacture=Razer, model=BlackWidow V3, price=130)], quantities=[-9], totalQuantity=-9, status=Завершен)]
2024-12-08T12:31:19.556+03:00  INFO 4404 --- [WMS] [SpringApplicationShutdownHook] j.LocalContainerEntityManagerFactoryBean : Closing JPA EntityManagerFactory for persistence unit 'default'
2024-12-08T12:31:19.558+03:00  INFO 4404 --- [WMS] [SpringApplicationShutdownHook] com.zaxxer.hikari.HikariDataSource       : HikariPool-1 - Shutdown initiated...
2024-12-08T12:31:19.567+03:00  INFO 4404 --- [WMS] [SpringApplicationShutdownHook] com.zaxxer.hikari.HikariDataSource       : HikariPool-1 - Shutdown completed.
2024-12-08T12:32:01.249+03:00  INFO 12436 --- [WMS] [main] com.warehouse.WMS.WmsApplication         : Starting WmsApplication using Java 22.0.2 with PID 12436 (C:\Users\Vadim\Desktop\WMS\target\classes started by Vadim in C:\Users\Vadim\Desktop\WMS)
2024-12-08T12:32:01.250+03:00  INFO 12436 --- [WMS] [main] com.warehouse.WMS.WmsApplication         : No active profile set, falling back to 1 default profile: "default"
2024-12-08T12:32:01.900+03:00  INFO 12436 --- [WMS] [main] .s.d.r.c.RepositoryConfigurationDelegate : Bootstrapping Spring Data JPA repositories in DEFAULT mode.
2024-12-08T12:32:01.959+03:00  INFO 12436 --- [WMS] [main] .s.d.r.c.RepositoryConfigurationDelegate : Finished Spring Data repository scanning in 52 ms. Found 5 JPA repository interfaces.
2024-12-08T12:32:02.364+03:00  INFO 12436 --- [WMS] [main] o.s.b.w.embedded.tomcat.TomcatWebServer  : Tomcat initialized with port 8080 (http)
2024-12-08T12:32:02.388+03:00  INFO 12436 --- [WMS] [main] o.apache.catalina.core.StandardService   : Starting service [Tomcat]
2024-12-08T12:32:02.388+03:00  INFO 12436 --- [WMS] [main] o.apache.catalina.core.StandardEngine    : Starting Servlet engine: [Apache Tomcat/10.1.31]
2024-12-08T12:32:02.441+03:00  INFO 12436 --- [WMS] [main] o.a.c.c.C.[Tomcat].[localhost].[/]       : Initializing Spring embedded WebApplicationContext
2024-12-08T12:32:02.442+03:00  INFO 12436 --- [WMS] [main] w.s.c.ServletWebServerApplicationContext : Root WebApplicationContext: initialization completed in 1151 ms
2024-12-08T12:32:02.551+03:00  INFO 12436 --- [WMS] [main] com.zaxxer.hikari.HikariDataSource       : HikariPool-1 - Starting...
2024-12-08T12:32:02.877+03:00  INFO 12436 --- [WMS] [main] com.zaxxer.hikari.pool.HikariPool        : HikariPool-1 - Added connection com.mysql.cj.jdbc.ConnectionImpl@427308f8
2024-12-08T12:32:02.879+03:00  INFO 12436 --- [WMS] [main] com.zaxxer.hikari.HikariDataSource       : HikariPool-1 - Start completed.
2024-12-08T12:32:02.913+03:00  INFO 12436 --- [WMS] [main] o.hibernate.jpa.internal.util.LogHelper  : HHH000204: Processing PersistenceUnitInfo [name: default]
2024-12-08T12:32:02.962+03:00  INFO 12436 --- [WMS] [main] org.hibernate.Version                    : HHH000412: Hibernate ORM core version 6.5.3.Final
2024-12-08T12:32:02.997+03:00  INFO 12436 --- [WMS] [main] o.h.c.internal.RegionFactoryInitiator    : HHH000026: Second-level cache disabled
2024-12-08T12:32:03.301+03:00  INFO 12436 --- [WMS] [main] o.s.o.j.p.SpringPersistenceUnitInfo      : No LoadTimeWeaver setup: ignoring JPA class transformer
2024-12-08T12:32:04.322+03:00  INFO 12436 --- [WMS] [main] o.h.e.t.j.p.i.JtaPlatformInitiator       : HHH000489: No JTA platform available (set 'hibernate.transaction.jta.platform' to enable JTA platform integration)
2024-12-08T12:32:04.327+03:00  INFO 12436 --- [WMS] [main] j.LocalContainerEntityManagerFactoryBean : Initialized JPA EntityManagerFactory for persistence unit 'default'
2024-12-08T12:32:04.824+03:00  WARN 12436 --- [WMS] [main] JpaBaseConfiguration$JpaWebConfiguration : spring.jpa.open-in-view is enabled by default. Therefore, database queries may be performed during view rendering. Explicitly configure spring.jpa.open-in-view to disable this warning
2024-12-08T12:32:05.246+03:00  INFO 12436 --- [WMS] [main] o.s.b.w.embedded.tomcat.TomcatWebServer  : Tomcat started on port 8080 (http) with context path '/'
2024-12-08T12:32:05.254+03:00  INFO 12436 --- [WMS] [main] com.warehouse.WMS.WmsApplication         : Started WmsApplication in 4.342 seconds (process running for 4.889)
2024-12-08T12:32:09.804+03:00  INFO 12436 --- [WMS] [http-nio-8080-exec-1] o.a.c.c.C.[Tomcat].[localhost].[/]       : Initializing Spring DispatcherServlet 'dispatcherServlet'
2024-12-08T12:32:09.804+03:00  INFO 12436 --- [WMS] [http-nio-8080-exec-1] o.s.web.servlet.DispatcherServlet        : Initializing Servlet 'dispatcherServlet'
2024-12-08T12:32:09.805+03:00  INFO 12436 --- [WMS] [http-nio-8080-exec-1] o.s.web.servlet.DispatcherServlet        : Completed initialization in 1 ms
2024-12-08T12:32:10.007+03:00  INFO 12436 --- [WMS] [http-nio-8080-exec-1] c.w.W.o.s.DemandAnalysisOrderService     : oneMonthOrders: [OrderDTO(id=41, orderDate=2024-11-09, deliveryDate=2024-11-19, components=[ComponentDTO(id=25, name=Мышь Logitech, category=Компьютерная мышь, manufacture=Logitech, model=G502 HERO, price=50)], quantities=[-20], totalQuantity=-20, status=Завершен), OrderDTO(id=42, orderDate=2024-11-10, deliveryDate=2024-11-20, components=[ComponentDTO(id=26, name=Внешний жесткий диск WD, category=Накопитель, manufacture=Western Digital, model=My Passport 4TB, price=120)], quantities=[-3], totalQuantity=-3, status=Завершен), OrderDTO(id=43, orderDate=2024-11-13, deliveryDate=2024-11-23, components=[ComponentDTO(id=27, name=Кулер Arctic, category=Система охлаждения, manufacture=Arctic, model=Freezer 34 eSports DUO, price=70)], quantities=[-5], totalQuantity=-5, status=Завершен), OrderDTO(id=44, orderDate=2024-11-15, deliveryDate=2024-11-25, components=[ComponentDTO(id=28, name=Системный блок Thermaltake, category=Корпус, manufacture=Thermaltake, model=V200, price=100)], quantities=[-4], totalQuantity=-4, status=Завершен), OrderDTO(id=45, orderDate=2024-11-16, deliveryDate=2024-11-26, components=[ComponentDTO(id=29, name=Память G.Skill, category=Оперативная память, manufacture=G.Skill, model=Ripjaws V 32GB, price=150)], quantities=[-6], totalQuantity=-6, status=Завершен), OrderDTO(id=46, orderDate=2024-11-17, deliveryDate=2024-11-27, components=[ComponentDTO(id=30, name=Клавиатура SteelSeries, category=Клавиатура, manufacture=SteelSeries, model=Apex 7, price=130)], quantities=[-7], totalQuantity=-7, status=Завершен), OrderDTO(id=47, orderDate=2024-11-18, deliveryDate=2024-11-28, components=[ComponentDTO(id=31, name=Мышь Corsair, category=Компьютерная мышь, manufacture=Corsair, model=M65 RGB Elite, price=80)], quantities=[-9], totalQuantity=-9, status=Завершен), OrderDTO(id=48, orderDate=2024-11-19, deliveryDate=2024-11-29, components=[ComponentDTO(id=32, name=Внешний SSD Samsung, category=Накопитель, manufacture=Samsung, model=T7 1TB, price=150)], quantities=[-4], totalQuantity=-4, status=Завершен)]
2024-12-08T12:32:10.010+03:00  INFO 12436 --- [WMS] [http-nio-8080-exec-1] c.w.W.o.s.DemandAnalysisOrderService     : twoMonthOrders: [OrderDTO(id=2, orderDate=2024-11-02, deliveryDate=2024-11-12, components=[ComponentDTO(id=6, name=Оперативная память Corsair, category=Оперативная память, manufacture=Corsair, model=Vengeance LPX 16GB, price=116), ComponentDTO(id=12, name=Корпус NZXT, category=Корпус, manufacture=NZXT, model=H510 Elite, price=260)], quantities=[-12, 10], totalQuantity=-2, status=Завершен), OrderDTO(id=1, orderDate=2024-11-01, deliveryDate=2024-11-10, components=[ComponentDTO(id=11, name=Внешний жёсткий диск Seagate, category=Накопитель, manufacture=Seagate, model=Backup Plus 4TB, price=230), ComponentDTO(id=18, name=SSD Kingston, category=Накопитель, manufacture=Kingston, model=A2000 1TB, price=100)], quantities=[15, -8], totalQuantity=7, status=Завершен), OrderDTO(id=3, orderDate=2024-11-03, deliveryDate=2024-11-13, components=[ComponentDTO(id=13, name=Вентилятор Noctua, category=Система охлаждения, manufacture=Noctua, model=NF-A12x25 PWM, price=45), ComponentDTO(id=19, name=Видеокарта ASUS, category=Видеокарта, manufacture=ASUS, model=ROG Strix RTX 3060, price=550)], quantities=[20, -5], totalQuantity=15, status=Завершен), OrderDTO(id=4, orderDate=2024-11-04, deliveryDate=2024-11-14, components=[ComponentDTO(id=14, name=Материнская плата ASUS, category=Материнская плата, manufacture=ASUS, model=ROG Strix Z490-E, price=560), ComponentDTO(id=20, name=Блок питания Seasonic, category=Блок питания, manufacture=Seasonic, model=Focus GX-750, price=120)], quantities=[10, -4], totalQuantity=6, status=Завершен), OrderDTO(id=5, orderDate=2024-11-05, deliveryDate=2024-11-15, components=[ComponentDTO(id=15, name=Игровой монитор Xiaomi Redmi, category=Монитор, manufacture=Xiaomi Redmi, model=G24 A24FAA-RG, price=335), ComponentDTO(id=21, name=Кулер Noctua, category=Система охлаждения, manufacture=Noctua, model=NH-D15, price=90)], quantities=[8, -6], totalQuantity=2, status=Завершен), OrderDTO(id=38, orderDate=2024-11-06, deliveryDate=2024-11-16, components=[ComponentDTO(id=22, name=Материнская плата MSI, category=Материнская плата, manufacture=MSI, model=B550-A PRO, price=150)], quantities=[-3], totalQuantity=-3, status=Завершен), OrderDTO(id=39, orderDate=2024-11-07, deliveryDate=2024-11-17, components=[ComponentDTO(id=23, name=Монитор LG, category=Монитор, manufacture=LG, model=UltraGear 27GN950, price=900)], quantities=[-1], totalQuantity=-1, status=Завершен), OrderDTO(id=40, orderDate=2024-11-08, deliveryDate=2024-11-18, components=[ComponentDTO(id=24, name=Клавиатура Razer, category=Клавиатура, manufacture=Razer, model=BlackWidow V3, price=130)], quantities=[-9], totalQuantity=-9, status=Завершен)]
2024-12-08T12:32:10.109+03:00  INFO 12436 --- [WMS] [http-nio-8080-exec-2] c.w.W.o.s.DemandAnalysisOrderService     : oneMonthOrders: [OrderDTO(id=41, orderDate=2024-11-09, deliveryDate=2024-11-19, components=[ComponentDTO(id=25, name=Мышь Logitech, category=Компьютерная мышь, manufacture=Logitech, model=G502 HERO, price=50)], quantities=[-20], totalQuantity=-20, status=Завершен), OrderDTO(id=42, orderDate=2024-11-10, deliveryDate=2024-11-20, components=[ComponentDTO(id=26, name=Внешний жесткий диск WD, category=Накопитель, manufacture=Western Digital, model=My Passport 4TB, price=120)], quantities=[-3], totalQuantity=-3, status=Завершен), OrderDTO(id=43, orderDate=2024-11-13, deliveryDate=2024-11-23, components=[ComponentDTO(id=27, name=Кулер Arctic, category=Система охлаждения, manufacture=Arctic, model=Freezer 34 eSports DUO, price=70)], quantities=[-5], totalQuantity=-5, status=Завершен), OrderDTO(id=44, orderDate=2024-11-15, deliveryDate=2024-11-25, components=[ComponentDTO(id=28, name=Системный блок Thermaltake, category=Корпус, manufacture=Thermaltake, model=V200, price=100)], quantities=[-4], totalQuantity=-4, status=Завершен), OrderDTO(id=45, orderDate=2024-11-16, deliveryDate=2024-11-26, components=[ComponentDTO(id=29, name=Память G.Skill, category=Оперативная память, manufacture=G.Skill, model=Ripjaws V 32GB, price=150)], quantities=[-6], totalQuantity=-6, status=Завершен), OrderDTO(id=46, orderDate=2024-11-17, deliveryDate=2024-11-27, components=[ComponentDTO(id=30, name=Клавиатура SteelSeries, category=Клавиатура, manufacture=SteelSeries, model=Apex 7, price=130)], quantities=[-7], totalQuantity=-7, status=Завершен), OrderDTO(id=47, orderDate=2024-11-18, deliveryDate=2024-11-28, components=[ComponentDTO(id=31, name=Мышь Corsair, category=Компьютерная мышь, manufacture=Corsair, model=M65 RGB Elite, price=80)], quantities=[-9], totalQuantity=-9, status=Завершен), OrderDTO(id=48, orderDate=2024-11-19, deliveryDate=2024-11-29, components=[ComponentDTO(id=32, name=Внешний SSD Samsung, category=Накопитель, manufacture=Samsung, model=T7 1TB, price=150)], quantities=[-4], totalQuantity=-4, status=Завершен)]
2024-12-08T12:32:10.109+03:00  INFO 12436 --- [WMS] [http-nio-8080-exec-2] c.w.W.o.s.DemandAnalysisOrderService     : twoMonthOrders: [OrderDTO(id=2, orderDate=2024-11-02, deliveryDate=2024-11-12, components=[ComponentDTO(id=6, name=Оперативная память Corsair, category=Оперативная память, manufacture=Corsair, model=Vengeance LPX 16GB, price=116), ComponentDTO(id=12, name=Корпус NZXT, category=Корпус, manufacture=NZXT, model=H510 Elite, price=260)], quantities=[-12, 10], totalQuantity=-2, status=Завершен), OrderDTO(id=1, orderDate=2024-11-01, deliveryDate=2024-11-10, components=[ComponentDTO(id=11, name=Внешний жёсткий диск Seagate, category=Накопитель, manufacture=Seagate, model=Backup Plus 4TB, price=230), ComponentDTO(id=18, name=SSD Kingston, category=Накопитель, manufacture=Kingston, model=A2000 1TB, price=100)], quantities=[15, -8], totalQuantity=7, status=Завершен), OrderDTO(id=3, orderDate=2024-11-03, deliveryDate=2024-11-13, components=[ComponentDTO(id=13, name=Вентилятор Noctua, category=Система охлаждения, manufacture=Noctua, model=NF-A12x25 PWM, price=45), ComponentDTO(id=19, name=Видеокарта ASUS, category=Видеокарта, manufacture=ASUS, model=ROG Strix RTX 3060, price=550)], quantities=[20, -5], totalQuantity=15, status=Завершен), OrderDTO(id=4, orderDate=2024-11-04, deliveryDate=2024-11-14, components=[ComponentDTO(id=14, name=Материнская плата ASUS, category=Материнская плата, manufacture=ASUS, model=ROG Strix Z490-E, price=560), ComponentDTO(id=20, name=Блок питания Seasonic, category=Блок питания, manufacture=Seasonic, model=Focus GX-750, price=120)], quantities=[10, -4], totalQuantity=6, status=Завершен), OrderDTO(id=5, orderDate=2024-11-05, deliveryDate=2024-11-15, components=[ComponentDTO(id=15, name=Игровой монитор Xiaomi Redmi, category=Монитор, manufacture=Xiaomi Redmi, model=G24 A24FAA-RG, price=335), ComponentDTO(id=21, name=Кулер Noctua, category=Система охлаждения, manufacture=Noctua, model=NH-D15, price=90)], quantities=[8, -6], totalQuantity=2, status=Завершен), OrderDTO(id=38, orderDate=2024-11-06, deliveryDate=2024-11-16, components=[ComponentDTO(id=22, name=Материнская плата MSI, category=Материнская плата, manufacture=MSI, model=B550-A PRO, price=150)], quantities=[-3], totalQuantity=-3, status=Завершен), OrderDTO(id=39, orderDate=2024-11-07, deliveryDate=2024-11-17, components=[ComponentDTO(id=23, name=Монитор LG, category=Монитор, manufacture=LG, model=UltraGear 27GN950, price=900)], quantities=[-1], totalQuantity=-1, status=Завершен), OrderDTO(id=40, orderDate=2024-11-08, deliveryDate=2024-11-18, components=[ComponentDTO(id=24, name=Клавиатура Razer, category=Клавиатура, manufacture=Razer, model=BlackWidow V3, price=130)], quantities=[-9], totalQuantity=-9, status=Завершен)]
2024-12-08T12:32:19.080+03:00  INFO 12436 --- [WMS] [SpringApplicationShutdownHook] j.LocalContainerEntityManagerFactoryBean : Closing JPA EntityManagerFactory for persistence unit 'default'
2024-12-08T12:32:19.082+03:00  INFO 12436 --- [WMS] [SpringApplicationShutdownHook] com.zaxxer.hikari.HikariDataSource       : HikariPool-1 - Shutdown initiated...
2024-12-08T12:32:19.090+03:00  INFO 12436 --- [WMS] [SpringApplicationShutdownHook] com.zaxxer.hikari.HikariDataSource       : HikariPool-1 - Shutdown completed.
2024-12-08T12:40:41.156+03:00  INFO 10996 --- [WMS] [main] com.warehouse.WMS.WmsApplication         : Starting WmsApplication using Java 22.0.2 with PID 10996 (C:\Users\Vadim\Desktop\WMS\target\classes started by Vadim in C:\Users\Vadim\Desktop\WMS)
2024-12-08T12:40:41.159+03:00  INFO 10996 --- [WMS] [main] com.warehouse.WMS.WmsApplication         : No active profile set, falling back to 1 default profile: "default"
2024-12-08T12:40:42.063+03:00  INFO 10996 --- [WMS] [main] .s.d.r.c.RepositoryConfigurationDelegate : Bootstrapping Spring Data JPA repositories in DEFAULT mode.
2024-12-08T12:40:42.130+03:00  INFO 10996 --- [WMS] [main] .s.d.r.c.RepositoryConfigurationDelegate : Finished Spring Data repository scanning in 60 ms. Found 5 JPA repository interfaces.
2024-12-08T12:40:42.551+03:00  INFO 10996 --- [WMS] [main] o.s.b.w.embedded.tomcat.TomcatWebServer  : Tomcat initialized with port 8080 (http)
2024-12-08T12:40:42.563+03:00  INFO 10996 --- [WMS] [main] o.apache.catalina.core.StandardService   : Starting service [Tomcat]
2024-12-08T12:40:42.563+03:00  INFO 10996 --- [WMS] [main] o.apache.catalina.core.StandardEngine    : Starting Servlet engine: [Apache Tomcat/10.1.31]
2024-12-08T12:40:42.607+03:00  INFO 10996 --- [WMS] [main] o.a.c.c.C.[Tomcat].[localhost].[/]       : Initializing Spring embedded WebApplicationContext
2024-12-08T12:40:42.608+03:00  INFO 10996 --- [WMS] [main] w.s.c.ServletWebServerApplicationContext : Root WebApplicationContext: initialization completed in 1393 ms
2024-12-08T12:40:42.702+03:00  INFO 10996 --- [WMS] [main] com.zaxxer.hikari.HikariDataSource       : HikariPool-1 - Starting...
2024-12-08T12:40:43.039+03:00  INFO 10996 --- [WMS] [main] com.zaxxer.hikari.pool.HikariPool        : HikariPool-1 - Added connection com.mysql.cj.jdbc.ConnectionImpl@6aff97d6
2024-12-08T12:40:43.041+03:00  INFO 10996 --- [WMS] [main] com.zaxxer.hikari.HikariDataSource       : HikariPool-1 - Start completed.
2024-12-08T12:40:43.076+03:00  INFO 10996 --- [WMS] [main] o.hibernate.jpa.internal.util.LogHelper  : HHH000204: Processing PersistenceUnitInfo [name: default]
2024-12-08T12:40:43.120+03:00  INFO 10996 --- [WMS] [main] org.hibernate.Version                    : HHH000412: Hibernate ORM core version 6.5.3.Final
2024-12-08T12:40:43.147+03:00  INFO 10996 --- [WMS] [main] o.h.c.internal.RegionFactoryInitiator    : HHH000026: Second-level cache disabled
2024-12-08T12:40:43.430+03:00  INFO 10996 --- [WMS] [main] o.s.o.j.p.SpringPersistenceUnitInfo      : No LoadTimeWeaver setup: ignoring JPA class transformer
2024-12-08T12:40:44.400+03:00  INFO 10996 --- [WMS] [main] o.h.e.t.j.p.i.JtaPlatformInitiator       : HHH000489: No JTA platform available (set 'hibernate.transaction.jta.platform' to enable JTA platform integration)
2024-12-08T12:40:44.402+03:00  INFO 10996 --- [WMS] [main] j.LocalContainerEntityManagerFactoryBean : Initialized JPA EntityManagerFactory for persistence unit 'default'
2024-12-08T12:40:44.749+03:00  WARN 10996 --- [WMS] [main] JpaBaseConfiguration$JpaWebConfiguration : spring.jpa.open-in-view is enabled by default. Therefore, database queries may be performed during view rendering. Explicitly configure spring.jpa.open-in-view to disable this warning
2024-12-08T12:40:45.065+03:00  INFO 10996 --- [WMS] [main] o.s.b.w.embedded.tomcat.TomcatWebServer  : Tomcat started on port 8080 (http) with context path '/'
2024-12-08T12:40:45.072+03:00  INFO 10996 --- [WMS] [main] com.warehouse.WMS.WmsApplication         : Started WmsApplication in 4.357 seconds (process running for 4.924)
2024-12-08T12:40:54.443+03:00  INFO 10996 --- [WMS] [http-nio-8080-exec-1] o.a.c.c.C.[Tomcat].[localhost].[/]       : Initializing Spring DispatcherServlet 'dispatcherServlet'
2024-12-08T12:40:54.443+03:00  INFO 10996 --- [WMS] [http-nio-8080-exec-1] o.s.web.servlet.DispatcherServlet        : Initializing Servlet 'dispatcherServlet'
2024-12-08T12:40:54.444+03:00  INFO 10996 --- [WMS] [http-nio-8080-exec-1] o.s.web.servlet.DispatcherServlet        : Completed initialization in 1 ms
2024-12-08T12:40:54.877+03:00  INFO 10996 --- [WMS] [http-nio-8080-exec-4] o.springdoc.api.AbstractOpenApiResource  : Init duration for springdoc-openapi is: 294 ms
2024-12-08T12:41:04.416+03:00  INFO 10996 --- [WMS] [http-nio-8080-exec-5] c.w.W.order.services.CreateOrderService  : Получение компонентов orderDTO : OrderDTO(id=41, orderDate=2024-10-09, deliveryDate=2024-10-19, components=[ComponentDTO(id=25, name=Мышь Logitech, category=Компьютерная мышь, manufacture=Logitech, model=G502 HERO, price=50)], quantities=[20], totalQuantity=20, status=Завершен)
 getComponents(): [ComponentDTO(id=25, name=Мышь Logitech, category=Компьютерная мышь, manufacture=Logitech, model=G502 HERO, price=50)]
2024-12-08T12:41:04.419+03:00  INFO 10996 --- [WMS] [http-nio-8080-exec-5] c.w.W.order.services.CreateOrderService  : Получение всех комплектующих заказа, которые уже есть в базе данных
2024-12-08T12:41:04.520+03:00  INFO 10996 --- [WMS] [http-nio-8080-exec-5] c.w.W.order.services.CreateOrderService  : Устанавливание связей между таблицами заказа и комплектующего
2024-12-08T12:41:04.602+03:00  INFO 10996 --- [WMS] [http-nio-8080-exec-5] c.w.W.order.services.CreateOrderService  : Сохрание заказа в базу данных
2024-12-08T12:42:18.914+03:00  INFO 10996 --- [WMS] [http-nio-8080-exec-8] c.w.W.order.services.CreateOrderService  : Получение компонентов orderDTO : OrderDTO(id=41, orderDate=2024-10-09, deliveryDate=2024-10-19, components=[ComponentDTO(id=25, name=Мышь Logitech, category=Компьютерная мышь, manufacture=Logitech, model=G502 HERO, price=50)], quantities=[20], totalQuantity=20, status=Готовится к отправке)
 getComponents(): [ComponentDTO(id=25, name=Мышь Logitech, category=Компьютерная мышь, manufacture=Logitech, model=G502 HERO, price=50)]
2024-12-08T12:42:18.915+03:00  INFO 10996 --- [WMS] [http-nio-8080-exec-8] c.w.W.order.services.CreateOrderService  : Получение всех комплектующих заказа, которые уже есть в базе данных
2024-12-08T12:42:18.917+03:00  INFO 10996 --- [WMS] [http-nio-8080-exec-8] c.w.W.order.services.CreateOrderService  : Устанавливание связей между таблицами заказа и комплектующего
2024-12-08T12:42:18.925+03:00  INFO 10996 --- [WMS] [http-nio-8080-exec-8] c.w.W.order.services.CreateOrderService  : Сохрание заказа в базу данных
2024-12-08T12:42:26.990+03:00  INFO 10996 --- [WMS] [http-nio-8080-exec-9] c.w.W.order.services.CreateOrderService  : Получение компонентов orderDTO : OrderDTO(id=42, orderDate=2024-10-10, deliveryDate=2024-10-20, components=[ComponentDTO(id=26, name=Внешний жёсткий диск WD, category=Накопитель, manufacture=Western Digital, model=My Passport 4TB, price=120)], quantities=[3], totalQuantity=3, status=Готовится к отправке)
 getComponents(): [ComponentDTO(id=26, name=Внешний жёсткий диск WD, category=Накопитель, manufacture=Western Digital, model=My Passport 4TB, price=120)]
2024-12-08T12:42:26.990+03:00  INFO 10996 --- [WMS] [http-nio-8080-exec-9] c.w.W.order.services.CreateOrderService  : Получение всех комплектующих заказа, которые уже есть в базе данных
2024-12-08T12:42:26.993+03:00  INFO 10996 --- [WMS] [http-nio-8080-exec-9] c.w.W.order.services.CreateOrderService  : Устанавливание связей между таблицами заказа и комплектующего
2024-12-08T12:42:27.011+03:00  INFO 10996 --- [WMS] [http-nio-8080-exec-9] c.w.W.order.services.CreateOrderService  : Сохрание заказа в базу данных
2024-12-08T12:44:23.386+03:00  INFO 10996 --- [WMS] [http-nio-8080-exec-1] c.w.W.order.services.CreateOrderService  : Получение компонентов orderDTO : OrderDTO(id=41, orderDate=2024-10-09, deliveryDate=2024-10-19, components=[ComponentDTO(id=25, name=Мышь Logitech, category=Компьютерная мышь, manufacture=Logitech, model=G502 HERO, price=50)], quantities=[23], totalQuantity=23, status=Готовится к отправке)
 getComponents(): [ComponentDTO(id=25, name=Мышь Logitech, category=Компьютерная мышь, manufacture=Logitech, model=G502 HERO, price=50)]
2024-12-08T12:44:23.386+03:00  INFO 10996 --- [WMS] [http-nio-8080-exec-1] c.w.W.order.services.CreateOrderService  : Получение всех комплектующих заказа, которые уже есть в базе данных
2024-12-08T12:44:23.389+03:00  INFO 10996 --- [WMS] [http-nio-8080-exec-1] c.w.W.order.services.CreateOrderService  : Устанавливание связей между таблицами заказа и комплектующего
2024-12-08T12:44:23.406+03:00  INFO 10996 --- [WMS] [http-nio-8080-exec-1] c.w.W.order.services.CreateOrderService  : Сохрание заказа в базу данных
2024-12-08T12:44:29.106+03:00  INFO 10996 --- [WMS] [http-nio-8080-exec-3] c.w.W.order.services.CreateOrderService  : Получение компонентов orderDTO : OrderDTO(id=42, orderDate=2024-10-10, deliveryDate=2024-10-20, components=[ComponentDTO(id=26, name=Внешний жёсткий диск WD, category=Накопитель, manufacture=Western Digital, model=My Passport 4TB, price=120)], quantities=[6], totalQuantity=6, status=Готовится к отправке)
 getComponents(): [ComponentDTO(id=26, name=Внешний жёсткий диск WD, category=Накопитель, manufacture=Western Digital, model=My Passport 4TB, price=120)]
2024-12-08T12:44:29.107+03:00  INFO 10996 --- [WMS] [http-nio-8080-exec-3] c.w.W.order.services.CreateOrderService  : Получение всех комплектующих заказа, которые уже есть в базе данных
2024-12-08T12:44:29.110+03:00  INFO 10996 --- [WMS] [http-nio-8080-exec-3] c.w.W.order.services.CreateOrderService  : Устанавливание связей между таблицами заказа и комплектующего
2024-12-08T12:44:29.127+03:00  INFO 10996 --- [WMS] [http-nio-8080-exec-3] c.w.W.order.services.CreateOrderService  : Сохрание заказа в базу данных
2024-12-08T12:44:34.856+03:00  INFO 10996 --- [WMS] [http-nio-8080-exec-2] c.w.W.order.services.CreateOrderService  : Получение компонентов orderDTO : OrderDTO(id=43, orderDate=2024-10-13, deliveryDate=2024-10-23, components=[ComponentDTO(id=27, name=Кулер Arctic, category=Система охлаждения, manufacture=Arctic, model=Freezer 34 eSports DUO, price=70)], quantities=[12], totalQuantity=12, status=Готовится к отправке)
 getComponents(): [ComponentDTO(id=27, name=Кулер Arctic, category=Система охлаждения, manufacture=Arctic, model=Freezer 34 eSports DUO, price=70)]
2024-12-08T12:44:34.857+03:00  INFO 10996 --- [WMS] [http-nio-8080-exec-2] c.w.W.order.services.CreateOrderService  : Получение всех комплектующих заказа, которые уже есть в базе данных
2024-12-08T12:44:34.859+03:00  INFO 10996 --- [WMS] [http-nio-8080-exec-2] c.w.W.order.services.CreateOrderService  : Устанавливание связей между таблицами заказа и комплектующего
2024-12-08T12:44:34.878+03:00  INFO 10996 --- [WMS] [http-nio-8080-exec-2] c.w.W.order.services.CreateOrderService  : Сохрание заказа в базу данных
2024-12-08T12:44:39.778+03:00  INFO 10996 --- [WMS] [http-nio-8080-exec-4] c.w.W.order.services.CreateOrderService  : Получение компонентов orderDTO : OrderDTO(id=44, orderDate=2024-10-15, deliveryDate=2024-10-25, components=[ComponentDTO(id=28, name=Системный блок Thermaltake, category=Корпус, manufacture=Thermaltake, model=V200, price=100)], quantities=[10], totalQuantity=10, status=Готовится к отправке)
 getComponents(): [ComponentDTO(id=28, name=Системный блок Thermaltake, category=Корпус, manufacture=Thermaltake, model=V200, price=100)]
2024-12-08T12:44:39.778+03:00  INFO 10996 --- [WMS] [http-nio-8080-exec-4] c.w.W.order.services.CreateOrderService  : Получение всех комплектующих заказа, которые уже есть в базе данных
2024-12-08T12:44:39.781+03:00  INFO 10996 --- [WMS] [http-nio-8080-exec-4] c.w.W.order.services.CreateOrderService  : Устанавливание связей между таблицами заказа и комплектующего
2024-12-08T12:44:39.800+03:00  INFO 10996 --- [WMS] [http-nio-8080-exec-4] c.w.W.order.services.CreateOrderService  : Сохрание заказа в базу данных
2024-12-08T12:44:44.767+03:00  INFO 10996 --- [WMS] [http-nio-8080-exec-5] c.w.W.order.services.CreateOrderService  : Получение компонентов orderDTO : OrderDTO(id=45, orderDate=2024-10-16, deliveryDate=2024-10-26, components=[ComponentDTO(id=29, name=Память G.Skill, category=Оперативная память, manufacture=G.Skill, model=Ripjaws V 32GB, price=150)], quantities=[9], totalQuantity=9, status=Готовится к отправке)
 getComponents(): [ComponentDTO(id=29, name=Память G.Skill, category=Оперативная память, manufacture=G.Skill, model=Ripjaws V 32GB, price=150)]
2024-12-08T12:44:44.768+03:00  INFO 10996 --- [WMS] [http-nio-8080-exec-5] c.w.W.order.services.CreateOrderService  : Получение всех комплектующих заказа, которые уже есть в базе данных
2024-12-08T12:44:44.770+03:00  INFO 10996 --- [WMS] [http-nio-8080-exec-5] c.w.W.order.services.CreateOrderService  : Устанавливание связей между таблицами заказа и комплектующего
2024-12-08T12:44:44.804+03:00  INFO 10996 --- [WMS] [http-nio-8080-exec-5] c.w.W.order.services.CreateOrderService  : Сохрание заказа в базу данных
2024-12-08T12:45:27.668+03:00  INFO 10996 --- [WMS] [SpringApplicationShutdownHook] j.LocalContainerEntityManagerFactoryBean : Closing JPA EntityManagerFactory for persistence unit 'default'
2024-12-08T12:45:27.670+03:00  INFO 10996 --- [WMS] [SpringApplicationShutdownHook] com.zaxxer.hikari.HikariDataSource       : HikariPool-1 - Shutdown initiated...
2024-12-08T12:45:27.676+03:00  INFO 10996 --- [WMS] [SpringApplicationShutdownHook] com.zaxxer.hikari.HikariDataSource       : HikariPool-1 - Shutdown completed.
2024-12-08T12:45:43.688+03:00  INFO 12156 --- [WMS] [main] com.warehouse.WMS.WmsApplication         : Starting WmsApplication using Java 22.0.2 with PID 12156 (C:\Users\Vadim\Desktop\WMS\target\classes started by Vadim in C:\Users\Vadim\Desktop\WMS)
2024-12-08T12:45:43.690+03:00  INFO 12156 --- [WMS] [main] com.warehouse.WMS.WmsApplication         : No active profile set, falling back to 1 default profile: "default"
2024-12-08T12:45:44.317+03:00  INFO 12156 --- [WMS] [main] .s.d.r.c.RepositoryConfigurationDelegate : Bootstrapping Spring Data JPA repositories in DEFAULT mode.
2024-12-08T12:45:44.376+03:00  INFO 12156 --- [WMS] [main] .s.d.r.c.RepositoryConfigurationDelegate : Finished Spring Data repository scanning in 53 ms. Found 5 JPA repository interfaces.
2024-12-08T12:45:44.757+03:00  INFO 12156 --- [WMS] [main] o.s.b.w.embedded.tomcat.TomcatWebServer  : Tomcat initialized with port 8080 (http)
2024-12-08T12:45:44.767+03:00  INFO 12156 --- [WMS] [main] o.apache.catalina.core.StandardService   : Starting service [Tomcat]
2024-12-08T12:45:44.768+03:00  INFO 12156 --- [WMS] [main] o.apache.catalina.core.StandardEngine    : Starting Servlet engine: [Apache Tomcat/10.1.31]
2024-12-08T12:45:44.810+03:00  INFO 12156 --- [WMS] [main] o.a.c.c.C.[Tomcat].[localhost].[/]       : Initializing Spring embedded WebApplicationContext
2024-12-08T12:45:44.810+03:00  INFO 12156 --- [WMS] [main] w.s.c.ServletWebServerApplicationContext : Root WebApplicationContext: initialization completed in 1081 ms
2024-12-08T12:45:44.903+03:00  INFO 12156 --- [WMS] [main] com.zaxxer.hikari.HikariDataSource       : HikariPool-1 - Starting...
2024-12-08T12:45:45.162+03:00  INFO 12156 --- [WMS] [main] com.zaxxer.hikari.pool.HikariPool        : HikariPool-1 - Added connection com.mysql.cj.jdbc.ConnectionImpl@54247647
2024-12-08T12:45:45.164+03:00  INFO 12156 --- [WMS] [main] com.zaxxer.hikari.HikariDataSource       : HikariPool-1 - Start completed.
2024-12-08T12:45:45.193+03:00  INFO 12156 --- [WMS] [main] o.hibernate.jpa.internal.util.LogHelper  : HHH000204: Processing PersistenceUnitInfo [name: default]
2024-12-08T12:45:45.233+03:00  INFO 12156 --- [WMS] [main] org.hibernate.Version                    : HHH000412: Hibernate ORM core version 6.5.3.Final
2024-12-08T12:45:45.257+03:00  INFO 12156 --- [WMS] [main] o.h.c.internal.RegionFactoryInitiator    : HHH000026: Second-level cache disabled
2024-12-08T12:45:45.494+03:00  INFO 12156 --- [WMS] [main] o.s.o.j.p.SpringPersistenceUnitInfo      : No LoadTimeWeaver setup: ignoring JPA class transformer
2024-12-08T12:45:46.334+03:00  INFO 12156 --- [WMS] [main] o.h.e.t.j.p.i.JtaPlatformInitiator       : HHH000489: No JTA platform available (set 'hibernate.transaction.jta.platform' to enable JTA platform integration)
2024-12-08T12:45:46.336+03:00  INFO 12156 --- [WMS] [main] j.LocalContainerEntityManagerFactoryBean : Initialized JPA EntityManagerFactory for persistence unit 'default'
2024-12-08T12:45:46.696+03:00  WARN 12156 --- [WMS] [main] JpaBaseConfiguration$JpaWebConfiguration : spring.jpa.open-in-view is enabled by default. Therefore, database queries may be performed during view rendering. Explicitly configure spring.jpa.open-in-view to disable this warning
2024-12-08T12:45:47.008+03:00  INFO 12156 --- [WMS] [main] o.s.b.w.embedded.tomcat.TomcatWebServer  : Tomcat started on port 8080 (http) with context path '/'
2024-12-08T12:45:47.015+03:00  INFO 12156 --- [WMS] [main] com.warehouse.WMS.WmsApplication         : Started WmsApplication in 3.669 seconds (process running for 4.223)
2024-12-08T12:45:49.700+03:00  INFO 12156 --- [WMS] [http-nio-8080-exec-1] o.a.c.c.C.[Tomcat].[localhost].[/]       : Initializing Spring DispatcherServlet 'dispatcherServlet'
2024-12-08T12:45:49.700+03:00  INFO 12156 --- [WMS] [http-nio-8080-exec-1] o.s.web.servlet.DispatcherServlet        : Initializing Servlet 'dispatcherServlet'
2024-12-08T12:45:49.701+03:00  INFO 12156 --- [WMS] [http-nio-8080-exec-1] o.s.web.servlet.DispatcherServlet        : Completed initialization in 1 ms
2024-12-08T12:45:49.903+03:00  INFO 12156 --- [WMS] [http-nio-8080-exec-1] c.w.W.o.s.DemandAnalysisOrderService     : oneMonthOrders: [OrderDTO(id=46, orderDate=2024-11-17, deliveryDate=2024-11-27, components=[ComponentDTO(id=30, name=Клавиатура SteelSeries, category=Клавиатура, manufacture=SteelSeries, model=Apex 7, price=130)], quantities=[-7], totalQuantity=-7, status=Завершен), OrderDTO(id=47, orderDate=2024-11-18, deliveryDate=2024-11-28, components=[ComponentDTO(id=31, name=Мышь Corsair, category=Компьютерная мышь, manufacture=Corsair, model=M65 RGB Elite, price=80)], quantities=[-9], totalQuantity=-9, status=Завершен), OrderDTO(id=48, orderDate=2024-11-19, deliveryDate=2024-11-29, components=[ComponentDTO(id=32, name=Внешний SSD Samsung, category=Накопитель, manufacture=Samsung, model=T7 1TB, price=150)], quantities=[-4], totalQuantity=-4, status=Завершен)]
2024-12-08T12:45:49.906+03:00  INFO 12156 --- [WMS] [http-nio-8080-exec-1] c.w.W.o.s.DemandAnalysisOrderService     : twoMonthOrders: [OrderDTO(id=2, orderDate=2024-11-02, deliveryDate=2024-11-12, components=[ComponentDTO(id=6, name=Оперативная память Corsair, category=Оперативная память, manufacture=Corsair, model=Vengeance LPX 16GB, price=116), ComponentDTO(id=12, name=Корпус NZXT, category=Корпус, manufacture=NZXT, model=H510 Elite, price=260)], quantities=[-12, 10], totalQuantity=-2, status=Завершен), OrderDTO(id=1, orderDate=2024-11-01, deliveryDate=2024-11-10, components=[ComponentDTO(id=11, name=Внешний жёсткий диск Seagate, category=Накопитель, manufacture=Seagate, model=Backup Plus 4TB, price=230), ComponentDTO(id=18, name=SSD Kingston, category=Накопитель, manufacture=Kingston, model=A2000 1TB, price=100)], quantities=[15, -8], totalQuantity=7, status=Завершен), OrderDTO(id=3, orderDate=2024-11-03, deliveryDate=2024-11-13, components=[ComponentDTO(id=13, name=Вентилятор Noctua, category=Система охлаждения, manufacture=Noctua, model=NF-A12x25 PWM, price=45), ComponentDTO(id=19, name=Видеокарта ASUS, category=Видеокарта, manufacture=ASUS, model=ROG Strix RTX 3060, price=550)], quantities=[20, -5], totalQuantity=15, status=Завершен), OrderDTO(id=4, orderDate=2024-11-04, deliveryDate=2024-11-14, components=[ComponentDTO(id=14, name=Материнская плата ASUS, category=Материнская плата, manufacture=ASUS, model=ROG Strix Z490-E, price=560), ComponentDTO(id=20, name=Блок питания Seasonic, category=Блок питания, manufacture=Seasonic, model=Focus GX-750, price=120)], quantities=[10, -4], totalQuantity=6, status=Завершен), OrderDTO(id=5, orderDate=2024-11-05, deliveryDate=2024-11-15, components=[ComponentDTO(id=15, name=Игровой монитор Xiaomi Redmi, category=Монитор, manufacture=Xiaomi Redmi, model=G24 A24FAA-RG, price=335), ComponentDTO(id=21, name=Кулер Noctua, category=Система охлаждения, manufacture=Noctua, model=NH-D15, price=90)], quantities=[8, -6], totalQuantity=2, status=Завершен), OrderDTO(id=38, orderDate=2024-11-06, deliveryDate=2024-11-16, components=[ComponentDTO(id=22, name=Материнская плата MSI, category=Материнская плата, manufacture=MSI, model=B550-A PRO, price=150)], quantities=[-3], totalQuantity=-3, status=Завершен), OrderDTO(id=39, orderDate=2024-11-07, deliveryDate=2024-11-17, components=[ComponentDTO(id=23, name=Монитор LG, category=Монитор, manufacture=LG, model=UltraGear 27GN950, price=900)], quantities=[-1], totalQuantity=-1, status=Завершен), OrderDTO(id=40, orderDate=2024-11-08, deliveryDate=2024-11-18, components=[ComponentDTO(id=24, name=Клавиатура Razer, category=Клавиатура, manufacture=Razer, model=BlackWidow V3, price=130)], quantities=[-9], totalQuantity=-9, status=Завершен), OrderDTO(id=41, orderDate=2024-10-09, deliveryDate=2024-10-19, components=[ComponentDTO(id=25, name=Мышь Logitech, category=Компьютерная мышь, manufacture=Logitech, model=G502 HERO, price=50)], quantities=[23], totalQuantity=23, status=Готовится к отправке), OrderDTO(id=42, orderDate=2024-10-10, deliveryDate=2024-10-20, components=[ComponentDTO(id=26, name=Внешний жесткий диск WD, category=Накопитель, manufacture=Western Digital, model=My Passport 4TB, price=120)], quantities=[6], totalQuantity=6, status=Готовится к отправке), OrderDTO(id=43, orderDate=2024-10-13, deliveryDate=2024-10-23, components=[ComponentDTO(id=27, name=Кулер Arctic, category=Система охлаждения, manufacture=Arctic, model=Freezer 34 eSports DUO, price=70)], quantities=[12], totalQuantity=12, status=Готовится к отправке), OrderDTO(id=44, orderDate=2024-10-15, deliveryDate=2024-10-25, components=[ComponentDTO(id=28, name=Системный блок Thermaltake, category=Корпус, manufacture=Thermaltake, model=V200, price=100)], quantities=[10], totalQuantity=10, status=Готовится к отправке), OrderDTO(id=45, orderDate=2024-10-16, deliveryDate=2024-10-26, components=[ComponentDTO(id=29, name=Память G.Skill, category=Оперативная память, manufacture=G.Skill, model=Ripjaws V 32GB, price=150)], quantities=[9], totalQuantity=9, status=Готовится к отправке)]
2024-12-08T12:45:50.004+03:00  INFO 12156 --- [WMS] [http-nio-8080-exec-4] c.w.W.o.s.DemandAnalysisOrderService     : oneMonthOrders: [OrderDTO(id=46, orderDate=2024-11-17, deliveryDate=2024-11-27, components=[ComponentDTO(id=30, name=Клавиатура SteelSeries, category=Клавиатура, manufacture=SteelSeries, model=Apex 7, price=130)], quantities=[-7], totalQuantity=-7, status=Завершен), OrderDTO(id=47, orderDate=2024-11-18, deliveryDate=2024-11-28, components=[ComponentDTO(id=31, name=Мышь Corsair, category=Компьютерная мышь, manufacture=Corsair, model=M65 RGB Elite, price=80)], quantities=[-9], totalQuantity=-9, status=Завершен), OrderDTO(id=48, orderDate=2024-11-19, deliveryDate=2024-11-29, components=[ComponentDTO(id=32, name=Внешний SSD Samsung, category=Накопитель, manufacture=Samsung, model=T7 1TB, price=150)], quantities=[-4], totalQuantity=-4, status=Завершен)]
2024-12-08T12:45:50.004+03:00  INFO 12156 --- [WMS] [http-nio-8080-exec-4] c.w.W.o.s.DemandAnalysisOrderService     : twoMonthOrders: [OrderDTO(id=2, orderDate=2024-11-02, deliveryDate=2024-11-12, components=[ComponentDTO(id=6, name=Оперативная память Corsair, category=Оперативная память, manufacture=Corsair, model=Vengeance LPX 16GB, price=116), ComponentDTO(id=12, name=Корпус NZXT, category=Корпус, manufacture=NZXT, model=H510 Elite, price=260)], quantities=[-12, 10], totalQuantity=-2, status=Завершен), OrderDTO(id=1, orderDate=2024-11-01, deliveryDate=2024-11-10, components=[ComponentDTO(id=11, name=Внешний жёсткий диск Seagate, category=Накопитель, manufacture=Seagate, model=Backup Plus 4TB, price=230), ComponentDTO(id=18, name=SSD Kingston, category=Накопитель, manufacture=Kingston, model=A2000 1TB, price=100)], quantities=[15, -8], totalQuantity=7, status=Завершен), OrderDTO(id=3, orderDate=2024-11-03, deliveryDate=2024-11-13, components=[ComponentDTO(id=13, name=Вентилятор Noctua, category=Система охлаждения, manufacture=Noctua, model=NF-A12x25 PWM, price=45), ComponentDTO(id=19, name=Видеокарта ASUS, category=Видеокарта, manufacture=ASUS, model=ROG Strix RTX 3060, price=550)], quantities=[20, -5], totalQuantity=15, status=Завершен), OrderDTO(id=4, orderDate=2024-11-04, deliveryDate=2024-11-14, components=[ComponentDTO(id=14, name=Материнская плата ASUS, category=Материнская плата, manufacture=ASUS, model=ROG Strix Z490-E, price=560), ComponentDTO(id=20, name=Блок питания Seasonic, category=Блок питания, manufacture=Seasonic, model=Focus GX-750, price=120)], quantities=[10, -4], totalQuantity=6, status=Завершен), OrderDTO(id=5, orderDate=2024-11-05, deliveryDate=2024-11-15, components=[ComponentDTO(id=15, name=Игровой монитор Xiaomi Redmi, category=Монитор, manufacture=Xiaomi Redmi, model=G24 A24FAA-RG, price=335), ComponentDTO(id=21, name=Кулер Noctua, category=Система охлаждения, manufacture=Noctua, model=NH-D15, price=90)], quantities=[8, -6], totalQuantity=2, status=Завершен), OrderDTO(id=38, orderDate=2024-11-06, deliveryDate=2024-11-16, components=[ComponentDTO(id=22, name=Материнская плата MSI, category=Материнская плата, manufacture=MSI, model=B550-A PRO, price=150)], quantities=[-3], totalQuantity=-3, status=Завершен), OrderDTO(id=39, orderDate=2024-11-07, deliveryDate=2024-11-17, components=[ComponentDTO(id=23, name=Монитор LG, category=Монитор, manufacture=LG, model=UltraGear 27GN950, price=900)], quantities=[-1], totalQuantity=-1, status=Завершен), OrderDTO(id=40, orderDate=2024-11-08, deliveryDate=2024-11-18, components=[ComponentDTO(id=24, name=Клавиатура Razer, category=Клавиатура, manufacture=Razer, model=BlackWidow V3, price=130)], quantities=[-9], totalQuantity=-9, status=Завершен), OrderDTO(id=41, orderDate=2024-10-09, deliveryDate=2024-10-19, components=[ComponentDTO(id=25, name=Мышь Logitech, category=Компьютерная мышь, manufacture=Logitech, model=G502 HERO, price=50)], quantities=[23], totalQuantity=23, status=Готовится к отправке), OrderDTO(id=42, orderDate=2024-10-10, deliveryDate=2024-10-20, components=[ComponentDTO(id=26, name=Внешний жесткий диск WD, category=Накопитель, manufacture=Western Digital, model=My Passport 4TB, price=120)], quantities=[6], totalQuantity=6, status=Готовится к отправке), OrderDTO(id=43, orderDate=2024-10-13, deliveryDate=2024-10-23, components=[ComponentDTO(id=27, name=Кулер Arctic, category=Система охлаждения, manufacture=Arctic, model=Freezer 34 eSports DUO, price=70)], quantities=[12], totalQuantity=12, status=Готовится к отправке), OrderDTO(id=44, orderDate=2024-10-15, deliveryDate=2024-10-25, components=[ComponentDTO(id=28, name=Системный блок Thermaltake, category=Корпус, manufacture=Thermaltake, model=V200, price=100)], quantities=[10], totalQuantity=10, status=Готовится к отправке), OrderDTO(id=45, orderDate=2024-10-16, deliveryDate=2024-10-26, components=[ComponentDTO(id=29, name=Память G.Skill, category=Оперативная память, manufacture=G.Skill, model=Ripjaws V 32GB, price=150)], quantities=[9], totalQuantity=9, status=Готовится к отправке)]
2024-12-08T12:47:21.538+03:00  INFO 12156 --- [WMS] [http-nio-8080-exec-5] c.w.W.o.s.GetOrdersByStatusService       : Преобразование статуса В исполнении в id
2024-12-08T12:47:21.538+03:00  INFO 12156 --- [WMS] [http-nio-8080-exec-5] c.w.W.o.s.GetOrdersByStatusService       : Получение заказов со статутсом id 2
2024-12-08T12:47:21.552+03:00  INFO 12156 --- [WMS] [http-nio-8080-exec-10] c.w.W.o.s.GetOrdersByStatusService       : Преобразование статуса В исполнении в id
2024-12-08T12:47:21.552+03:00  INFO 12156 --- [WMS] [http-nio-8080-exec-10] c.w.W.o.s.GetOrdersByStatusService       : Получение заказов со статутсом id 2
2024-12-08T12:47:21.553+03:00  INFO 12156 --- [WMS] [http-nio-8080-exec-7] c.w.W.o.s.GetOrdersByStatusService       : Преобразование статуса Готовится к отправке в id
2024-12-08T12:47:21.554+03:00  INFO 12156 --- [WMS] [http-nio-8080-exec-7] c.w.W.o.s.GetOrdersByStatusService       : Получение заказов со статутсом id 4
2024-12-08T12:47:21.567+03:00  INFO 12156 --- [WMS] [http-nio-8080-exec-8] c.w.W.o.s.GetOrdersByStatusService       : Преобразование статуса Готовится к отправке в id
2024-12-08T12:47:21.567+03:00  INFO 12156 --- [WMS] [http-nio-8080-exec-8] c.w.W.o.s.GetOrdersByStatusService       : Получение заказов со статутсом id 4
2024-12-08T12:47:23.237+03:00  INFO 12156 --- [WMS] [http-nio-8080-exec-1] c.w.W.o.s.GetOrdersByStatusService       : Преобразование статуса В исполнении в id
2024-12-08T12:47:23.237+03:00  INFO 12156 --- [WMS] [http-nio-8080-exec-1] c.w.W.o.s.GetOrdersByStatusService       : Получение заказов со статутсом id 2
2024-12-08T12:47:23.244+03:00  INFO 12156 --- [WMS] [http-nio-8080-exec-4] c.w.W.o.s.GetOrdersByStatusService       : Преобразование статуса Готовится к отправке в id
2024-12-08T12:47:23.244+03:00  INFO 12156 --- [WMS] [http-nio-8080-exec-4] c.w.W.o.s.GetOrdersByStatusService       : Получение заказов со статутсом id 4
2024-12-08T12:47:23.676+03:00  INFO 12156 --- [WMS] [http-nio-8080-exec-5] c.w.W.o.s.GetOrdersByStatusService       : Преобразование статуса В исполнении в id
2024-12-08T12:47:23.676+03:00  INFO 12156 --- [WMS] [http-nio-8080-exec-5] c.w.W.o.s.GetOrdersByStatusService       : Получение заказов со статутсом id 2
2024-12-08T12:47:23.683+03:00  INFO 12156 --- [WMS] [http-nio-8080-exec-10] c.w.W.o.s.GetOrdersByStatusService       : Преобразование статуса Готовится к отправке в id
2024-12-08T12:47:23.683+03:00  INFO 12156 --- [WMS] [http-nio-8080-exec-10] c.w.W.o.s.GetOrdersByStatusService       : Получение заказов со статутсом id 4
2024-12-08T12:47:23.983+03:00  INFO 12156 --- [WMS] [http-nio-8080-exec-2] c.w.W.o.s.GetOrdersByStatusService       : Преобразование статуса В исполнении в id
2024-12-08T12:47:23.984+03:00  INFO 12156 --- [WMS] [http-nio-8080-exec-2] c.w.W.o.s.GetOrdersByStatusService       : Получение заказов со статутсом id 2
2024-12-08T12:47:23.990+03:00  INFO 12156 --- [WMS] [http-nio-8080-exec-6] c.w.W.o.s.GetOrdersByStatusService       : Преобразование статуса Готовится к отправке в id
2024-12-08T12:47:23.990+03:00  INFO 12156 --- [WMS] [http-nio-8080-exec-6] c.w.W.o.s.GetOrdersByStatusService       : Получение заказов со статутсом id 4
2024-12-08T12:47:24.296+03:00  INFO 12156 --- [WMS] [http-nio-8080-exec-3] c.w.W.o.s.GetOrdersByStatusService       : Преобразование статуса В исполнении в id
2024-12-08T12:47:24.297+03:00  INFO 12156 --- [WMS] [http-nio-8080-exec-3] c.w.W.o.s.GetOrdersByStatusService       : Получение заказов со статутсом id 2
2024-12-08T12:47:24.303+03:00  INFO 12156 --- [WMS] [http-nio-8080-exec-9] c.w.W.o.s.GetOrdersByStatusService       : Преобразование статуса Готовится к отправке в id
2024-12-08T12:47:24.303+03:00  INFO 12156 --- [WMS] [http-nio-8080-exec-9] c.w.W.o.s.GetOrdersByStatusService       : Получение заказов со статутсом id 4
2024-12-08T12:47:24.696+03:00  INFO 12156 --- [WMS] [http-nio-8080-exec-7] c.w.W.o.s.GetOrdersByStatusService       : Преобразование статуса В исполнении в id
2024-12-08T12:47:24.696+03:00  INFO 12156 --- [WMS] [http-nio-8080-exec-7] c.w.W.o.s.GetOrdersByStatusService       : Получение заказов со статутсом id 2
2024-12-08T12:47:24.702+03:00  INFO 12156 --- [WMS] [http-nio-8080-exec-8] c.w.W.o.s.GetOrdersByStatusService       : Преобразование статуса Готовится к отправке в id
2024-12-08T12:47:24.702+03:00  INFO 12156 --- [WMS] [http-nio-8080-exec-8] c.w.W.o.s.GetOrdersByStatusService       : Получение заказов со статутсом id 4
2024-12-08T12:47:25.903+03:00  INFO 12156 --- [WMS] [http-nio-8080-exec-2] c.w.W.o.s.DemandAnalysisOrderService     : oneMonthOrders: [OrderDTO(id=46, orderDate=2024-11-17, deliveryDate=2024-11-27, components=[ComponentDTO(id=30, name=Клавиатура SteelSeries, category=Клавиатура, manufacture=SteelSeries, model=Apex 7, price=130)], quantities=[-7], totalQuantity=-7, status=Завершен), OrderDTO(id=47, orderDate=2024-11-18, deliveryDate=2024-11-28, components=[ComponentDTO(id=31, name=Мышь Corsair, category=Компьютерная мышь, manufacture=Corsair, model=M65 RGB Elite, price=80)], quantities=[-9], totalQuantity=-9, status=Завершен), OrderDTO(id=48, orderDate=2024-11-19, deliveryDate=2024-11-29, components=[ComponentDTO(id=32, name=Внешний SSD Samsung, category=Накопитель, manufacture=Samsung, model=T7 1TB, price=150)], quantities=[-4], totalQuantity=-4, status=Завершен)]
2024-12-08T12:47:25.903+03:00  INFO 12156 --- [WMS] [http-nio-8080-exec-2] c.w.W.o.s.DemandAnalysisOrderService     : twoMonthOrders: [OrderDTO(id=2, orderDate=2024-11-02, deliveryDate=2024-11-12, components=[ComponentDTO(id=6, name=Оперативная память Corsair, category=Оперативная память, manufacture=Corsair, model=Vengeance LPX 16GB, price=116), ComponentDTO(id=12, name=Корпус NZXT, category=Корпус, manufacture=NZXT, model=H510 Elite, price=260)], quantities=[-12, 10], totalQuantity=-2, status=Завершен), OrderDTO(id=1, orderDate=2024-11-01, deliveryDate=2024-11-10, components=[ComponentDTO(id=11, name=Внешний жёсткий диск Seagate, category=Накопитель, manufacture=Seagate, model=Backup Plus 4TB, price=230), ComponentDTO(id=18, name=SSD Kingston, category=Накопитель, manufacture=Kingston, model=A2000 1TB, price=100)], quantities=[15, -8], totalQuantity=7, status=Завершен), OrderDTO(id=3, orderDate=2024-11-03, deliveryDate=2024-11-13, components=[ComponentDTO(id=13, name=Вентилятор Noctua, category=Система охлаждения, manufacture=Noctua, model=NF-A12x25 PWM, price=45), ComponentDTO(id=19, name=Видеокарта ASUS, category=Видеокарта, manufacture=ASUS, model=ROG Strix RTX 3060, price=550)], quantities=[20, -5], totalQuantity=15, status=Завершен), OrderDTO(id=4, orderDate=2024-11-04, deliveryDate=2024-11-14, components=[ComponentDTO(id=14, name=Материнская плата ASUS, category=Материнская плата, manufacture=ASUS, model=ROG Strix Z490-E, price=560), ComponentDTO(id=20, name=Блок питания Seasonic, category=Блок питания, manufacture=Seasonic, model=Focus GX-750, price=120)], quantities=[10, -4], totalQuantity=6, status=Завершен), OrderDTO(id=5, orderDate=2024-11-05, deliveryDate=2024-11-15, components=[ComponentDTO(id=15, name=Игровой монитор Xiaomi Redmi, category=Монитор, manufacture=Xiaomi Redmi, model=G24 A24FAA-RG, price=335), ComponentDTO(id=21, name=Кулер Noctua, category=Система охлаждения, manufacture=Noctua, model=NH-D15, price=90)], quantities=[8, -6], totalQuantity=2, status=Завершен), OrderDTO(id=38, orderDate=2024-11-06, deliveryDate=2024-11-16, components=[ComponentDTO(id=22, name=Материнская плата MSI, category=Материнская плата, manufacture=MSI, model=B550-A PRO, price=150)], quantities=[-3], totalQuantity=-3, status=Завершен), OrderDTO(id=39, orderDate=2024-11-07, deliveryDate=2024-11-17, components=[ComponentDTO(id=23, name=Монитор LG, category=Монитор, manufacture=LG, model=UltraGear 27GN950, price=900)], quantities=[-1], totalQuantity=-1, status=Завершен), OrderDTO(id=40, orderDate=2024-11-08, deliveryDate=2024-11-18, components=[ComponentDTO(id=24, name=Клавиатура Razer, category=Клавиатура, manufacture=Razer, model=BlackWidow V3, price=130)], quantities=[-9], totalQuantity=-9, status=Завершен), OrderDTO(id=41, orderDate=2024-10-09, deliveryDate=2024-10-19, components=[ComponentDTO(id=25, name=Мышь Logitech, category=Компьютерная мышь, manufacture=Logitech, model=G502 HERO, price=50)], quantities=[-23], totalQuantity=-23, status=Завершен), OrderDTO(id=42, orderDate=2024-10-10, deliveryDate=2024-10-20, components=[ComponentDTO(id=26, name=Внешний жесткий диск WD, category=Накопитель, manufacture=Western Digital, model=My Passport 4TB, price=120)], quantities=[-6], totalQuantity=-6, status=Завершен), OrderDTO(id=43, orderDate=2024-10-13, deliveryDate=2024-10-23, components=[ComponentDTO(id=27, name=Кулер Arctic, category=Система охлаждения, manufacture=Arctic, model=Freezer 34 eSports DUO, price=70)], quantities=[-12], totalQuantity=-12, status=Завершен), OrderDTO(id=44, orderDate=2024-10-15, deliveryDate=2024-10-25, components=[ComponentDTO(id=28, name=Системный блок Thermaltake, category=Корпус, manufacture=Thermaltake, model=V200, price=100)], quantities=[-10], totalQuantity=-10, status=Завершен), OrderDTO(id=45, orderDate=2024-10-16, deliveryDate=2024-10-26, components=[ComponentDTO(id=29, name=Память G.Skill, category=Оперативная память, manufacture=G.Skill, model=Ripjaws V 32GB, price=150)], quantities=[-9], totalQuantity=-9, status=Завершен)]
2024-12-08T12:47:25.944+03:00  INFO 12156 --- [WMS] [http-nio-8080-exec-6] c.w.W.o.s.DemandAnalysisOrderService     : oneMonthOrders: [OrderDTO(id=46, orderDate=2024-11-17, deliveryDate=2024-11-27, components=[ComponentDTO(id=30, name=Клавиатура SteelSeries, category=Клавиатура, manufacture=SteelSeries, model=Apex 7, price=130)], quantities=[-7], totalQuantity=-7, status=Завершен), OrderDTO(id=47, orderDate=2024-11-18, deliveryDate=2024-11-28, components=[ComponentDTO(id=31, name=Мышь Corsair, category=Компьютерная мышь, manufacture=Corsair, model=M65 RGB Elite, price=80)], quantities=[-9], totalQuantity=-9, status=Завершен), OrderDTO(id=48, orderDate=2024-11-19, deliveryDate=2024-11-29, components=[ComponentDTO(id=32, name=Внешний SSD Samsung, category=Накопитель, manufacture=Samsung, model=T7 1TB, price=150)], quantities=[-4], totalQuantity=-4, status=Завершен)]
2024-12-08T12:47:25.945+03:00  INFO 12156 --- [WMS] [http-nio-8080-exec-6] c.w.W.o.s.DemandAnalysisOrderService     : twoMonthOrders: [OrderDTO(id=2, orderDate=2024-11-02, deliveryDate=2024-11-12, components=[ComponentDTO(id=6, name=Оперативная память Corsair, category=Оперативная память, manufacture=Corsair, model=Vengeance LPX 16GB, price=116), ComponentDTO(id=12, name=Корпус NZXT, category=Корпус, manufacture=NZXT, model=H510 Elite, price=260)], quantities=[-12, 10], totalQuantity=-2, status=Завершен), OrderDTO(id=1, orderDate=2024-11-01, deliveryDate=2024-11-10, components=[ComponentDTO(id=11, name=Внешний жёсткий диск Seagate, category=Накопитель, manufacture=Seagate, model=Backup Plus 4TB, price=230), ComponentDTO(id=18, name=SSD Kingston, category=Накопитель, manufacture=Kingston, model=A2000 1TB, price=100)], quantities=[15, -8], totalQuantity=7, status=Завершен), OrderDTO(id=3, orderDate=2024-11-03, deliveryDate=2024-11-13, components=[ComponentDTO(id=13, name=Вентилятор Noctua, category=Система охлаждения, manufacture=Noctua, model=NF-A12x25 PWM, price=45), ComponentDTO(id=19, name=Видеокарта ASUS, category=Видеокарта, manufacture=ASUS, model=ROG Strix RTX 3060, price=550)], quantities=[20, -5], totalQuantity=15, status=Завершен), OrderDTO(id=4, orderDate=2024-11-04, deliveryDate=2024-11-14, components=[ComponentDTO(id=14, name=Материнская плата ASUS, category=Материнская плата, manufacture=ASUS, model=ROG Strix Z490-E, price=560), ComponentDTO(id=20, name=Блок питания Seasonic, category=Блок питания, manufacture=Seasonic, model=Focus GX-750, price=120)], quantities=[10, -4], totalQuantity=6, status=Завершен), OrderDTO(id=5, orderDate=2024-11-05, deliveryDate=2024-11-15, components=[ComponentDTO(id=15, name=Игровой монитор Xiaomi Redmi, category=Монитор, manufacture=Xiaomi Redmi, model=G24 A24FAA-RG, price=335), ComponentDTO(id=21, name=Кулер Noctua, category=Система охлаждения, manufacture=Noctua, model=NH-D15, price=90)], quantities=[8, -6], totalQuantity=2, status=Завершен), OrderDTO(id=38, orderDate=2024-11-06, deliveryDate=2024-11-16, components=[ComponentDTO(id=22, name=Материнская плата MSI, category=Материнская плата, manufacture=MSI, model=B550-A PRO, price=150)], quantities=[-3], totalQuantity=-3, status=Завершен), OrderDTO(id=39, orderDate=2024-11-07, deliveryDate=2024-11-17, components=[ComponentDTO(id=23, name=Монитор LG, category=Монитор, manufacture=LG, model=UltraGear 27GN950, price=900)], quantities=[-1], totalQuantity=-1, status=Завершен), OrderDTO(id=40, orderDate=2024-11-08, deliveryDate=2024-11-18, components=[ComponentDTO(id=24, name=Клавиатура Razer, category=Клавиатура, manufacture=Razer, model=BlackWidow V3, price=130)], quantities=[-9], totalQuantity=-9, status=Завершен), OrderDTO(id=41, orderDate=2024-10-09, deliveryDate=2024-10-19, components=[ComponentDTO(id=25, name=Мышь Logitech, category=Компьютерная мышь, manufacture=Logitech, model=G502 HERO, price=50)], quantities=[-23], totalQuantity=-23, status=Завершен), OrderDTO(id=42, orderDate=2024-10-10, deliveryDate=2024-10-20, components=[ComponentDTO(id=26, name=Внешний жесткий диск WD, category=Накопитель, manufacture=Western Digital, model=My Passport 4TB, price=120)], quantities=[-6], totalQuantity=-6, status=Завершен), OrderDTO(id=43, orderDate=2024-10-13, deliveryDate=2024-10-23, components=[ComponentDTO(id=27, name=Кулер Arctic, category=Система охлаждения, manufacture=Arctic, model=Freezer 34 eSports DUO, price=70)], quantities=[-12], totalQuantity=-12, status=Завершен), OrderDTO(id=44, orderDate=2024-10-15, deliveryDate=2024-10-25, components=[ComponentDTO(id=28, name=Системный блок Thermaltake, category=Корпус, manufacture=Thermaltake, model=V200, price=100)], quantities=[-10], totalQuantity=-10, status=Завершен), OrderDTO(id=45, orderDate=2024-10-16, deliveryDate=2024-10-26, components=[ComponentDTO(id=29, name=Память G.Skill, category=Оперативная память, manufacture=G.Skill, model=Ripjaws V 32GB, price=150)], quantities=[-9], totalQuantity=-9, status=Завершен)]
2024-12-08T12:47:27.659+03:00  INFO 12156 --- [WMS] [http-nio-8080-exec-1] c.w.W.o.s.DemandAnalysisOrderService     : oneMonthOrders: [OrderDTO(id=46, orderDate=2024-11-17, deliveryDate=2024-11-27, components=[ComponentDTO(id=30, name=Клавиатура SteelSeries, category=Клавиатура, manufacture=SteelSeries, model=Apex 7, price=130)], quantities=[-7], totalQuantity=-7, status=Завершен), OrderDTO(id=47, orderDate=2024-11-18, deliveryDate=2024-11-28, components=[ComponentDTO(id=31, name=Мышь Corsair, category=Компьютерная мышь, manufacture=Corsair, model=M65 RGB Elite, price=80)], quantities=[-9], totalQuantity=-9, status=Завершен), OrderDTO(id=48, orderDate=2024-11-19, deliveryDate=2024-11-29, components=[ComponentDTO(id=32, name=Внешний SSD Samsung, category=Накопитель, manufacture=Samsung, model=T7 1TB, price=150)], quantities=[-4], totalQuantity=-4, status=Завершен)]
2024-12-08T12:47:27.660+03:00  INFO 12156 --- [WMS] [http-nio-8080-exec-1] c.w.W.o.s.DemandAnalysisOrderService     : twoMonthOrders: [OrderDTO(id=2, orderDate=2024-11-02, deliveryDate=2024-11-12, components=[ComponentDTO(id=6, name=Оперативная память Corsair, category=Оперативная память, manufacture=Corsair, model=Vengeance LPX 16GB, price=116), ComponentDTO(id=12, name=Корпус NZXT, category=Корпус, manufacture=NZXT, model=H510 Elite, price=260)], quantities=[-12, 10], totalQuantity=-2, status=Завершен), OrderDTO(id=1, orderDate=2024-11-01, deliveryDate=2024-11-10, components=[ComponentDTO(id=11, name=Внешний жёсткий диск Seagate, category=Накопитель, manufacture=Seagate, model=Backup Plus 4TB, price=230), ComponentDTO(id=18, name=SSD Kingston, category=Накопитель, manufacture=Kingston, model=A2000 1TB, price=100)], quantities=[15, -8], totalQuantity=7, status=Завершен), OrderDTO(id=3, orderDate=2024-11-03, deliveryDate=2024-11-13, components=[ComponentDTO(id=13, name=Вентилятор Noctua, category=Система охлаждения, manufacture=Noctua, model=NF-A12x25 PWM, price=45), ComponentDTO(id=19, name=Видеокарта ASUS, category=Видеокарта, manufacture=ASUS, model=ROG Strix RTX 3060, price=550)], quantities=[20, -5], totalQuantity=15, status=Завершен), OrderDTO(id=4, orderDate=2024-11-04, deliveryDate=2024-11-14, components=[ComponentDTO(id=14, name=Материнская плата ASUS, category=Материнская плата, manufacture=ASUS, model=ROG Strix Z490-E, price=560), ComponentDTO(id=20, name=Блок питания Seasonic, category=Блок питания, manufacture=Seasonic, model=Focus GX-750, price=120)], quantities=[10, -4], totalQuantity=6, status=Завершен), OrderDTO(id=5, orderDate=2024-11-05, deliveryDate=2024-11-15, components=[ComponentDTO(id=15, name=Игровой монитор Xiaomi Redmi, category=Монитор, manufacture=Xiaomi Redmi, model=G24 A24FAA-RG, price=335), ComponentDTO(id=21, name=Кулер Noctua, category=Система охлаждения, manufacture=Noctua, model=NH-D15, price=90)], quantities=[8, -6], totalQuantity=2, status=Завершен), OrderDTO(id=38, orderDate=2024-11-06, deliveryDate=2024-11-16, components=[ComponentDTO(id=22, name=Материнская плата MSI, category=Материнская плата, manufacture=MSI, model=B550-A PRO, price=150)], quantities=[-3], totalQuantity=-3, status=Завершен), OrderDTO(id=39, orderDate=2024-11-07, deliveryDate=2024-11-17, components=[ComponentDTO(id=23, name=Монитор LG, category=Монитор, manufacture=LG, model=UltraGear 27GN950, price=900)], quantities=[-1], totalQuantity=-1, status=Завершен), OrderDTO(id=40, orderDate=2024-11-08, deliveryDate=2024-11-18, components=[ComponentDTO(id=24, name=Клавиатура Razer, category=Клавиатура, manufacture=Razer, model=BlackWidow V3, price=130)], quantities=[-9], totalQuantity=-9, status=Завершен), OrderDTO(id=41, orderDate=2024-10-09, deliveryDate=2024-10-19, components=[ComponentDTO(id=25, name=Мышь Logitech, category=Компьютерная мышь, manufacture=Logitech, model=G502 HERO, price=50)], quantities=[-23], totalQuantity=-23, status=Завершен), OrderDTO(id=42, orderDate=2024-10-10, deliveryDate=2024-10-20, components=[ComponentDTO(id=26, name=Внешний жесткий диск WD, category=Накопитель, manufacture=Western Digital, model=My Passport 4TB, price=120)], quantities=[-6], totalQuantity=-6, status=Завершен), OrderDTO(id=43, orderDate=2024-10-13, deliveryDate=2024-10-23, components=[ComponentDTO(id=27, name=Кулер Arctic, category=Система охлаждения, manufacture=Arctic, model=Freezer 34 eSports DUO, price=70)], quantities=[-12], totalQuantity=-12, status=Завершен), OrderDTO(id=44, orderDate=2024-10-15, deliveryDate=2024-10-25, components=[ComponentDTO(id=28, name=Системный блок Thermaltake, category=Корпус, manufacture=Thermaltake, model=V200, price=100)], quantities=[-10], totalQuantity=-10, status=Завершен), OrderDTO(id=45, orderDate=2024-10-16, deliveryDate=2024-10-26, components=[ComponentDTO(id=29, name=Память G.Skill, category=Оперативная память, manufacture=G.Skill, model=Ripjaws V 32GB, price=150)], quantities=[-9], totalQuantity=-9, status=Завершен)]
2024-12-08T12:47:27.694+03:00  INFO 12156 --- [WMS] [http-nio-8080-exec-4] c.w.W.o.s.DemandAnalysisOrderService     : oneMonthOrders: [OrderDTO(id=46, orderDate=2024-11-17, deliveryDate=2024-11-27, components=[ComponentDTO(id=30, name=Клавиатура SteelSeries, category=Клавиатура, manufacture=SteelSeries, model=Apex 7, price=130)], quantities=[-7], totalQuantity=-7, status=Завершен), OrderDTO(id=47, orderDate=2024-11-18, deliveryDate=2024-11-28, components=[ComponentDTO(id=31, name=Мышь Corsair, category=Компьютерная мышь, manufacture=Corsair, model=M65 RGB Elite, price=80)], quantities=[-9], totalQuantity=-9, status=Завершен), OrderDTO(id=48, orderDate=2024-11-19, deliveryDate=2024-11-29, components=[ComponentDTO(id=32, name=Внешний SSD Samsung, category=Накопитель, manufacture=Samsung, model=T7 1TB, price=150)], quantities=[-4], totalQuantity=-4, status=Завершен)]
2024-12-08T12:47:27.694+03:00  INFO 12156 --- [WMS] [http-nio-8080-exec-4] c.w.W.o.s.DemandAnalysisOrderService     : twoMonthOrders: [OrderDTO(id=2, orderDate=2024-11-02, deliveryDate=2024-11-12, components=[ComponentDTO(id=6, name=Оперативная память Corsair, category=Оперативная память, manufacture=Corsair, model=Vengeance LPX 16GB, price=116), ComponentDTO(id=12, name=Корпус NZXT, category=Корпус, manufacture=NZXT, model=H510 Elite, price=260)], quantities=[-12, 10], totalQuantity=-2, status=Завершен), OrderDTO(id=1, orderDate=2024-11-01, deliveryDate=2024-11-10, components=[ComponentDTO(id=11, name=Внешний жёсткий диск Seagate, category=Накопитель, manufacture=Seagate, model=Backup Plus 4TB, price=230), ComponentDTO(id=18, name=SSD Kingston, category=Накопитель, manufacture=Kingston, model=A2000 1TB, price=100)], quantities=[15, -8], totalQuantity=7, status=Завершен), OrderDTO(id=3, orderDate=2024-11-03, deliveryDate=2024-11-13, components=[ComponentDTO(id=13, name=Вентилятор Noctua, category=Система охлаждения, manufacture=Noctua, model=NF-A12x25 PWM, price=45), ComponentDTO(id=19, name=Видеокарта ASUS, category=Видеокарта, manufacture=ASUS, model=ROG Strix RTX 3060, price=550)], quantities=[20, -5], totalQuantity=15, status=Завершен), OrderDTO(id=4, orderDate=2024-11-04, deliveryDate=2024-11-14, components=[ComponentDTO(id=14, name=Материнская плата ASUS, category=Материнская плата, manufacture=ASUS, model=ROG Strix Z490-E, price=560), ComponentDTO(id=20, name=Блок питания Seasonic, category=Блок питания, manufacture=Seasonic, model=Focus GX-750, price=120)], quantities=[10, -4], totalQuantity=6, status=Завершен), OrderDTO(id=5, orderDate=2024-11-05, deliveryDate=2024-11-15, components=[ComponentDTO(id=15, name=Игровой монитор Xiaomi Redmi, category=Монитор, manufacture=Xiaomi Redmi, model=G24 A24FAA-RG, price=335), ComponentDTO(id=21, name=Кулер Noctua, category=Система охлаждения, manufacture=Noctua, model=NH-D15, price=90)], quantities=[8, -6], totalQuantity=2, status=Завершен), OrderDTO(id=38, orderDate=2024-11-06, deliveryDate=2024-11-16, components=[ComponentDTO(id=22, name=Материнская плата MSI, category=Материнская плата, manufacture=MSI, model=B550-A PRO, price=150)], quantities=[-3], totalQuantity=-3, status=Завершен), OrderDTO(id=39, orderDate=2024-11-07, deliveryDate=2024-11-17, components=[ComponentDTO(id=23, name=Монитор LG, category=Монитор, manufacture=LG, model=UltraGear 27GN950, price=900)], quantities=[-1], totalQuantity=-1, status=Завершен), OrderDTO(id=40, orderDate=2024-11-08, deliveryDate=2024-11-18, components=[ComponentDTO(id=24, name=Клавиатура Razer, category=Клавиатура, manufacture=Razer, model=BlackWidow V3, price=130)], quantities=[-9], totalQuantity=-9, status=Завершен), OrderDTO(id=41, orderDate=2024-10-09, deliveryDate=2024-10-19, components=[ComponentDTO(id=25, name=Мышь Logitech, category=Компьютерная мышь, manufacture=Logitech, model=G502 HERO, price=50)], quantities=[-23], totalQuantity=-23, status=Завершен), OrderDTO(id=42, orderDate=2024-10-10, deliveryDate=2024-10-20, components=[ComponentDTO(id=26, name=Внешний жесткий диск WD, category=Накопитель, manufacture=Western Digital, model=My Passport 4TB, price=120)], quantities=[-6], totalQuantity=-6, status=Завершен), OrderDTO(id=43, orderDate=2024-10-13, deliveryDate=2024-10-23, components=[ComponentDTO(id=27, name=Кулер Arctic, category=Система охлаждения, manufacture=Arctic, model=Freezer 34 eSports DUO, price=70)], quantities=[-12], totalQuantity=-12, status=Завершен), OrderDTO(id=44, orderDate=2024-10-15, deliveryDate=2024-10-25, components=[ComponentDTO(id=28, name=Системный блок Thermaltake, category=Корпус, manufacture=Thermaltake, model=V200, price=100)], quantities=[-10], totalQuantity=-10, status=Завершен), OrderDTO(id=45, orderDate=2024-10-16, deliveryDate=2024-10-26, components=[ComponentDTO(id=29, name=Память G.Skill, category=Оперативная память, manufacture=G.Skill, model=Ripjaws V 32GB, price=150)], quantities=[-9], totalQuantity=-9, status=Завершен)]
2024-12-08T12:47:34.037+03:00  INFO 12156 --- [WMS] [http-nio-8080-exec-3] c.w.W.w.services.GetWarehousesService    : Получение всех запасов со склада
2024-12-08T12:47:34.062+03:00  INFO 12156 --- [WMS] [http-nio-8080-exec-9] c.w.W.w.services.GetWarehousesService    : Получение всех запасов со склада
2024-12-08T12:47:56.633+03:00  INFO 12156 --- [WMS] [http-nio-8080-exec-5] c.w.W.o.s.DemandAnalysisOrderService     : oneMonthOrders: [OrderDTO(id=46, orderDate=2024-11-17, deliveryDate=2024-11-27, components=[ComponentDTO(id=30, name=Клавиатура SteelSeries, category=Клавиатура, manufacture=SteelSeries, model=Apex 7, price=130)], quantities=[-7], totalQuantity=-7, status=Завершен), OrderDTO(id=47, orderDate=2024-11-18, deliveryDate=2024-11-28, components=[ComponentDTO(id=31, name=Мышь Corsair, category=Компьютерная мышь, manufacture=Corsair, model=M65 RGB Elite, price=80)], quantities=[-9], totalQuantity=-9, status=Завершен), OrderDTO(id=48, orderDate=2024-11-19, deliveryDate=2024-11-29, components=[ComponentDTO(id=32, name=Внешний SSD Samsung, category=Накопитель, manufacture=Samsung, model=T7 1TB, price=150)], quantities=[-4], totalQuantity=-4, status=Завершен)]
2024-12-08T12:47:56.633+03:00  INFO 12156 --- [WMS] [http-nio-8080-exec-5] c.w.W.o.s.DemandAnalysisOrderService     : twoMonthOrders: [OrderDTO(id=2, orderDate=2024-11-02, deliveryDate=2024-11-12, components=[ComponentDTO(id=6, name=Оперативная память Corsair, category=Оперативная память, manufacture=Corsair, model=Vengeance LPX 16GB, price=116), ComponentDTO(id=12, name=Корпус NZXT, category=Корпус, manufacture=NZXT, model=H510 Elite, price=260)], quantities=[-12, 10], totalQuantity=-2, status=Завершен), OrderDTO(id=1, orderDate=2024-11-01, deliveryDate=2024-11-10, components=[ComponentDTO(id=11, name=Внешний жёсткий диск Seagate, category=Накопитель, manufacture=Seagate, model=Backup Plus 4TB, price=230), ComponentDTO(id=18, name=SSD Kingston, category=Накопитель, manufacture=Kingston, model=A2000 1TB, price=100)], quantities=[15, -8], totalQuantity=7, status=Завершен), OrderDTO(id=3, orderDate=2024-11-03, deliveryDate=2024-11-13, components=[ComponentDTO(id=13, name=Вентилятор Noctua, category=Система охлаждения, manufacture=Noctua, model=NF-A12x25 PWM, price=45), ComponentDTO(id=19, name=Видеокарта ASUS, category=Видеокарта, manufacture=ASUS, model=ROG Strix RTX 3060, price=550)], quantities=[20, -5], totalQuantity=15, status=Завершен), OrderDTO(id=4, orderDate=2024-11-04, deliveryDate=2024-11-14, components=[ComponentDTO(id=14, name=Материнская плата ASUS, category=Материнская плата, manufacture=ASUS, model=ROG Strix Z490-E, price=560), ComponentDTO(id=20, name=Блок питания Seasonic, category=Блок питания, manufacture=Seasonic, model=Focus GX-750, price=120)], quantities=[10, -4], totalQuantity=6, status=Завершен), OrderDTO(id=5, orderDate=2024-11-05, deliveryDate=2024-11-15, components=[ComponentDTO(id=15, name=Игровой монитор Xiaomi Redmi, category=Монитор, manufacture=Xiaomi Redmi, model=G24 A24FAA-RG, price=335), ComponentDTO(id=21, name=Кулер Noctua, category=Система охлаждения, manufacture=Noctua, model=NH-D15, price=90)], quantities=[8, -6], totalQuantity=2, status=Завершен), OrderDTO(id=38, orderDate=2024-11-06, deliveryDate=2024-11-16, components=[ComponentDTO(id=22, name=Материнская плата MSI, category=Материнская плата, manufacture=MSI, model=B550-A PRO, price=150)], quantities=[-3], totalQuantity=-3, status=Завершен), OrderDTO(id=39, orderDate=2024-11-07, deliveryDate=2024-11-17, components=[ComponentDTO(id=23, name=Монитор LG, category=Монитор, manufacture=LG, model=UltraGear 27GN950, price=900)], quantities=[-1], totalQuantity=-1, status=Завершен), OrderDTO(id=40, orderDate=2024-11-08, deliveryDate=2024-11-18, components=[ComponentDTO(id=24, name=Клавиатура Razer, category=Клавиатура, manufacture=Razer, model=BlackWidow V3, price=130)], quantities=[-9], totalQuantity=-9, status=Завершен), OrderDTO(id=41, orderDate=2024-10-09, deliveryDate=2024-10-19, components=[ComponentDTO(id=25, name=Мышь Logitech, category=Компьютерная мышь, manufacture=Logitech, model=G502 HERO, price=50)], quantities=[-23], totalQuantity=-23, status=Завершен), OrderDTO(id=42, orderDate=2024-10-10, deliveryDate=2024-10-20, components=[ComponentDTO(id=26, name=Внешний жесткий диск WD, category=Накопитель, manufacture=Western Digital, model=My Passport 4TB, price=120)], quantities=[-6], totalQuantity=-6, status=Завершен), OrderDTO(id=43, orderDate=2024-10-13, deliveryDate=2024-10-23, components=[ComponentDTO(id=27, name=Кулер Arctic, category=Система охлаждения, manufacture=Arctic, model=Freezer 34 eSports DUO, price=70)], quantities=[-12], totalQuantity=-12, status=Завершен), OrderDTO(id=44, orderDate=2024-10-15, deliveryDate=2024-10-25, components=[ComponentDTO(id=28, name=Системный блок Thermaltake, category=Корпус, manufacture=Thermaltake, model=V200, price=100)], quantities=[-10], totalQuantity=-10, status=Завершен), OrderDTO(id=45, orderDate=2024-10-16, deliveryDate=2024-10-26, components=[ComponentDTO(id=29, name=Память G.Skill, category=Оперативная память, manufacture=G.Skill, model=Ripjaws V 32GB, price=150)], quantities=[-9], totalQuantity=-9, status=Завершен)]
2024-12-08T12:47:56.659+03:00  INFO 12156 --- [WMS] [http-nio-8080-exec-10] c.w.W.o.s.DemandAnalysisOrderService     : oneMonthOrders: [OrderDTO(id=46, orderDate=2024-11-17, deliveryDate=2024-11-27, components=[ComponentDTO(id=30, name=Клавиатура SteelSeries, category=Клавиатура, manufacture=SteelSeries, model=Apex 7, price=130)], quantities=[-7], totalQuantity=-7, status=Завершен), OrderDTO(id=47, orderDate=2024-11-18, deliveryDate=2024-11-28, components=[ComponentDTO(id=31, name=Мышь Corsair, category=Компьютерная мышь, manufacture=Corsair, model=M65 RGB Elite, price=80)], quantities=[-9], totalQuantity=-9, status=Завершен), OrderDTO(id=48, orderDate=2024-11-19, deliveryDate=2024-11-29, components=[ComponentDTO(id=32, name=Внешний SSD Samsung, category=Накопитель, manufacture=Samsung, model=T7 1TB, price=150)], quantities=[-4], totalQuantity=-4, status=Завершен)]
2024-12-08T12:47:56.660+03:00  INFO 12156 --- [WMS] [http-nio-8080-exec-10] c.w.W.o.s.DemandAnalysisOrderService     : twoMonthOrders: [OrderDTO(id=2, orderDate=2024-11-02, deliveryDate=2024-11-12, components=[ComponentDTO(id=6, name=Оперативная память Corsair, category=Оперативная память, manufacture=Corsair, model=Vengeance LPX 16GB, price=116), ComponentDTO(id=12, name=Корпус NZXT, category=Корпус, manufacture=NZXT, model=H510 Elite, price=260)], quantities=[-12, 10], totalQuantity=-2, status=Завершен), OrderDTO(id=1, orderDate=2024-11-01, deliveryDate=2024-11-10, components=[ComponentDTO(id=11, name=Внешний жёсткий диск Seagate, category=Накопитель, manufacture=Seagate, model=Backup Plus 4TB, price=230), ComponentDTO(id=18, name=SSD Kingston, category=Накопитель, manufacture=Kingston, model=A2000 1TB, price=100)], quantities=[15, -8], totalQuantity=7, status=Завершен), OrderDTO(id=3, orderDate=2024-11-03, deliveryDate=2024-11-13, components=[ComponentDTO(id=13, name=Вентилятор Noctua, category=Система охлаждения, manufacture=Noctua, model=NF-A12x25 PWM, price=45), ComponentDTO(id=19, name=Видеокарта ASUS, category=Видеокарта, manufacture=ASUS, model=ROG Strix RTX 3060, price=550)], quantities=[20, -5], totalQuantity=15, status=Завершен), OrderDTO(id=4, orderDate=2024-11-04, deliveryDate=2024-11-14, components=[ComponentDTO(id=14, name=Материнская плата ASUS, category=Материнская плата, manufacture=ASUS, model=ROG Strix Z490-E, price=560), ComponentDTO(id=20, name=Блок питания Seasonic, category=Блок питания, manufacture=Seasonic, model=Focus GX-750, price=120)], quantities=[10, -4], totalQuantity=6, status=Завершен), OrderDTO(id=5, orderDate=2024-11-05, deliveryDate=2024-11-15, components=[ComponentDTO(id=15, name=Игровой монитор Xiaomi Redmi, category=Монитор, manufacture=Xiaomi Redmi, model=G24 A24FAA-RG, price=335), ComponentDTO(id=21, name=Кулер Noctua, category=Система охлаждения, manufacture=Noctua, model=NH-D15, price=90)], quantities=[8, -6], totalQuantity=2, status=Завершен), OrderDTO(id=38, orderDate=2024-11-06, deliveryDate=2024-11-16, components=[ComponentDTO(id=22, name=Материнская плата MSI, category=Материнская плата, manufacture=MSI, model=B550-A PRO, price=150)], quantities=[-3], totalQuantity=-3, status=Завершен), OrderDTO(id=39, orderDate=2024-11-07, deliveryDate=2024-11-17, components=[ComponentDTO(id=23, name=Монитор LG, category=Монитор, manufacture=LG, model=UltraGear 27GN950, price=900)], quantities=[-1], totalQuantity=-1, status=Завершен), OrderDTO(id=40, orderDate=2024-11-08, deliveryDate=2024-11-18, components=[ComponentDTO(id=24, name=Клавиатура Razer, category=Клавиатура, manufacture=Razer, model=BlackWidow V3, price=130)], quantities=[-9], totalQuantity=-9, status=Завершен), OrderDTO(id=41, orderDate=2024-10-09, deliveryDate=2024-10-19, components=[ComponentDTO(id=25, name=Мышь Logitech, category=Компьютерная мышь, manufacture=Logitech, model=G502 HERO, price=50)], quantities=[-23], totalQuantity=-23, status=Завершен), OrderDTO(id=42, orderDate=2024-10-10, deliveryDate=2024-10-20, components=[ComponentDTO(id=26, name=Внешний жесткий диск WD, category=Накопитель, manufacture=Western Digital, model=My Passport 4TB, price=120)], quantities=[-6], totalQuantity=-6, status=Завершен), OrderDTO(id=43, orderDate=2024-10-13, deliveryDate=2024-10-23, components=[ComponentDTO(id=27, name=Кулер Arctic, category=Система охлаждения, manufacture=Arctic, model=Freezer 34 eSports DUO, price=70)], quantities=[-12], totalQuantity=-12, status=Завершен), OrderDTO(id=44, orderDate=2024-10-15, deliveryDate=2024-10-25, components=[ComponentDTO(id=28, name=Системный блок Thermaltake, category=Корпус, manufacture=Thermaltake, model=V200, price=100)], quantities=[-10], totalQuantity=-10, status=Завершен), OrderDTO(id=45, orderDate=2024-10-16, deliveryDate=2024-10-26, components=[ComponentDTO(id=29, name=Память G.Skill, category=Оперативная память, manufacture=G.Skill, model=Ripjaws V 32GB, price=150)], quantities=[-9], totalQuantity=-9, status=Завершен)]
2024-12-08T12:48:13.923+03:00  INFO 12156 --- [WMS] [SpringApplicationShutdownHook] j.LocalContainerEntityManagerFactoryBean : Closing JPA EntityManagerFactory for persistence unit 'default'
2024-12-08T12:48:13.924+03:00  INFO 12156 --- [WMS] [SpringApplicationShutdownHook] com.zaxxer.hikari.HikariDataSource       : HikariPool-1 - Shutdown initiated...
2024-12-08T12:48:13.931+03:00  INFO 12156 --- [WMS] [SpringApplicationShutdownHook] com.zaxxer.hikari.HikariDataSource       : HikariPool-1 - Shutdown completed.
2024-12-08T12:54:05.956+03:00  INFO 7884 --- [WMS] [main] com.warehouse.WMS.WmsApplication         : Starting WmsApplication using Java 22.0.2 with PID 7884 (C:\Users\Vadim\Desktop\WMS\target\classes started by Vadim in C:\Users\Vadim\Desktop\WMS)
2024-12-08T12:54:05.958+03:00  INFO 7884 --- [WMS] [main] com.warehouse.WMS.WmsApplication         : No active profile set, falling back to 1 default profile: "default"
2024-12-08T12:54:06.608+03:00  INFO 7884 --- [WMS] [main] .s.d.r.c.RepositoryConfigurationDelegate : Bootstrapping Spring Data JPA repositories in DEFAULT mode.
2024-12-08T12:54:06.661+03:00  INFO 7884 --- [WMS] [main] .s.d.r.c.RepositoryConfigurationDelegate : Finished Spring Data repository scanning in 48 ms. Found 5 JPA repository interfaces.
2024-12-08T12:54:07.022+03:00  INFO 7884 --- [WMS] [main] o.s.b.w.embedded.tomcat.TomcatWebServer  : Tomcat initialized with port 8080 (http)
2024-12-08T12:54:07.033+03:00  INFO 7884 --- [WMS] [main] o.apache.catalina.core.StandardService   : Starting service [Tomcat]
2024-12-08T12:54:07.033+03:00  INFO 7884 --- [WMS] [main] o.apache.catalina.core.StandardEngine    : Starting Servlet engine: [Apache Tomcat/10.1.31]
2024-12-08T12:54:07.078+03:00  INFO 7884 --- [WMS] [main] o.a.c.c.C.[Tomcat].[localhost].[/]       : Initializing Spring embedded WebApplicationContext
2024-12-08T12:54:07.079+03:00  INFO 7884 --- [WMS] [main] w.s.c.ServletWebServerApplicationContext : Root WebApplicationContext: initialization completed in 1076 ms
2024-12-08T12:54:07.180+03:00  INFO 7884 --- [WMS] [main] com.zaxxer.hikari.HikariDataSource       : HikariPool-1 - Starting...
2024-12-08T12:54:07.447+03:00  INFO 7884 --- [WMS] [main] com.zaxxer.hikari.pool.HikariPool        : HikariPool-1 - Added connection com.mysql.cj.jdbc.ConnectionImpl@1d60059f
2024-12-08T12:54:07.449+03:00  INFO 7884 --- [WMS] [main] com.zaxxer.hikari.HikariDataSource       : HikariPool-1 - Start completed.
2024-12-08T12:54:07.479+03:00  INFO 7884 --- [WMS] [main] o.hibernate.jpa.internal.util.LogHelper  : HHH000204: Processing PersistenceUnitInfo [name: default]
2024-12-08T12:54:07.524+03:00  INFO 7884 --- [WMS] [main] org.hibernate.Version                    : HHH000412: Hibernate ORM core version 6.5.3.Final
2024-12-08T12:54:07.551+03:00  INFO 7884 --- [WMS] [main] o.h.c.internal.RegionFactoryInitiator    : HHH000026: Second-level cache disabled
2024-12-08T12:54:07.796+03:00  INFO 7884 --- [WMS] [main] o.s.o.j.p.SpringPersistenceUnitInfo      : No LoadTimeWeaver setup: ignoring JPA class transformer
2024-12-08T12:54:08.656+03:00  INFO 7884 --- [WMS] [main] o.h.e.t.j.p.i.JtaPlatformInitiator       : HHH000489: No JTA platform available (set 'hibernate.transaction.jta.platform' to enable JTA platform integration)
2024-12-08T12:54:08.659+03:00  INFO 7884 --- [WMS] [main] j.LocalContainerEntityManagerFactoryBean : Initialized JPA EntityManagerFactory for persistence unit 'default'
2024-12-08T12:54:09.010+03:00  WARN 7884 --- [WMS] [main] JpaBaseConfiguration$JpaWebConfiguration : spring.jpa.open-in-view is enabled by default. Therefore, database queries may be performed during view rendering. Explicitly configure spring.jpa.open-in-view to disable this warning
2024-12-08T12:54:09.333+03:00  INFO 7884 --- [WMS] [main] o.s.b.w.embedded.tomcat.TomcatWebServer  : Tomcat started on port 8080 (http) with context path '/'
2024-12-08T12:54:09.339+03:00  INFO 7884 --- [WMS] [main] com.warehouse.WMS.WmsApplication         : Started WmsApplication in 3.731 seconds (process running for 4.253)
2024-12-08T12:54:18.170+03:00  INFO 7884 --- [WMS] [http-nio-8080-exec-1] o.a.c.c.C.[Tomcat].[localhost].[/]       : Initializing Spring DispatcherServlet 'dispatcherServlet'
2024-12-08T12:54:18.171+03:00  INFO 7884 --- [WMS] [http-nio-8080-exec-1] o.s.web.servlet.DispatcherServlet        : Initializing Servlet 'dispatcherServlet'
2024-12-08T12:54:18.172+03:00  INFO 7884 --- [WMS] [http-nio-8080-exec-1] o.s.web.servlet.DispatcherServlet        : Completed initialization in 1 ms
2024-12-08T12:54:18.632+03:00  INFO 7884 --- [WMS] [http-nio-8080-exec-4] o.springdoc.api.AbstractOpenApiResource  : Init duration for springdoc-openapi is: 315 ms
2024-12-08T12:54:25.625+03:00  INFO 7884 --- [WMS] [http-nio-8080-exec-5] c.w.W.o.s.DemandAnalysisOrderService     : [OrderDTO(id=2, orderDate=2024-11-02, deliveryDate=2024-11-12, components=[ComponentDTO(id=6, name=Оперативная память Corsair, category=Оперативная память, manufacture=Corsair, model=Vengeance LPX 16GB, price=116), ComponentDTO(id=12, name=Корпус NZXT, category=Корпус, manufacture=NZXT, model=H510 Elite, price=260)], quantities=[-12, 10], totalQuantity=-2, status=Завершен), OrderDTO(id=1, orderDate=2024-11-01, deliveryDate=2024-11-10, components=[ComponentDTO(id=11, name=Внешний жёсткий диск Seagate, category=Накопитель, manufacture=Seagate, model=Backup Plus 4TB, price=230), ComponentDTO(id=18, name=SSD Kingston, category=Накопитель, manufacture=Kingston, model=A2000 1TB, price=100)], quantities=[15, -8], totalQuantity=7, status=Завершен), OrderDTO(id=3, orderDate=2024-11-03, deliveryDate=2024-11-13, components=[ComponentDTO(id=13, name=Вентилятор Noctua, category=Система охлаждения, manufacture=Noctua, model=NF-A12x25 PWM, price=45), ComponentDTO(id=19, name=Видеокарта ASUS, category=Видеокарта, manufacture=ASUS, model=ROG Strix RTX 3060, price=550)], quantities=[20, -5], totalQuantity=15, status=Завершен), OrderDTO(id=4, orderDate=2024-11-04, deliveryDate=2024-11-14, components=[ComponentDTO(id=14, name=Материнская плата ASUS, category=Материнская плата, manufacture=ASUS, model=ROG Strix Z490-E, price=560), ComponentDTO(id=20, name=Блок питания Seasonic, category=Блок питания, manufacture=Seasonic, model=Focus GX-750, price=120)], quantities=[10, -4], totalQuantity=6, status=Завершен), OrderDTO(id=5, orderDate=2024-11-05, deliveryDate=2024-11-15, components=[ComponentDTO(id=15, name=Игровой монитор Xiaomi Redmi, category=Монитор, manufacture=Xiaomi Redmi, model=G24 A24FAA-RG, price=335), ComponentDTO(id=21, name=Кулер Noctua, category=Система охлаждения, manufacture=Noctua, model=NH-D15, price=90)], quantities=[8, -6], totalQuantity=2, status=Завершен), OrderDTO(id=38, orderDate=2024-11-06, deliveryDate=2024-11-16, components=[ComponentDTO(id=22, name=Материнская плата MSI, category=Материнская плата, manufacture=MSI, model=B550-A PRO, price=150)], quantities=[-3], totalQuantity=-3, status=Завершен), OrderDTO(id=39, orderDate=2024-11-07, deliveryDate=2024-11-17, components=[ComponentDTO(id=23, name=Монитор LG, category=Монитор, manufacture=LG, model=UltraGear 27GN950, price=900)], quantities=[-1], totalQuantity=-1, status=Завершен), OrderDTO(id=40, orderDate=2024-11-08, deliveryDate=2024-11-18, components=[ComponentDTO(id=24, name=Клавиатура Razer, category=Клавиатура, manufacture=Razer, model=BlackWidow V3, price=130)], quantities=[-9], totalQuantity=-9, status=Завершен), OrderDTO(id=41, orderDate=2024-10-09, deliveryDate=2024-10-19, components=[ComponentDTO(id=25, name=Мышь Logitech, category=Компьютерная мышь, manufacture=Logitech, model=G502 HERO, price=50)], quantities=[-23], totalQuantity=-23, status=Завершен), OrderDTO(id=42, orderDate=2024-10-10, deliveryDate=2024-10-20, components=[ComponentDTO(id=26, name=Внешний жесткий диск WD, category=Накопитель, manufacture=Western Digital, model=My Passport 4TB, price=120)], quantities=[-6], totalQuantity=-6, status=Завершен), OrderDTO(id=43, orderDate=2024-10-13, deliveryDate=2024-10-23, components=[ComponentDTO(id=27, name=Кулер Arctic, category=Система охлаждения, manufacture=Arctic, model=Freezer 34 eSports DUO, price=70)], quantities=[-12], totalQuantity=-12, status=Завершен), OrderDTO(id=44, orderDate=2024-10-15, deliveryDate=2024-10-25, components=[ComponentDTO(id=28, name=Системный блок Thermaltake, category=Корпус, manufacture=Thermaltake, model=V200, price=100)], quantities=[-10], totalQuantity=-10, status=Завершен), OrderDTO(id=45, orderDate=2024-10-16, deliveryDate=2024-10-26, components=[ComponentDTO(id=29, name=Память G.Skill, category=Оперативная память, manufacture=G.Skill, model=Ripjaws V 32GB, price=150)], quantities=[-9], totalQuantity=-9, status=Завершен), OrderDTO(id=46, orderDate=2024-11-17, deliveryDate=2024-11-27, components=[ComponentDTO(id=30, name=Клавиатура SteelSeries, category=Клавиатура, manufacture=SteelSeries, model=Apex 7, price=130)], quantities=[-7], totalQuantity=-7, status=Завершен), OrderDTO(id=47, orderDate=2024-11-18, deliveryDate=2024-11-28, components=[ComponentDTO(id=31, name=Мышь Corsair, category=Компьютерная мышь, manufacture=Corsair, model=M65 RGB Elite, price=80)], quantities=[-9], totalQuantity=-9, status=Завершен), OrderDTO(id=48, orderDate=2024-11-19, deliveryDate=2024-11-29, components=[ComponentDTO(id=32, name=Внешний SSD Samsung, category=Накопитель, manufacture=Samsung, model=T7 1TB, price=150)], quantities=[-4], totalQuantity=-4, status=Завершен)]
2024-12-08T12:59:41.993+03:00  INFO 7884 --- [WMS] [SpringApplicationShutdownHook] j.LocalContainerEntityManagerFactoryBean : Closing JPA EntityManagerFactory for persistence unit 'default'
2024-12-08T12:59:41.996+03:00  INFO 7884 --- [WMS] [SpringApplicationShutdownHook] com.zaxxer.hikari.HikariDataSource       : HikariPool-1 - Shutdown initiated...
2024-12-08T12:59:42.001+03:00  INFO 7884 --- [WMS] [SpringApplicationShutdownHook] com.zaxxer.hikari.HikariDataSource       : HikariPool-1 - Shutdown completed.
2024-12-08T13:00:23.260+03:00  INFO 17472 --- [WMS] [main] com.warehouse.WMS.WmsApplication         : Starting WmsApplication using Java 22.0.2 with PID 17472 (C:\Users\Vadim\Desktop\WMS\target\classes started by Vadim in C:\Users\Vadim\Desktop\WMS)
2024-12-08T13:00:23.262+03:00  INFO 17472 --- [WMS] [main] com.warehouse.WMS.WmsApplication         : No active profile set, falling back to 1 default profile: "default"
2024-12-08T13:00:23.904+03:00  INFO 17472 --- [WMS] [main] .s.d.r.c.RepositoryConfigurationDelegate : Bootstrapping Spring Data JPA repositories in DEFAULT mode.
2024-12-08T13:00:23.960+03:00  INFO 17472 --- [WMS] [main] .s.d.r.c.RepositoryConfigurationDelegate : Finished Spring Data repository scanning in 49 ms. Found 5 JPA repository interfaces.
2024-12-08T13:00:24.327+03:00  INFO 17472 --- [WMS] [main] o.s.b.w.embedded.tomcat.TomcatWebServer  : Tomcat initialized with port 8080 (http)
2024-12-08T13:00:24.338+03:00  INFO 17472 --- [WMS] [main] o.apache.catalina.core.StandardService   : Starting service [Tomcat]
2024-12-08T13:00:24.338+03:00  INFO 17472 --- [WMS] [main] o.apache.catalina.core.StandardEngine    : Starting Servlet engine: [Apache Tomcat/10.1.31]
2024-12-08T13:00:24.384+03:00  INFO 17472 --- [WMS] [main] o.a.c.c.C.[Tomcat].[localhost].[/]       : Initializing Spring embedded WebApplicationContext
2024-12-08T13:00:24.384+03:00  INFO 17472 --- [WMS] [main] w.s.c.ServletWebServerApplicationContext : Root WebApplicationContext: initialization completed in 1081 ms
2024-12-08T13:00:24.478+03:00  INFO 17472 --- [WMS] [main] com.zaxxer.hikari.HikariDataSource       : HikariPool-1 - Starting...
2024-12-08T13:00:24.744+03:00  INFO 17472 --- [WMS] [main] com.zaxxer.hikari.pool.HikariPool        : HikariPool-1 - Added connection com.mysql.cj.jdbc.ConnectionImpl@23ad2d17
2024-12-08T13:00:24.746+03:00  INFO 17472 --- [WMS] [main] com.zaxxer.hikari.HikariDataSource       : HikariPool-1 - Start completed.
2024-12-08T13:00:24.776+03:00  INFO 17472 --- [WMS] [main] o.hibernate.jpa.internal.util.LogHelper  : HHH000204: Processing PersistenceUnitInfo [name: default]
2024-12-08T13:00:24.818+03:00  INFO 17472 --- [WMS] [main] org.hibernate.Version                    : HHH000412: Hibernate ORM core version 6.5.3.Final
2024-12-08T13:00:24.843+03:00  INFO 17472 --- [WMS] [main] o.h.c.internal.RegionFactoryInitiator    : HHH000026: Second-level cache disabled
2024-12-08T13:00:25.096+03:00  INFO 17472 --- [WMS] [main] o.s.o.j.p.SpringPersistenceUnitInfo      : No LoadTimeWeaver setup: ignoring JPA class transformer
2024-12-08T13:00:26.028+03:00  INFO 17472 --- [WMS] [main] o.h.e.t.j.p.i.JtaPlatformInitiator       : HHH000489: No JTA platform available (set 'hibernate.transaction.jta.platform' to enable JTA platform integration)
2024-12-08T13:00:26.033+03:00  INFO 17472 --- [WMS] [main] j.LocalContainerEntityManagerFactoryBean : Initialized JPA EntityManagerFactory for persistence unit 'default'
2024-12-08T13:00:26.395+03:00  WARN 17472 --- [WMS] [main] JpaBaseConfiguration$JpaWebConfiguration : spring.jpa.open-in-view is enabled by default. Therefore, database queries may be performed during view rendering. Explicitly configure spring.jpa.open-in-view to disable this warning
2024-12-08T13:00:26.731+03:00  INFO 17472 --- [WMS] [main] o.s.b.w.embedded.tomcat.TomcatWebServer  : Tomcat started on port 8080 (http) with context path '/'
2024-12-08T13:00:26.738+03:00  INFO 17472 --- [WMS] [main] com.warehouse.WMS.WmsApplication         : Started WmsApplication in 3.818 seconds (process running for 4.345)
2024-12-08T13:00:41.956+03:00  INFO 17472 --- [WMS] [http-nio-8080-exec-1] o.a.c.c.C.[Tomcat].[localhost].[/]       : Initializing Spring DispatcherServlet 'dispatcherServlet'
2024-12-08T13:00:41.956+03:00  INFO 17472 --- [WMS] [http-nio-8080-exec-1] o.s.web.servlet.DispatcherServlet        : Initializing Servlet 'dispatcherServlet'
2024-12-08T13:00:41.957+03:00  INFO 17472 --- [WMS] [http-nio-8080-exec-1] o.s.web.servlet.DispatcherServlet        : Completed initialization in 1 ms
2024-12-08T13:00:42.155+03:00  INFO 17472 --- [WMS] [http-nio-8080-exec-1] c.w.W.o.s.DemandAnalysisOrderService     : [OrderDTO(id=2, orderDate=2024-11-02, deliveryDate=2024-11-12, components=[ComponentDTO(id=6, name=Оперативная память Corsair, category=Оперативная память, manufacture=Corsair, model=Vengeance LPX 16GB, price=116), ComponentDTO(id=12, name=Корпус NZXT, category=Корпус, manufacture=NZXT, model=H510 Elite, price=260)], quantities=[-12, 10], totalQuantity=-2, status=Завершен), OrderDTO(id=1, orderDate=2024-11-01, deliveryDate=2024-11-10, components=[ComponentDTO(id=11, name=Внешний жёсткий диск Seagate, category=Накопитель, manufacture=Seagate, model=Backup Plus 4TB, price=230), ComponentDTO(id=18, name=SSD Kingston, category=Накопитель, manufacture=Kingston, model=A2000 1TB, price=100)], quantities=[15, -8], totalQuantity=7, status=Завершен), OrderDTO(id=3, orderDate=2024-11-03, deliveryDate=2024-11-13, components=[ComponentDTO(id=13, name=Вентилятор Noctua, category=Система охлаждения, manufacture=Noctua, model=NF-A12x25 PWM, price=45), ComponentDTO(id=19, name=Видеокарта ASUS, category=Видеокарта, manufacture=ASUS, model=ROG Strix RTX 3060, price=550)], quantities=[20, -5], totalQuantity=15, status=Завершен), OrderDTO(id=4, orderDate=2024-11-04, deliveryDate=2024-11-14, components=[ComponentDTO(id=14, name=Материнская плата ASUS, category=Материнская плата, manufacture=ASUS, model=ROG Strix Z490-E, price=560), ComponentDTO(id=20, name=Блок питания Seasonic, category=Блок питания, manufacture=Seasonic, model=Focus GX-750, price=120)], quantities=[10, -4], totalQuantity=6, status=Завершен), OrderDTO(id=5, orderDate=2024-11-05, deliveryDate=2024-11-15, components=[ComponentDTO(id=15, name=Игровой монитор Xiaomi Redmi, category=Монитор, manufacture=Xiaomi Redmi, model=G24 A24FAA-RG, price=335), ComponentDTO(id=21, name=Кулер Noctua, category=Система охлаждения, manufacture=Noctua, model=NH-D15, price=90)], quantities=[8, -6], totalQuantity=2, status=Завершен), OrderDTO(id=38, orderDate=2024-11-06, deliveryDate=2024-11-16, components=[ComponentDTO(id=22, name=Материнская плата MSI, category=Материнская плата, manufacture=MSI, model=B550-A PRO, price=150)], quantities=[-3], totalQuantity=-3, status=Завершен), OrderDTO(id=39, orderDate=2024-11-07, deliveryDate=2024-11-17, components=[ComponentDTO(id=23, name=Монитор LG, category=Монитор, manufacture=LG, model=UltraGear 27GN950, price=900)], quantities=[-1], totalQuantity=-1, status=Завершен), OrderDTO(id=40, orderDate=2024-11-08, deliveryDate=2024-11-18, components=[ComponentDTO(id=24, name=Клавиатура Razer, category=Клавиатура, manufacture=Razer, model=BlackWidow V3, price=130)], quantities=[-9], totalQuantity=-9, status=Завершен), OrderDTO(id=41, orderDate=2024-10-09, deliveryDate=2024-10-19, components=[ComponentDTO(id=25, name=Мышь Logitech, category=Компьютерная мышь, manufacture=Logitech, model=G502 HERO, price=50)], quantities=[-23], totalQuantity=-23, status=Завершен), OrderDTO(id=42, orderDate=2024-10-10, deliveryDate=2024-10-20, components=[ComponentDTO(id=26, name=Внешний жесткий диск WD, category=Накопитель, manufacture=Western Digital, model=My Passport 4TB, price=120)], quantities=[-6], totalQuantity=-6, status=Завершен), OrderDTO(id=43, orderDate=2024-10-13, deliveryDate=2024-10-23, components=[ComponentDTO(id=27, name=Кулер Arctic, category=Система охлаждения, manufacture=Arctic, model=Freezer 34 eSports DUO, price=70)], quantities=[-12], totalQuantity=-12, status=Завершен), OrderDTO(id=44, orderDate=2024-10-15, deliveryDate=2024-10-25, components=[ComponentDTO(id=28, name=Системный блок Thermaltake, category=Корпус, manufacture=Thermaltake, model=V200, price=100)], quantities=[-10], totalQuantity=-10, status=Завершен), OrderDTO(id=45, orderDate=2024-10-16, deliveryDate=2024-10-26, components=[ComponentDTO(id=29, name=Память G.Skill, category=Оперативная память, manufacture=G.Skill, model=Ripjaws V 32GB, price=150)], quantities=[-9], totalQuantity=-9, status=Завершен), OrderDTO(id=46, orderDate=2024-11-17, deliveryDate=2024-11-27, components=[ComponentDTO(id=30, name=Клавиатура SteelSeries, category=Клавиатура, manufacture=SteelSeries, model=Apex 7, price=130)], quantities=[-7], totalQuantity=-7, status=Завершен), OrderDTO(id=47, orderDate=2024-11-18, deliveryDate=2024-11-28, components=[ComponentDTO(id=31, name=Мышь Corsair, category=Компьютерная мышь, manufacture=Corsair, model=M65 RGB Elite, price=80)], quantities=[-9], totalQuantity=-9, status=Завершен), OrderDTO(id=48, orderDate=2024-11-19, deliveryDate=2024-11-29, components=[ComponentDTO(id=32, name=Внешний SSD Samsung, category=Накопитель, manufacture=Samsung, model=T7 1TB, price=150)], quantities=[-4], totalQuantity=-4, status=Завершен)]
2024-12-08T13:00:42.262+03:00  INFO 17472 --- [WMS] [http-nio-8080-exec-2] c.w.W.o.s.DemandAnalysisOrderService     : [OrderDTO(id=2, orderDate=2024-11-02, deliveryDate=2024-11-12, components=[ComponentDTO(id=6, name=Оперативная память Corsair, category=Оперативная память, manufacture=Corsair, model=Vengeance LPX 16GB, price=116), ComponentDTO(id=12, name=Корпус NZXT, category=Корпус, manufacture=NZXT, model=H510 Elite, price=260)], quantities=[-12, 10], totalQuantity=-2, status=Завершен), OrderDTO(id=1, orderDate=2024-11-01, deliveryDate=2024-11-10, components=[ComponentDTO(id=11, name=Внешний жёсткий диск Seagate, category=Накопитель, manufacture=Seagate, model=Backup Plus 4TB, price=230), ComponentDTO(id=18, name=SSD Kingston, category=Накопитель, manufacture=Kingston, model=A2000 1TB, price=100)], quantities=[15, -8], totalQuantity=7, status=Завершен), OrderDTO(id=3, orderDate=2024-11-03, deliveryDate=2024-11-13, components=[ComponentDTO(id=13, name=Вентилятор Noctua, category=Система охлаждения, manufacture=Noctua, model=NF-A12x25 PWM, price=45), ComponentDTO(id=19, name=Видеокарта ASUS, category=Видеокарта, manufacture=ASUS, model=ROG Strix RTX 3060, price=550)], quantities=[20, -5], totalQuantity=15, status=Завершен), OrderDTO(id=4, orderDate=2024-11-04, deliveryDate=2024-11-14, components=[ComponentDTO(id=14, name=Материнская плата ASUS, category=Материнская плата, manufacture=ASUS, model=ROG Strix Z490-E, price=560), ComponentDTO(id=20, name=Блок питания Seasonic, category=Блок питания, manufacture=Seasonic, model=Focus GX-750, price=120)], quantities=[10, -4], totalQuantity=6, status=Завершен), OrderDTO(id=5, orderDate=2024-11-05, deliveryDate=2024-11-15, components=[ComponentDTO(id=15, name=Игровой монитор Xiaomi Redmi, category=Монитор, manufacture=Xiaomi Redmi, model=G24 A24FAA-RG, price=335), ComponentDTO(id=21, name=Кулер Noctua, category=Система охлаждения, manufacture=Noctua, model=NH-D15, price=90)], quantities=[8, -6], totalQuantity=2, status=Завершен), OrderDTO(id=38, orderDate=2024-11-06, deliveryDate=2024-11-16, components=[ComponentDTO(id=22, name=Материнская плата MSI, category=Материнская плата, manufacture=MSI, model=B550-A PRO, price=150)], quantities=[-3], totalQuantity=-3, status=Завершен), OrderDTO(id=39, orderDate=2024-11-07, deliveryDate=2024-11-17, components=[ComponentDTO(id=23, name=Монитор LG, category=Монитор, manufacture=LG, model=UltraGear 27GN950, price=900)], quantities=[-1], totalQuantity=-1, status=Завершен), OrderDTO(id=40, orderDate=2024-11-08, deliveryDate=2024-11-18, components=[ComponentDTO(id=24, name=Клавиатура Razer, category=Клавиатура, manufacture=Razer, model=BlackWidow V3, price=130)], quantities=[-9], totalQuantity=-9, status=Завершен), OrderDTO(id=41, orderDate=2024-10-09, deliveryDate=2024-10-19, components=[ComponentDTO(id=25, name=Мышь Logitech, category=Компьютерная мышь, manufacture=Logitech, model=G502 HERO, price=50)], quantities=[-23], totalQuantity=-23, status=Завершен), OrderDTO(id=42, orderDate=2024-10-10, deliveryDate=2024-10-20, components=[ComponentDTO(id=26, name=Внешний жесткий диск WD, category=Накопитель, manufacture=Western Digital, model=My Passport 4TB, price=120)], quantities=[-6], totalQuantity=-6, status=Завершен), OrderDTO(id=43, orderDate=2024-10-13, deliveryDate=2024-10-23, components=[ComponentDTO(id=27, name=Кулер Arctic, category=Система охлаждения, manufacture=Arctic, model=Freezer 34 eSports DUO, price=70)], quantities=[-12], totalQuantity=-12, status=Завершен), OrderDTO(id=44, orderDate=2024-10-15, deliveryDate=2024-10-25, components=[ComponentDTO(id=28, name=Системный блок Thermaltake, category=Корпус, manufacture=Thermaltake, model=V200, price=100)], quantities=[-10], totalQuantity=-10, status=Завершен), OrderDTO(id=45, orderDate=2024-10-16, deliveryDate=2024-10-26, components=[ComponentDTO(id=29, name=Память G.Skill, category=Оперативная память, manufacture=G.Skill, model=Ripjaws V 32GB, price=150)], quantities=[-9], totalQuantity=-9, status=Завершен), OrderDTO(id=46, orderDate=2024-11-17, deliveryDate=2024-11-27, components=[ComponentDTO(id=30, name=Клавиатура SteelSeries, category=Клавиатура, manufacture=SteelSeries, model=Apex 7, price=130)], quantities=[-7], totalQuantity=-7, status=Завершен), OrderDTO(id=47, orderDate=2024-11-18, deliveryDate=2024-11-28, components=[ComponentDTO(id=31, name=Мышь Corsair, category=Компьютерная мышь, manufacture=Corsair, model=M65 RGB Elite, price=80)], quantities=[-9], totalQuantity=-9, status=Завершен), OrderDTO(id=48, orderDate=2024-11-19, deliveryDate=2024-11-29, components=[ComponentDTO(id=32, name=Внешний SSD Samsung, category=Накопитель, manufacture=Samsung, model=T7 1TB, price=150)], quantities=[-4], totalQuantity=-4, status=Завершен)]
2024-12-08T13:02:08.032+03:00  INFO 17472 --- [WMS] [SpringApplicationShutdownHook] j.LocalContainerEntityManagerFactoryBean : Closing JPA EntityManagerFactory for persistence unit 'default'
2024-12-08T13:02:08.034+03:00  INFO 17472 --- [WMS] [SpringApplicationShutdownHook] com.zaxxer.hikari.HikariDataSource       : HikariPool-1 - Shutdown initiated...
2024-12-08T13:02:08.044+03:00  INFO 17472 --- [WMS] [SpringApplicationShutdownHook] com.zaxxer.hikari.HikariDataSource       : HikariPool-1 - Shutdown completed.
2024-12-08T13:04:49.980+03:00  INFO 536 --- [WMS] [main] com.warehouse.WMS.WmsApplication         : Starting WmsApplication using Java 22.0.2 with PID 536 (C:\Users\Vadim\Desktop\WMS\target\classes started by Vadim in C:\Users\Vadim\Desktop\WMS)
2024-12-08T13:04:49.982+03:00  INFO 536 --- [WMS] [main] com.warehouse.WMS.WmsApplication         : No active profile set, falling back to 1 default profile: "default"
2024-12-08T13:04:50.656+03:00  INFO 536 --- [WMS] [main] .s.d.r.c.RepositoryConfigurationDelegate : Bootstrapping Spring Data JPA repositories in DEFAULT mode.
2024-12-08T13:04:50.726+03:00  INFO 536 --- [WMS] [main] .s.d.r.c.RepositoryConfigurationDelegate : Finished Spring Data repository scanning in 62 ms. Found 5 JPA repository interfaces.
2024-12-08T13:04:51.145+03:00  INFO 536 --- [WMS] [main] o.s.b.w.embedded.tomcat.TomcatWebServer  : Tomcat initialized with port 8080 (http)
2024-12-08T13:04:51.156+03:00  INFO 536 --- [WMS] [main] o.apache.catalina.core.StandardService   : Starting service [Tomcat]
2024-12-08T13:04:51.156+03:00  INFO 536 --- [WMS] [main] o.apache.catalina.core.StandardEngine    : Starting Servlet engine: [Apache Tomcat/10.1.31]
2024-12-08T13:04:51.201+03:00  INFO 536 --- [WMS] [main] o.a.c.c.C.[Tomcat].[localhost].[/]       : Initializing Spring embedded WebApplicationContext
2024-12-08T13:04:51.201+03:00  INFO 536 --- [WMS] [main] w.s.c.ServletWebServerApplicationContext : Root WebApplicationContext: initialization completed in 1179 ms
2024-12-08T13:04:51.297+03:00  INFO 536 --- [WMS] [main] com.zaxxer.hikari.HikariDataSource       : HikariPool-1 - Starting...
2024-12-08T13:04:51.569+03:00  INFO 536 --- [WMS] [main] com.zaxxer.hikari.pool.HikariPool        : HikariPool-1 - Added connection com.mysql.cj.jdbc.ConnectionImpl@5463f035
2024-12-08T13:04:51.571+03:00  INFO 536 --- [WMS] [main] com.zaxxer.hikari.HikariDataSource       : HikariPool-1 - Start completed.
2024-12-08T13:04:51.605+03:00  INFO 536 --- [WMS] [main] o.hibernate.jpa.internal.util.LogHelper  : HHH000204: Processing PersistenceUnitInfo [name: default]
2024-12-08T13:04:51.652+03:00  INFO 536 --- [WMS] [main] org.hibernate.Version                    : HHH000412: Hibernate ORM core version 6.5.3.Final
2024-12-08T13:04:51.682+03:00  INFO 536 --- [WMS] [main] o.h.c.internal.RegionFactoryInitiator    : HHH000026: Second-level cache disabled
2024-12-08T13:04:51.955+03:00  INFO 536 --- [WMS] [main] o.s.o.j.p.SpringPersistenceUnitInfo      : No LoadTimeWeaver setup: ignoring JPA class transformer
2024-12-08T13:04:52.909+03:00  INFO 536 --- [WMS] [main] o.h.e.t.j.p.i.JtaPlatformInitiator       : HHH000489: No JTA platform available (set 'hibernate.transaction.jta.platform' to enable JTA platform integration)
2024-12-08T13:04:52.911+03:00  INFO 536 --- [WMS] [main] j.LocalContainerEntityManagerFactoryBean : Initialized JPA EntityManagerFactory for persistence unit 'default'
2024-12-08T13:04:53.276+03:00  WARN 536 --- [WMS] [main] JpaBaseConfiguration$JpaWebConfiguration : spring.jpa.open-in-view is enabled by default. Therefore, database queries may be performed during view rendering. Explicitly configure spring.jpa.open-in-view to disable this warning
2024-12-08T13:04:53.617+03:00  INFO 536 --- [WMS] [main] o.s.b.w.embedded.tomcat.TomcatWebServer  : Tomcat started on port 8080 (http) with context path '/'
2024-12-08T13:04:53.624+03:00  INFO 536 --- [WMS] [main] com.warehouse.WMS.WmsApplication         : Started WmsApplication in 3.983 seconds (process running for 4.491)
2024-12-08T13:04:58.443+03:00  INFO 536 --- [WMS] [http-nio-8080-exec-1] o.a.c.c.C.[Tomcat].[localhost].[/]       : Initializing Spring DispatcherServlet 'dispatcherServlet'
2024-12-08T13:04:58.444+03:00  INFO 536 --- [WMS] [http-nio-8080-exec-1] o.s.web.servlet.DispatcherServlet        : Initializing Servlet 'dispatcherServlet'
2024-12-08T13:04:58.444+03:00  INFO 536 --- [WMS] [http-nio-8080-exec-1] o.s.web.servlet.DispatcherServlet        : Completed initialization in 0 ms
2024-12-08T13:10:41.009+03:00  INFO 536 --- [WMS] [SpringApplicationShutdownHook] j.LocalContainerEntityManagerFactoryBean : Closing JPA EntityManagerFactory for persistence unit 'default'
2024-12-08T13:10:41.010+03:00  INFO 536 --- [WMS] [SpringApplicationShutdownHook] com.zaxxer.hikari.HikariDataSource       : HikariPool-1 - Shutdown initiated...
2024-12-08T13:10:41.015+03:00  INFO 536 --- [WMS] [SpringApplicationShutdownHook] com.zaxxer.hikari.HikariDataSource       : HikariPool-1 - Shutdown completed.
2024-12-08T13:11:34.768+03:00  INFO 7628 --- [WMS] [main] com.warehouse.WMS.WmsApplication         : Starting WmsApplication using Java 22.0.2 with PID 7628 (C:\Users\Vadim\Desktop\WMS\target\classes started by Vadim in C:\Users\Vadim\Desktop\WMS)
2024-12-08T13:11:34.770+03:00  INFO 7628 --- [WMS] [main] com.warehouse.WMS.WmsApplication         : No active profile set, falling back to 1 default profile: "default"
2024-12-08T13:11:35.547+03:00  INFO 7628 --- [WMS] [main] .s.d.r.c.RepositoryConfigurationDelegate : Bootstrapping Spring Data JPA repositories in DEFAULT mode.
2024-12-08T13:11:35.614+03:00  INFO 7628 --- [WMS] [main] .s.d.r.c.RepositoryConfigurationDelegate : Finished Spring Data repository scanning in 60 ms. Found 5 JPA repository interfaces.
2024-12-08T13:11:36.069+03:00  INFO 7628 --- [WMS] [main] o.s.b.w.embedded.tomcat.TomcatWebServer  : Tomcat initialized with port 8080 (http)
2024-12-08T13:11:36.082+03:00  INFO 7628 --- [WMS] [main] o.apache.catalina.core.StandardService   : Starting service [Tomcat]
2024-12-08T13:11:36.083+03:00  INFO 7628 --- [WMS] [main] o.apache.catalina.core.StandardEngine    : Starting Servlet engine: [Apache Tomcat/10.1.31]
2024-12-08T13:11:36.138+03:00  INFO 7628 --- [WMS] [main] o.a.c.c.C.[Tomcat].[localhost].[/]       : Initializing Spring embedded WebApplicationContext
2024-12-08T13:11:36.139+03:00  INFO 7628 --- [WMS] [main] w.s.c.ServletWebServerApplicationContext : Root WebApplicationContext: initialization completed in 1321 ms
2024-12-08T13:11:36.269+03:00  INFO 7628 --- [WMS] [main] com.zaxxer.hikari.HikariDataSource       : HikariPool-1 - Starting...
2024-12-08T13:11:36.582+03:00  INFO 7628 --- [WMS] [main] com.zaxxer.hikari.pool.HikariPool        : HikariPool-1 - Added connection com.mysql.cj.jdbc.ConnectionImpl@427308f8
2024-12-08T13:11:36.584+03:00  INFO 7628 --- [WMS] [main] com.zaxxer.hikari.HikariDataSource       : HikariPool-1 - Start completed.
2024-12-08T13:11:36.622+03:00  INFO 7628 --- [WMS] [main] o.hibernate.jpa.internal.util.LogHelper  : HHH000204: Processing PersistenceUnitInfo [name: default]
2024-12-08T13:11:36.675+03:00  INFO 7628 --- [WMS] [main] org.hibernate.Version                    : HHH000412: Hibernate ORM core version 6.5.3.Final
2024-12-08T13:11:36.710+03:00  INFO 7628 --- [WMS] [main] o.h.c.internal.RegionFactoryInitiator    : HHH000026: Second-level cache disabled
2024-12-08T13:11:36.972+03:00  INFO 7628 --- [WMS] [main] o.s.o.j.p.SpringPersistenceUnitInfo      : No LoadTimeWeaver setup: ignoring JPA class transformer
2024-12-08T13:11:37.901+03:00  INFO 7628 --- [WMS] [main] o.h.e.t.j.p.i.JtaPlatformInitiator       : HHH000489: No JTA platform available (set 'hibernate.transaction.jta.platform' to enable JTA platform integration)
2024-12-08T13:11:37.904+03:00  INFO 7628 --- [WMS] [main] j.LocalContainerEntityManagerFactoryBean : Initialized JPA EntityManagerFactory for persistence unit 'default'
2024-12-08T13:11:38.273+03:00  WARN 7628 --- [WMS] [main] JpaBaseConfiguration$JpaWebConfiguration : spring.jpa.open-in-view is enabled by default. Therefore, database queries may be performed during view rendering. Explicitly configure spring.jpa.open-in-view to disable this warning
2024-12-08T13:11:38.592+03:00  INFO 7628 --- [WMS] [main] o.s.b.w.embedded.tomcat.TomcatWebServer  : Tomcat started on port 8080 (http) with context path '/'
2024-12-08T13:11:38.598+03:00  INFO 7628 --- [WMS] [main] com.warehouse.WMS.WmsApplication         : Started WmsApplication in 4.291 seconds (process running for 4.971)
2024-12-08T13:11:59.347+03:00  INFO 7628 --- [WMS] [http-nio-8080-exec-1] o.a.c.c.C.[Tomcat].[localhost].[/]       : Initializing Spring DispatcherServlet 'dispatcherServlet'
2024-12-08T13:11:59.347+03:00  INFO 7628 --- [WMS] [http-nio-8080-exec-1] o.s.web.servlet.DispatcherServlet        : Initializing Servlet 'dispatcherServlet'
2024-12-08T13:11:59.348+03:00  INFO 7628 --- [WMS] [http-nio-8080-exec-1] o.s.web.servlet.DispatcherServlet        : Completed initialization in 1 ms
2024-12-08T13:11:59.441+03:00  INFO 7628 --- [WMS] [http-nio-8080-exec-1] c.w.W.order.services.CreateOrderService  : Получение компонентов orderDTO : OrderDTO(id=44, orderDate=2024-10-15, deliveryDate=2024-10-25, components=[ComponentDTO(id=28, name=Системный блок Thermaltake, category=Корпус, manufacture=Thermaltake, model=V200, price=100)], quantities=[10], totalQuantity=10, status=Готовится к отправке)
 getComponents(): [ComponentDTO(id=28, name=Системный блок Thermaltake, category=Корпус, manufacture=Thermaltake, model=V200, price=100)]
2024-12-08T13:11:59.444+03:00  INFO 7628 --- [WMS] [http-nio-8080-exec-1] c.w.W.order.services.CreateOrderService  : Получение всех комплектующих заказа, которые уже есть в базе данных
2024-12-08T13:11:59.539+03:00  INFO 7628 --- [WMS] [http-nio-8080-exec-1] c.w.W.order.services.CreateOrderService  : Устанавливание связей между таблицами заказа и комплектующего
2024-12-08T13:11:59.613+03:00  INFO 7628 --- [WMS] [http-nio-8080-exec-1] c.w.W.order.services.CreateOrderService  : Сохрание заказа в базу данных
2024-12-08T13:12:06.634+03:00  INFO 7628 --- [WMS] [http-nio-8080-exec-3] c.w.W.order.services.CreateOrderService  : Получение компонентов orderDTO : OrderDTO(id=45, orderDate=2024-10-16, deliveryDate=2024-10-26, components=[ComponentDTO(id=29, name=Память G.Skill, category=Оперативная память, manufacture=G.Skill, model=Ripjaws V 32GB, price=150)], quantities=[9], totalQuantity=9, status=Готовится к отправке)
 getComponents(): [ComponentDTO(id=29, name=Память G.Skill, category=Оперативная память, manufacture=G.Skill, model=Ripjaws V 32GB, price=150)]
2024-12-08T13:12:06.634+03:00  INFO 7628 --- [WMS] [http-nio-8080-exec-3] c.w.W.order.services.CreateOrderService  : Получение всех комплектующих заказа, которые уже есть в базе данных
2024-12-08T13:12:06.636+03:00  INFO 7628 --- [WMS] [http-nio-8080-exec-3] c.w.W.order.services.CreateOrderService  : Устанавливание связей между таблицами заказа и комплектующего
2024-12-08T13:12:06.655+03:00  INFO 7628 --- [WMS] [http-nio-8080-exec-3] c.w.W.order.services.CreateOrderService  : Сохрание заказа в базу данных
2024-12-08T13:12:13.484+03:00  INFO 7628 --- [WMS] [http-nio-8080-exec-2] c.w.W.order.services.CreateOrderService  : Получение компонентов orderDTO : OrderDTO(id=46, orderDate=2024-10-17, deliveryDate=2024-10-27, components=[ComponentDTO(id=30, name=Клавиатура SteelSeries, category=Клавиатура, manufacture=SteelSeries, model=Apex 7, price=130)], quantities=[10], totalQuantity=10, status=Готовится к отправке)
 getComponents(): [ComponentDTO(id=30, name=Клавиатура SteelSeries, category=Клавиатура, manufacture=SteelSeries, model=Apex 7, price=130)]
2024-12-08T13:12:13.484+03:00  INFO 7628 --- [WMS] [http-nio-8080-exec-2] c.w.W.order.services.CreateOrderService  : Получение всех комплектующих заказа, которые уже есть в базе данных
2024-12-08T13:12:13.487+03:00  INFO 7628 --- [WMS] [http-nio-8080-exec-2] c.w.W.order.services.CreateOrderService  : Устанавливание связей между таблицами заказа и комплектующего
2024-12-08T13:12:13.506+03:00  INFO 7628 --- [WMS] [http-nio-8080-exec-2] c.w.W.order.services.CreateOrderService  : Сохрание заказа в базу данных
2024-12-08T13:12:20.419+03:00  INFO 7628 --- [WMS] [http-nio-8080-exec-4] c.w.W.order.services.CreateOrderService  : Получение компонентов orderDTO : OrderDTO(id=47, orderDate=2024-10-18, deliveryDate=2024-10-28, components=[ComponentDTO(id=31, name=Мышь Corsair, category=Компьютерная мышь, manufacture=Corsair, model=M65 RGB Elite, price=80)], quantities=[16], totalQuantity=16, status=Готовится к отправке)
 getComponents(): [ComponentDTO(id=31, name=Мышь Corsair, category=Компьютерная мышь, manufacture=Corsair, model=M65 RGB Elite, price=80)]
2024-12-08T13:12:20.419+03:00  INFO 7628 --- [WMS] [http-nio-8080-exec-4] c.w.W.order.services.CreateOrderService  : Получение всех комплектующих заказа, которые уже есть в базе данных
2024-12-08T13:12:20.422+03:00  INFO 7628 --- [WMS] [http-nio-8080-exec-4] c.w.W.order.services.CreateOrderService  : Устанавливание связей между таблицами заказа и комплектующего
2024-12-08T13:12:20.440+03:00  INFO 7628 --- [WMS] [http-nio-8080-exec-4] c.w.W.order.services.CreateOrderService  : Сохрание заказа в базу данных
2024-12-08T13:12:25.760+03:00  INFO 7628 --- [WMS] [http-nio-8080-exec-5] c.w.W.order.services.CreateOrderService  : Получение компонентов orderDTO : OrderDTO(id=48, orderDate=2024-10-19, deliveryDate=2024-10-29, components=[ComponentDTO(id=32, name=Внешний SSD Samsung, category=Накопитель, manufacture=Samsung, model=T7 1TB, price=150)], quantities=[7], totalQuantity=7, status=Готовится к отправке)
 getComponents(): [ComponentDTO(id=32, name=Внешний SSD Samsung, category=Накопитель, manufacture=Samsung, model=T7 1TB, price=150)]
2024-12-08T13:12:25.760+03:00  INFO 7628 --- [WMS] [http-nio-8080-exec-5] c.w.W.order.services.CreateOrderService  : Получение всех комплектующих заказа, которые уже есть в базе данных
2024-12-08T13:12:25.763+03:00  INFO 7628 --- [WMS] [http-nio-8080-exec-5] c.w.W.order.services.CreateOrderService  : Устанавливание связей между таблицами заказа и комплектующего
2024-12-08T13:12:25.781+03:00  INFO 7628 --- [WMS] [http-nio-8080-exec-5] c.w.W.order.services.CreateOrderService  : Сохрание заказа в базу данных
2024-12-08T13:12:39.416+03:00  INFO 7628 --- [WMS] [http-nio-8080-exec-6] c.w.W.o.s.GetOrdersByStatusService       : Преобразование статуса В исполнении в id
2024-12-08T13:12:39.416+03:00  INFO 7628 --- [WMS] [http-nio-8080-exec-6] c.w.W.o.s.GetOrdersByStatusService       : Получение заказов со статутсом id 2
2024-12-08T13:12:39.437+03:00  INFO 7628 --- [WMS] [http-nio-8080-exec-7] c.w.W.o.s.GetOrdersByStatusService       : Преобразование статуса В исполнении в id
2024-12-08T13:12:39.437+03:00  INFO 7628 --- [WMS] [http-nio-8080-exec-7] c.w.W.o.s.GetOrdersByStatusService       : Получение заказов со статутсом id 2
2024-12-08T13:12:39.439+03:00  INFO 7628 --- [WMS] [http-nio-8080-exec-10] c.w.W.o.s.GetOrdersByStatusService       : Преобразование статуса Готовится к отправке в id
2024-12-08T13:12:39.439+03:00  INFO 7628 --- [WMS] [http-nio-8080-exec-10] c.w.W.o.s.GetOrdersByStatusService       : Получение заказов со статутсом id 4
2024-12-08T13:12:39.452+03:00  INFO 7628 --- [WMS] [http-nio-8080-exec-9] c.w.W.o.s.GetOrdersByStatusService       : Преобразование статуса Готовится к отправке в id
2024-12-08T13:12:39.452+03:00  INFO 7628 --- [WMS] [http-nio-8080-exec-9] c.w.W.o.s.GetOrdersByStatusService       : Получение заказов со статутсом id 4
2024-12-08T13:12:41.356+03:00  INFO 7628 --- [WMS] [http-nio-8080-exec-3] c.w.W.o.s.GetOrdersByStatusService       : Преобразование статуса В исполнении в id
2024-12-08T13:12:41.356+03:00  INFO 7628 --- [WMS] [http-nio-8080-exec-3] c.w.W.o.s.GetOrdersByStatusService       : Получение заказов со статутсом id 2
2024-12-08T13:12:41.363+03:00  INFO 7628 --- [WMS] [http-nio-8080-exec-2] c.w.W.o.s.GetOrdersByStatusService       : Преобразование статуса Готовится к отправке в id
2024-12-08T13:12:41.363+03:00  INFO 7628 --- [WMS] [http-nio-8080-exec-2] c.w.W.o.s.GetOrdersByStatusService       : Получение заказов со статутсом id 4
2024-12-08T13:12:41.791+03:00  INFO 7628 --- [WMS] [http-nio-8080-exec-6] c.w.W.o.s.GetOrdersByStatusService       : Преобразование статуса В исполнении в id
2024-12-08T13:12:41.791+03:00  INFO 7628 --- [WMS] [http-nio-8080-exec-6] c.w.W.o.s.GetOrdersByStatusService       : Получение заказов со статутсом id 2
2024-12-08T13:12:41.798+03:00  INFO 7628 --- [WMS] [http-nio-8080-exec-7] c.w.W.o.s.GetOrdersByStatusService       : Преобразование статуса Готовится к отправке в id
2024-12-08T13:12:41.798+03:00  INFO 7628 --- [WMS] [http-nio-8080-exec-7] c.w.W.o.s.GetOrdersByStatusService       : Получение заказов со статутсом id 4
2024-12-08T13:12:42.142+03:00  INFO 7628 --- [WMS] [http-nio-8080-exec-8] c.w.W.o.s.GetOrdersByStatusService       : Преобразование статуса В исполнении в id
2024-12-08T13:12:42.142+03:00  INFO 7628 --- [WMS] [http-nio-8080-exec-8] c.w.W.o.s.GetOrdersByStatusService       : Получение заказов со статутсом id 2
2024-12-08T13:12:42.149+03:00  INFO 7628 --- [WMS] [http-nio-8080-exec-1] c.w.W.o.s.GetOrdersByStatusService       : Преобразование статуса Готовится к отправке в id
2024-12-08T13:12:42.149+03:00  INFO 7628 --- [WMS] [http-nio-8080-exec-1] c.w.W.o.s.GetOrdersByStatusService       : Получение заказов со статутсом id 4
2024-12-08T13:12:42.457+03:00  INFO 7628 --- [WMS] [http-nio-8080-exec-4] c.w.W.o.s.GetOrdersByStatusService       : Преобразование статуса В исполнении в id
2024-12-08T13:12:42.457+03:00  INFO 7628 --- [WMS] [http-nio-8080-exec-4] c.w.W.o.s.GetOrdersByStatusService       : Получение заказов со статутсом id 2
2024-12-08T13:12:42.463+03:00  INFO 7628 --- [WMS] [http-nio-8080-exec-5] c.w.W.o.s.GetOrdersByStatusService       : Преобразование статуса Готовится к отправке в id
2024-12-08T13:12:42.463+03:00  INFO 7628 --- [WMS] [http-nio-8080-exec-5] c.w.W.o.s.GetOrdersByStatusService       : Получение заказов со статутсом id 4
2024-12-08T13:12:42.845+03:00  INFO 7628 --- [WMS] [http-nio-8080-exec-10] c.w.W.o.s.GetOrdersByStatusService       : Преобразование статуса В исполнении в id
2024-12-08T13:12:42.845+03:00  INFO 7628 --- [WMS] [http-nio-8080-exec-10] c.w.W.o.s.GetOrdersByStatusService       : Получение заказов со статутсом id 2
2024-12-08T13:12:42.851+03:00  INFO 7628 --- [WMS] [http-nio-8080-exec-9] c.w.W.o.s.GetOrdersByStatusService       : Преобразование статуса Готовится к отправке в id
2024-12-08T13:12:42.852+03:00  INFO 7628 --- [WMS] [http-nio-8080-exec-9] c.w.W.o.s.GetOrdersByStatusService       : Получение заказов со статутсом id 4
2024-12-08T13:13:13.760+03:00  INFO 7628 --- [WMS] [SpringApplicationShutdownHook] j.LocalContainerEntityManagerFactoryBean : Closing JPA EntityManagerFactory for persistence unit 'default'
2024-12-08T13:13:13.761+03:00  INFO 7628 --- [WMS] [SpringApplicationShutdownHook] com.zaxxer.hikari.HikariDataSource       : HikariPool-1 - Shutdown initiated...
2024-12-08T13:13:13.766+03:00  INFO 7628 --- [WMS] [SpringApplicationShutdownHook] com.zaxxer.hikari.HikariDataSource       : HikariPool-1 - Shutdown completed.
2024-12-08T13:13:17.632+03:00  INFO 12012 --- [WMS] [main] com.warehouse.WMS.WmsApplication         : Starting WmsApplication using Java 22.0.2 with PID 12012 (C:\Users\Vadim\Desktop\WMS\target\classes started by Vadim in C:\Users\Vadim\Desktop\WMS)
2024-12-08T13:13:17.634+03:00  INFO 12012 --- [WMS] [main] com.warehouse.WMS.WmsApplication         : No active profile set, falling back to 1 default profile: "default"
2024-12-08T13:13:18.264+03:00  INFO 12012 --- [WMS] [main] .s.d.r.c.RepositoryConfigurationDelegate : Bootstrapping Spring Data JPA repositories in DEFAULT mode.
2024-12-08T13:13:18.318+03:00  INFO 12012 --- [WMS] [main] .s.d.r.c.RepositoryConfigurationDelegate : Finished Spring Data repository scanning in 48 ms. Found 5 JPA repository interfaces.
2024-12-08T13:13:18.676+03:00  INFO 12012 --- [WMS] [main] o.s.b.w.embedded.tomcat.TomcatWebServer  : Tomcat initialized with port 8080 (http)
2024-12-08T13:13:18.687+03:00  INFO 12012 --- [WMS] [main] o.apache.catalina.core.StandardService   : Starting service [Tomcat]
2024-12-08T13:13:18.688+03:00  INFO 12012 --- [WMS] [main] o.apache.catalina.core.StandardEngine    : Starting Servlet engine: [Apache Tomcat/10.1.31]
2024-12-08T13:13:18.733+03:00  INFO 12012 --- [WMS] [main] o.a.c.c.C.[Tomcat].[localhost].[/]       : Initializing Spring embedded WebApplicationContext
2024-12-08T13:13:18.733+03:00  INFO 12012 --- [WMS] [main] w.s.c.ServletWebServerApplicationContext : Root WebApplicationContext: initialization completed in 1062 ms
2024-12-08T13:13:18.829+03:00  INFO 12012 --- [WMS] [main] com.zaxxer.hikari.HikariDataSource       : HikariPool-1 - Starting...
2024-12-08T13:13:19.098+03:00  INFO 12012 --- [WMS] [main] com.zaxxer.hikari.pool.HikariPool        : HikariPool-1 - Added connection com.mysql.cj.jdbc.ConnectionImpl@54247647
2024-12-08T13:13:19.099+03:00  INFO 12012 --- [WMS] [main] com.zaxxer.hikari.HikariDataSource       : HikariPool-1 - Start completed.
2024-12-08T13:13:19.129+03:00  INFO 12012 --- [WMS] [main] o.hibernate.jpa.internal.util.LogHelper  : HHH000204: Processing PersistenceUnitInfo [name: default]
2024-12-08T13:13:19.168+03:00  INFO 12012 --- [WMS] [main] org.hibernate.Version                    : HHH000412: Hibernate ORM core version 6.5.3.Final
2024-12-08T13:13:19.193+03:00  INFO 12012 --- [WMS] [main] o.h.c.internal.RegionFactoryInitiator    : HHH000026: Second-level cache disabled
2024-12-08T13:13:19.430+03:00  INFO 12012 --- [WMS] [main] o.s.o.j.p.SpringPersistenceUnitInfo      : No LoadTimeWeaver setup: ignoring JPA class transformer
2024-12-08T13:13:20.278+03:00  INFO 12012 --- [WMS] [main] o.h.e.t.j.p.i.JtaPlatformInitiator       : HHH000489: No JTA platform available (set 'hibernate.transaction.jta.platform' to enable JTA platform integration)
2024-12-08T13:13:20.281+03:00  INFO 12012 --- [WMS] [main] j.LocalContainerEntityManagerFactoryBean : Initialized JPA EntityManagerFactory for persistence unit 'default'
2024-12-08T13:13:20.628+03:00  WARN 12012 --- [WMS] [main] JpaBaseConfiguration$JpaWebConfiguration : spring.jpa.open-in-view is enabled by default. Therefore, database queries may be performed during view rendering. Explicitly configure spring.jpa.open-in-view to disable this warning
2024-12-08T13:13:20.950+03:00  INFO 12012 --- [WMS] [main] o.s.b.w.embedded.tomcat.TomcatWebServer  : Tomcat started on port 8080 (http) with context path '/'
2024-12-08T13:13:20.958+03:00  INFO 12012 --- [WMS] [main] com.warehouse.WMS.WmsApplication         : Started WmsApplication in 3.67 seconds (process running for 4.179)
2024-12-08T13:13:31.947+03:00  INFO 12012 --- [WMS] [http-nio-8080-exec-1] o.a.c.c.C.[Tomcat].[localhost].[/]       : Initializing Spring DispatcherServlet 'dispatcherServlet'
2024-12-08T13:13:31.947+03:00  INFO 12012 --- [WMS] [http-nio-8080-exec-1] o.s.web.servlet.DispatcherServlet        : Initializing Servlet 'dispatcherServlet'
2024-12-08T13:13:31.948+03:00  INFO 12012 --- [WMS] [http-nio-8080-exec-1] o.s.web.servlet.DispatcherServlet        : Completed initialization in 0 ms
2024-12-08T13:13:32.158+03:00  INFO 12012 --- [WMS] [http-nio-8080-exec-1] c.w.W.o.s.DemandAnalysisOrderService     : [OrderDTO(id=2, orderDate=2024-11-02, deliveryDate=2024-11-12, components=[ComponentDTO(id=6, name=Оперативная память Corsair, category=Оперативная память, manufacture=Corsair, model=Vengeance LPX 16GB, price=116), ComponentDTO(id=12, name=Корпус NZXT, category=Корпус, manufacture=NZXT, model=H510 Elite, price=260)], quantities=[-12, 10], totalQuantity=-2, status=Завершен), OrderDTO(id=1, orderDate=2024-11-01, deliveryDate=2024-11-10, components=[ComponentDTO(id=11, name=Внешний жёсткий диск Seagate, category=Накопитель, manufacture=Seagate, model=Backup Plus 4TB, price=230), ComponentDTO(id=18, name=SSD Kingston, category=Накопитель, manufacture=Kingston, model=A2000 1TB, price=100)], quantities=[15, -8], totalQuantity=7, status=Завершен), OrderDTO(id=3, orderDate=2024-11-03, deliveryDate=2024-11-13, components=[ComponentDTO(id=13, name=Вентилятор Noctua, category=Система охлаждения, manufacture=Noctua, model=NF-A12x25 PWM, price=45), ComponentDTO(id=19, name=Видеокарта ASUS, category=Видеокарта, manufacture=ASUS, model=ROG Strix RTX 3060, price=550)], quantities=[20, -5], totalQuantity=15, status=Завершен), OrderDTO(id=4, orderDate=2024-11-04, deliveryDate=2024-11-14, components=[ComponentDTO(id=14, name=Материнская плата ASUS, category=Материнская плата, manufacture=ASUS, model=ROG Strix Z490-E, price=560), ComponentDTO(id=20, name=Блок питания Seasonic, category=Блок питания, manufacture=Seasonic, model=Focus GX-750, price=120)], quantities=[10, -4], totalQuantity=6, status=Завершен), OrderDTO(id=5, orderDate=2024-11-05, deliveryDate=2024-11-15, components=[ComponentDTO(id=15, name=Игровой монитор Xiaomi Redmi, category=Монитор, manufacture=Xiaomi Redmi, model=G24 A24FAA-RG, price=335), ComponentDTO(id=21, name=Кулер Noctua, category=Система охлаждения, manufacture=Noctua, model=NH-D15, price=90)], quantities=[8, -6], totalQuantity=2, status=Завершен), OrderDTO(id=38, orderDate=2024-11-06, deliveryDate=2024-11-16, components=[ComponentDTO(id=22, name=Материнская плата MSI, category=Материнская плата, manufacture=MSI, model=B550-A PRO, price=150)], quantities=[-3], totalQuantity=-3, status=Завершен), OrderDTO(id=39, orderDate=2024-11-07, deliveryDate=2024-11-17, components=[ComponentDTO(id=23, name=Монитор LG, category=Монитор, manufacture=LG, model=UltraGear 27GN950, price=900)], quantities=[-1], totalQuantity=-1, status=Завершен), OrderDTO(id=40, orderDate=2024-11-08, deliveryDate=2024-11-18, components=[ComponentDTO(id=24, name=Клавиатура Razer, category=Клавиатура, manufacture=Razer, model=BlackWidow V3, price=130)], quantities=[-9], totalQuantity=-9, status=Завершен), OrderDTO(id=41, orderDate=2024-10-09, deliveryDate=2024-10-19, components=[ComponentDTO(id=25, name=Мышь Logitech, category=Компьютерная мышь, manufacture=Logitech, model=G502 HERO, price=50)], quantities=[-23], totalQuantity=-23, status=Завершен), OrderDTO(id=42, orderDate=2024-10-10, deliveryDate=2024-10-20, components=[ComponentDTO(id=26, name=Внешний жесткий диск WD, category=Накопитель, manufacture=Western Digital, model=My Passport 4TB, price=120)], quantities=[-6], totalQuantity=-6, status=Завершен), OrderDTO(id=43, orderDate=2024-10-13, deliveryDate=2024-10-23, components=[ComponentDTO(id=27, name=Кулер Arctic, category=Система охлаждения, manufacture=Arctic, model=Freezer 34 eSports DUO, price=70)], quantities=[-12], totalQuantity=-12, status=Завершен), OrderDTO(id=44, orderDate=2024-10-15, deliveryDate=2024-10-25, components=[ComponentDTO(id=28, name=Системный блок Thermaltake, category=Корпус, manufacture=Thermaltake, model=V200, price=100)], quantities=[-10], totalQuantity=-10, status=Завершен), OrderDTO(id=45, orderDate=2024-10-16, deliveryDate=2024-10-26, components=[ComponentDTO(id=29, name=Память G.Skill, category=Оперативная память, manufacture=G.Skill, model=Ripjaws V 32GB, price=150)], quantities=[-9], totalQuantity=-9, status=Завершен), OrderDTO(id=46, orderDate=2024-10-17, deliveryDate=2024-10-27, components=[ComponentDTO(id=30, name=Клавиатура SteelSeries, category=Клавиатура, manufacture=SteelSeries, model=Apex 7, price=130)], quantities=[-10], totalQuantity=-10, status=Завершен), OrderDTO(id=47, orderDate=2024-10-18, deliveryDate=2024-10-28, components=[ComponentDTO(id=31, name=Мышь Corsair, category=Компьютерная мышь, manufacture=Corsair, model=M65 RGB Elite, price=80)], quantities=[-16], totalQuantity=-16, status=Завершен), OrderDTO(id=48, orderDate=2024-10-19, deliveryDate=2024-10-29, components=[ComponentDTO(id=32, name=Внешний SSD Samsung, category=Накопитель, manufacture=Samsung, model=T7 1TB, price=150)], quantities=[-7], totalQuantity=-7, status=Завершен)]
2024-12-08T13:13:32.258+03:00  INFO 12012 --- [WMS] [http-nio-8080-exec-2] c.w.W.o.s.DemandAnalysisOrderService     : [OrderDTO(id=2, orderDate=2024-11-02, deliveryDate=2024-11-12, components=[ComponentDTO(id=6, name=Оперативная память Corsair, category=Оперативная память, manufacture=Corsair, model=Vengeance LPX 16GB, price=116), ComponentDTO(id=12, name=Корпус NZXT, category=Корпус, manufacture=NZXT, model=H510 Elite, price=260)], quantities=[-12, 10], totalQuantity=-2, status=Завершен), OrderDTO(id=1, orderDate=2024-11-01, deliveryDate=2024-11-10, components=[ComponentDTO(id=11, name=Внешний жёсткий диск Seagate, category=Накопитель, manufacture=Seagate, model=Backup Plus 4TB, price=230), ComponentDTO(id=18, name=SSD Kingston, category=Накопитель, manufacture=Kingston, model=A2000 1TB, price=100)], quantities=[15, -8], totalQuantity=7, status=Завершен), OrderDTO(id=3, orderDate=2024-11-03, deliveryDate=2024-11-13, components=[ComponentDTO(id=13, name=Вентилятор Noctua, category=Система охлаждения, manufacture=Noctua, model=NF-A12x25 PWM, price=45), ComponentDTO(id=19, name=Видеокарта ASUS, category=Видеокарта, manufacture=ASUS, model=ROG Strix RTX 3060, price=550)], quantities=[20, -5], totalQuantity=15, status=Завершен), OrderDTO(id=4, orderDate=2024-11-04, deliveryDate=2024-11-14, components=[ComponentDTO(id=14, name=Материнская плата ASUS, category=Материнская плата, manufacture=ASUS, model=ROG Strix Z490-E, price=560), ComponentDTO(id=20, name=Блок питания Seasonic, category=Блок питания, manufacture=Seasonic, model=Focus GX-750, price=120)], quantities=[10, -4], totalQuantity=6, status=Завершен), OrderDTO(id=5, orderDate=2024-11-05, deliveryDate=2024-11-15, components=[ComponentDTO(id=15, name=Игровой монитор Xiaomi Redmi, category=Монитор, manufacture=Xiaomi Redmi, model=G24 A24FAA-RG, price=335), ComponentDTO(id=21, name=Кулер Noctua, category=Система охлаждения, manufacture=Noctua, model=NH-D15, price=90)], quantities=[8, -6], totalQuantity=2, status=Завершен), OrderDTO(id=38, orderDate=2024-11-06, deliveryDate=2024-11-16, components=[ComponentDTO(id=22, name=Материнская плата MSI, category=Материнская плата, manufacture=MSI, model=B550-A PRO, price=150)], quantities=[-3], totalQuantity=-3, status=Завершен), OrderDTO(id=39, orderDate=2024-11-07, deliveryDate=2024-11-17, components=[ComponentDTO(id=23, name=Монитор LG, category=Монитор, manufacture=LG, model=UltraGear 27GN950, price=900)], quantities=[-1], totalQuantity=-1, status=Завершен), OrderDTO(id=40, orderDate=2024-11-08, deliveryDate=2024-11-18, components=[ComponentDTO(id=24, name=Клавиатура Razer, category=Клавиатура, manufacture=Razer, model=BlackWidow V3, price=130)], quantities=[-9], totalQuantity=-9, status=Завершен), OrderDTO(id=41, orderDate=2024-10-09, deliveryDate=2024-10-19, components=[ComponentDTO(id=25, name=Мышь Logitech, category=Компьютерная мышь, manufacture=Logitech, model=G502 HERO, price=50)], quantities=[-23], totalQuantity=-23, status=Завершен), OrderDTO(id=42, orderDate=2024-10-10, deliveryDate=2024-10-20, components=[ComponentDTO(id=26, name=Внешний жесткий диск WD, category=Накопитель, manufacture=Western Digital, model=My Passport 4TB, price=120)], quantities=[-6], totalQuantity=-6, status=Завершен), OrderDTO(id=43, orderDate=2024-10-13, deliveryDate=2024-10-23, components=[ComponentDTO(id=27, name=Кулер Arctic, category=Система охлаждения, manufacture=Arctic, model=Freezer 34 eSports DUO, price=70)], quantities=[-12], totalQuantity=-12, status=Завершен), OrderDTO(id=44, orderDate=2024-10-15, deliveryDate=2024-10-25, components=[ComponentDTO(id=28, name=Системный блок Thermaltake, category=Корпус, manufacture=Thermaltake, model=V200, price=100)], quantities=[-10], totalQuantity=-10, status=Завершен), OrderDTO(id=45, orderDate=2024-10-16, deliveryDate=2024-10-26, components=[ComponentDTO(id=29, name=Память G.Skill, category=Оперативная память, manufacture=G.Skill, model=Ripjaws V 32GB, price=150)], quantities=[-9], totalQuantity=-9, status=Завершен), OrderDTO(id=46, orderDate=2024-10-17, deliveryDate=2024-10-27, components=[ComponentDTO(id=30, name=Клавиатура SteelSeries, category=Клавиатура, manufacture=SteelSeries, model=Apex 7, price=130)], quantities=[-10], totalQuantity=-10, status=Завершен), OrderDTO(id=47, orderDate=2024-10-18, deliveryDate=2024-10-28, components=[ComponentDTO(id=31, name=Мышь Corsair, category=Компьютерная мышь, manufacture=Corsair, model=M65 RGB Elite, price=80)], quantities=[-16], totalQuantity=-16, status=Завершен), OrderDTO(id=48, orderDate=2024-10-19, deliveryDate=2024-10-29, components=[ComponentDTO(id=32, name=Внешний SSD Samsung, category=Накопитель, manufacture=Samsung, model=T7 1TB, price=150)], quantities=[-7], totalQuantity=-7, status=Завершен)]
2024-12-08T13:13:41.989+03:00  INFO 12012 --- [WMS] [SpringApplicationShutdownHook] j.LocalContainerEntityManagerFactoryBean : Closing JPA EntityManagerFactory for persistence unit 'default'
2024-12-08T13:13:41.990+03:00  INFO 12012 --- [WMS] [SpringApplicationShutdownHook] com.zaxxer.hikari.HikariDataSource       : HikariPool-1 - Shutdown initiated...
2024-12-08T13:13:41.994+03:00  INFO 12012 --- [WMS] [SpringApplicationShutdownHook] com.zaxxer.hikari.HikariDataSource       : HikariPool-1 - Shutdown completed.
2024-12-08T13:15:30.281+03:00  INFO 6812 --- [WMS] [main] com.warehouse.WMS.WmsApplication         : Starting WmsApplication using Java 22.0.2 with PID 6812 (C:\Users\Vadim\Desktop\WMS\target\classes started by Vadim in C:\Users\Vadim\Desktop\WMS)
2024-12-08T13:15:30.283+03:00  INFO 6812 --- [WMS] [main] com.warehouse.WMS.WmsApplication         : No active profile set, falling back to 1 default profile: "default"
2024-12-08T13:15:30.945+03:00  INFO 6812 --- [WMS] [main] .s.d.r.c.RepositoryConfigurationDelegate : Bootstrapping Spring Data JPA repositories in DEFAULT mode.
2024-12-08T13:15:30.999+03:00  INFO 6812 --- [WMS] [main] .s.d.r.c.RepositoryConfigurationDelegate : Finished Spring Data repository scanning in 48 ms. Found 5 JPA repository interfaces.
2024-12-08T13:15:31.371+03:00  INFO 6812 --- [WMS] [main] o.s.b.w.embedded.tomcat.TomcatWebServer  : Tomcat initialized with port 8080 (http)
2024-12-08T13:15:31.383+03:00  INFO 6812 --- [WMS] [main] o.apache.catalina.core.StandardService   : Starting service [Tomcat]
2024-12-08T13:15:31.383+03:00  INFO 6812 --- [WMS] [main] o.apache.catalina.core.StandardEngine    : Starting Servlet engine: [Apache Tomcat/10.1.31]
2024-12-08T13:15:31.430+03:00  INFO 6812 --- [WMS] [main] o.a.c.c.C.[Tomcat].[localhost].[/]       : Initializing Spring embedded WebApplicationContext
2024-12-08T13:15:31.430+03:00  INFO 6812 --- [WMS] [main] w.s.c.ServletWebServerApplicationContext : Root WebApplicationContext: initialization completed in 1105 ms
2024-12-08T13:15:31.531+03:00  INFO 6812 --- [WMS] [main] com.zaxxer.hikari.HikariDataSource       : HikariPool-1 - Starting...
2024-12-08T13:15:31.813+03:00  INFO 6812 --- [WMS] [main] com.zaxxer.hikari.pool.HikariPool        : HikariPool-1 - Added connection com.mysql.cj.jdbc.ConnectionImpl@5b742bc8
2024-12-08T13:15:31.815+03:00  INFO 6812 --- [WMS] [main] com.zaxxer.hikari.HikariDataSource       : HikariPool-1 - Start completed.
2024-12-08T13:15:31.845+03:00  INFO 6812 --- [WMS] [main] o.hibernate.jpa.internal.util.LogHelper  : HHH000204: Processing PersistenceUnitInfo [name: default]
2024-12-08T13:15:31.884+03:00  INFO 6812 --- [WMS] [main] org.hibernate.Version                    : HHH000412: Hibernate ORM core version 6.5.3.Final
2024-12-08T13:15:31.909+03:00  INFO 6812 --- [WMS] [main] o.h.c.internal.RegionFactoryInitiator    : HHH000026: Second-level cache disabled
2024-12-08T13:15:32.171+03:00  INFO 6812 --- [WMS] [main] o.s.o.j.p.SpringPersistenceUnitInfo      : No LoadTimeWeaver setup: ignoring JPA class transformer
2024-12-08T13:15:33.062+03:00  INFO 6812 --- [WMS] [main] o.h.e.t.j.p.i.JtaPlatformInitiator       : HHH000489: No JTA platform available (set 'hibernate.transaction.jta.platform' to enable JTA platform integration)
2024-12-08T13:15:33.064+03:00  INFO 6812 --- [WMS] [main] j.LocalContainerEntityManagerFactoryBean : Initialized JPA EntityManagerFactory for persistence unit 'default'
2024-12-08T13:15:33.473+03:00  WARN 6812 --- [WMS] [main] JpaBaseConfiguration$JpaWebConfiguration : spring.jpa.open-in-view is enabled by default. Therefore, database queries may be performed during view rendering. Explicitly configure spring.jpa.open-in-view to disable this warning
2024-12-08T13:15:33.829+03:00  INFO 6812 --- [WMS] [main] o.s.b.w.embedded.tomcat.TomcatWebServer  : Tomcat started on port 8080 (http) with context path '/'
2024-12-08T13:15:33.836+03:00  INFO 6812 --- [WMS] [main] com.warehouse.WMS.WmsApplication         : Started WmsApplication in 3.962 seconds (process running for 4.561)
2024-12-08T13:15:35.238+03:00  INFO 6812 --- [WMS] [http-nio-8080-exec-1] o.a.c.c.C.[Tomcat].[localhost].[/]       : Initializing Spring DispatcherServlet 'dispatcherServlet'
2024-12-08T13:15:35.238+03:00  INFO 6812 --- [WMS] [http-nio-8080-exec-1] o.s.web.servlet.DispatcherServlet        : Initializing Servlet 'dispatcherServlet'
2024-12-08T13:15:35.239+03:00  INFO 6812 --- [WMS] [http-nio-8080-exec-1] o.s.web.servlet.DispatcherServlet        : Completed initialization in 1 ms
2024-12-08T13:15:35.474+03:00  INFO 6812 --- [WMS] [http-nio-8080-exec-1] c.w.W.o.s.DemandAnalysisOrderService     : [OrderDTO(id=2, orderDate=2024-11-02, deliveryDate=2024-11-12, components=[ComponentDTO(id=6, name=Оперативная память Corsair, category=Оперативная память, manufacture=Corsair, model=Vengeance LPX 16GB, price=116), ComponentDTO(id=12, name=Корпус NZXT, category=Корпус, manufacture=NZXT, model=H510 Elite, price=260)], quantities=[-12, 10], totalQuantity=-2, status=Завершен), OrderDTO(id=1, orderDate=2024-11-01, deliveryDate=2024-11-10, components=[ComponentDTO(id=11, name=Внешний жёсткий диск Seagate, category=Накопитель, manufacture=Seagate, model=Backup Plus 4TB, price=230), ComponentDTO(id=18, name=SSD Kingston, category=Накопитель, manufacture=Kingston, model=A2000 1TB, price=100)], quantities=[15, -8], totalQuantity=7, status=Завершен), OrderDTO(id=3, orderDate=2024-11-03, deliveryDate=2024-11-13, components=[ComponentDTO(id=13, name=Вентилятор Noctua, category=Система охлаждения, manufacture=Noctua, model=NF-A12x25 PWM, price=45), ComponentDTO(id=19, name=Видеокарта ASUS, category=Видеокарта, manufacture=ASUS, model=ROG Strix RTX 3060, price=550)], quantities=[20, -5], totalQuantity=15, status=Завершен), OrderDTO(id=4, orderDate=2024-11-04, deliveryDate=2024-11-14, components=[ComponentDTO(id=14, name=Материнская плата ASUS, category=Материнская плата, manufacture=ASUS, model=ROG Strix Z490-E, price=560), ComponentDTO(id=20, name=Блок питания Seasonic, category=Блок питания, manufacture=Seasonic, model=Focus GX-750, price=120)], quantities=[10, -4], totalQuantity=6, status=Завершен), OrderDTO(id=5, orderDate=2024-11-05, deliveryDate=2024-11-15, components=[ComponentDTO(id=15, name=Игровой монитор Xiaomi Redmi, category=Монитор, manufacture=Xiaomi Redmi, model=G24 A24FAA-RG, price=335), ComponentDTO(id=21, name=Кулер Noctua, category=Система охлаждения, manufacture=Noctua, model=NH-D15, price=90)], quantities=[8, -6], totalQuantity=2, status=Завершен), OrderDTO(id=38, orderDate=2024-11-06, deliveryDate=2024-11-16, components=[ComponentDTO(id=22, name=Материнская плата MSI, category=Материнская плата, manufacture=MSI, model=B550-A PRO, price=150)], quantities=[-3], totalQuantity=-3, status=Завершен), OrderDTO(id=39, orderDate=2024-11-07, deliveryDate=2024-11-17, components=[ComponentDTO(id=23, name=Монитор LG, category=Монитор, manufacture=LG, model=UltraGear 27GN950, price=900)], quantities=[-1], totalQuantity=-1, status=Завершен), OrderDTO(id=40, orderDate=2024-11-08, deliveryDate=2024-11-18, components=[ComponentDTO(id=24, name=Клавиатура Razer, category=Клавиатура, manufacture=Razer, model=BlackWidow V3, price=130)], quantities=[-9], totalQuantity=-9, status=Завершен), OrderDTO(id=41, orderDate=2024-10-09, deliveryDate=2024-10-19, components=[ComponentDTO(id=25, name=Мышь Logitech, category=Компьютерная мышь, manufacture=Logitech, model=G502 HERO, price=50)], quantities=[-23], totalQuantity=-23, status=Завершен), OrderDTO(id=42, orderDate=2024-10-10, deliveryDate=2024-10-20, components=[ComponentDTO(id=26, name=Внешний жесткий диск WD, category=Накопитель, manufacture=Western Digital, model=My Passport 4TB, price=120)], quantities=[-6], totalQuantity=-6, status=Завершен), OrderDTO(id=43, orderDate=2024-10-13, deliveryDate=2024-10-23, components=[ComponentDTO(id=27, name=Кулер Arctic, category=Система охлаждения, manufacture=Arctic, model=Freezer 34 eSports DUO, price=70)], quantities=[-12], totalQuantity=-12, status=Завершен), OrderDTO(id=44, orderDate=2024-10-15, deliveryDate=2024-10-25, components=[ComponentDTO(id=28, name=Системный блок Thermaltake, category=Корпус, manufacture=Thermaltake, model=V200, price=100)], quantities=[-10], totalQuantity=-10, status=Завершен), OrderDTO(id=45, orderDate=2024-10-16, deliveryDate=2024-10-26, components=[ComponentDTO(id=29, name=Память G.Skill, category=Оперативная память, manufacture=G.Skill, model=Ripjaws V 32GB, price=150)], quantities=[-9], totalQuantity=-9, status=Завершен), OrderDTO(id=46, orderDate=2024-10-17, deliveryDate=2024-10-27, components=[ComponentDTO(id=30, name=Клавиатура SteelSeries, category=Клавиатура, manufacture=SteelSeries, model=Apex 7, price=130)], quantities=[-10], totalQuantity=-10, status=Завершен), OrderDTO(id=47, orderDate=2024-10-18, deliveryDate=2024-10-28, components=[ComponentDTO(id=31, name=Мышь Corsair, category=Компьютерная мышь, manufacture=Corsair, model=M65 RGB Elite, price=80)], quantities=[-16], totalQuantity=-16, status=Завершен), OrderDTO(id=48, orderDate=2024-10-19, deliveryDate=2024-10-29, components=[ComponentDTO(id=32, name=Внешний SSD Samsung, category=Накопитель, manufacture=Samsung, model=T7 1TB, price=150)], quantities=[-7], totalQuantity=-7, status=Завершен)]
2024-12-08T13:15:35.591+03:00  INFO 6812 --- [WMS] [http-nio-8080-exec-2] c.w.W.o.s.DemandAnalysisOrderService     : [OrderDTO(id=2, orderDate=2024-11-02, deliveryDate=2024-11-12, components=[ComponentDTO(id=6, name=Оперативная память Corsair, category=Оперативная память, manufacture=Corsair, model=Vengeance LPX 16GB, price=116), ComponentDTO(id=12, name=Корпус NZXT, category=Корпус, manufacture=NZXT, model=H510 Elite, price=260)], quantities=[-12, 10], totalQuantity=-2, status=Завершен), OrderDTO(id=1, orderDate=2024-11-01, deliveryDate=2024-11-10, components=[ComponentDTO(id=11, name=Внешний жёсткий диск Seagate, category=Накопитель, manufacture=Seagate, model=Backup Plus 4TB, price=230), ComponentDTO(id=18, name=SSD Kingston, category=Накопитель, manufacture=Kingston, model=A2000 1TB, price=100)], quantities=[15, -8], totalQuantity=7, status=Завершен), OrderDTO(id=3, orderDate=2024-11-03, deliveryDate=2024-11-13, components=[ComponentDTO(id=13, name=Вентилятор Noctua, category=Система охлаждения, manufacture=Noctua, model=NF-A12x25 PWM, price=45), ComponentDTO(id=19, name=Видеокарта ASUS, category=Видеокарта, manufacture=ASUS, model=ROG Strix RTX 3060, price=550)], quantities=[20, -5], totalQuantity=15, status=Завершен), OrderDTO(id=4, orderDate=2024-11-04, deliveryDate=2024-11-14, components=[ComponentDTO(id=14, name=Материнская плата ASUS, category=Материнская плата, manufacture=ASUS, model=ROG Strix Z490-E, price=560), ComponentDTO(id=20, name=Блок питания Seasonic, category=Блок питания, manufacture=Seasonic, model=Focus GX-750, price=120)], quantities=[10, -4], totalQuantity=6, status=Завершен), OrderDTO(id=5, orderDate=2024-11-05, deliveryDate=2024-11-15, components=[ComponentDTO(id=15, name=Игровой монитор Xiaomi Redmi, category=Монитор, manufacture=Xiaomi Redmi, model=G24 A24FAA-RG, price=335), ComponentDTO(id=21, name=Кулер Noctua, category=Система охлаждения, manufacture=Noctua, model=NH-D15, price=90)], quantities=[8, -6], totalQuantity=2, status=Завершен), OrderDTO(id=38, orderDate=2024-11-06, deliveryDate=2024-11-16, components=[ComponentDTO(id=22, name=Материнская плата MSI, category=Материнская плата, manufacture=MSI, model=B550-A PRO, price=150)], quantities=[-3], totalQuantity=-3, status=Завершен), OrderDTO(id=39, orderDate=2024-11-07, deliveryDate=2024-11-17, components=[ComponentDTO(id=23, name=Монитор LG, category=Монитор, manufacture=LG, model=UltraGear 27GN950, price=900)], quantities=[-1], totalQuantity=-1, status=Завершен), OrderDTO(id=40, orderDate=2024-11-08, deliveryDate=2024-11-18, components=[ComponentDTO(id=24, name=Клавиатура Razer, category=Клавиатура, manufacture=Razer, model=BlackWidow V3, price=130)], quantities=[-9], totalQuantity=-9, status=Завершен), OrderDTO(id=41, orderDate=2024-10-09, deliveryDate=2024-10-19, components=[ComponentDTO(id=25, name=Мышь Logitech, category=Компьютерная мышь, manufacture=Logitech, model=G502 HERO, price=50)], quantities=[-23], totalQuantity=-23, status=Завершен), OrderDTO(id=42, orderDate=2024-10-10, deliveryDate=2024-10-20, components=[ComponentDTO(id=26, name=Внешний жесткий диск WD, category=Накопитель, manufacture=Western Digital, model=My Passport 4TB, price=120)], quantities=[-6], totalQuantity=-6, status=Завершен), OrderDTO(id=43, orderDate=2024-10-13, deliveryDate=2024-10-23, components=[ComponentDTO(id=27, name=Кулер Arctic, category=Система охлаждения, manufacture=Arctic, model=Freezer 34 eSports DUO, price=70)], quantities=[-12], totalQuantity=-12, status=Завершен), OrderDTO(id=44, orderDate=2024-10-15, deliveryDate=2024-10-25, components=[ComponentDTO(id=28, name=Системный блок Thermaltake, category=Корпус, manufacture=Thermaltake, model=V200, price=100)], quantities=[-10], totalQuantity=-10, status=Завершен), OrderDTO(id=45, orderDate=2024-10-16, deliveryDate=2024-10-26, components=[ComponentDTO(id=29, name=Память G.Skill, category=Оперативная память, manufacture=G.Skill, model=Ripjaws V 32GB, price=150)], quantities=[-9], totalQuantity=-9, status=Завершен), OrderDTO(id=46, orderDate=2024-10-17, deliveryDate=2024-10-27, components=[ComponentDTO(id=30, name=Клавиатура SteelSeries, category=Клавиатура, manufacture=SteelSeries, model=Apex 7, price=130)], quantities=[-10], totalQuantity=-10, status=Завершен), OrderDTO(id=47, orderDate=2024-10-18, deliveryDate=2024-10-28, components=[ComponentDTO(id=31, name=Мышь Corsair, category=Компьютерная мышь, manufacture=Corsair, model=M65 RGB Elite, price=80)], quantities=[-16], totalQuantity=-16, status=Завершен), OrderDTO(id=48, orderDate=2024-10-19, deliveryDate=2024-10-29, components=[ComponentDTO(id=32, name=Внешний SSD Samsung, category=Накопитель, manufacture=Samsung, model=T7 1TB, price=150)], quantities=[-7], totalQuantity=-7, status=Завершен)]
2024-12-08T13:19:03.934+03:00  INFO 6812 --- [WMS] [SpringApplicationShutdownHook] j.LocalContainerEntityManagerFactoryBean : Closing JPA EntityManagerFactory for persistence unit 'default'
2024-12-08T13:19:03.935+03:00  INFO 6812 --- [WMS] [SpringApplicationShutdownHook] com.zaxxer.hikari.HikariDataSource       : HikariPool-1 - Shutdown initiated...
2024-12-08T13:19:03.943+03:00  INFO 6812 --- [WMS] [SpringApplicationShutdownHook] com.zaxxer.hikari.HikariDataSource       : HikariPool-1 - Shutdown completed.
2024-12-08T13:21:20.627+03:00  INFO 17144 --- [WMS] [main] com.warehouse.WMS.WmsApplication         : Starting WmsApplication using Java 22.0.2 with PID 17144 (C:\Users\Vadim\Desktop\WMS\target\classes started by Vadim in C:\Users\Vadim\Desktop\WMS)
2024-12-08T13:21:20.630+03:00  INFO 17144 --- [WMS] [main] com.warehouse.WMS.WmsApplication         : No active profile set, falling back to 1 default profile: "default"
2024-12-08T13:21:21.326+03:00  INFO 17144 --- [WMS] [main] .s.d.r.c.RepositoryConfigurationDelegate : Bootstrapping Spring Data JPA repositories in DEFAULT mode.
2024-12-08T13:21:21.385+03:00  INFO 17144 --- [WMS] [main] .s.d.r.c.RepositoryConfigurationDelegate : Finished Spring Data repository scanning in 53 ms. Found 5 JPA repository interfaces.
2024-12-08T13:21:21.785+03:00  INFO 17144 --- [WMS] [main] o.s.b.w.embedded.tomcat.TomcatWebServer  : Tomcat initialized with port 8080 (http)
2024-12-08T13:21:21.796+03:00  INFO 17144 --- [WMS] [main] o.apache.catalina.core.StandardService   : Starting service [Tomcat]
2024-12-08T13:21:21.796+03:00  INFO 17144 --- [WMS] [main] o.apache.catalina.core.StandardEngine    : Starting Servlet engine: [Apache Tomcat/10.1.31]
2024-12-08T13:21:21.842+03:00  INFO 17144 --- [WMS] [main] o.a.c.c.C.[Tomcat].[localhost].[/]       : Initializing Spring embedded WebApplicationContext
2024-12-08T13:21:21.842+03:00  INFO 17144 --- [WMS] [main] w.s.c.ServletWebServerApplicationContext : Root WebApplicationContext: initialization completed in 1169 ms
2024-12-08T13:21:21.940+03:00  INFO 17144 --- [WMS] [main] com.zaxxer.hikari.HikariDataSource       : HikariPool-1 - Starting...
2024-12-08T13:21:22.224+03:00  INFO 17144 --- [WMS] [main] com.zaxxer.hikari.pool.HikariPool        : HikariPool-1 - Added connection com.mysql.cj.jdbc.ConnectionImpl@5b742bc8
2024-12-08T13:21:22.226+03:00  INFO 17144 --- [WMS] [main] com.zaxxer.hikari.HikariDataSource       : HikariPool-1 - Start completed.
2024-12-08T13:21:22.256+03:00  INFO 17144 --- [WMS] [main] o.hibernate.jpa.internal.util.LogHelper  : HHH000204: Processing PersistenceUnitInfo [name: default]
2024-12-08T13:21:22.299+03:00  INFO 17144 --- [WMS] [main] org.hibernate.Version                    : HHH000412: Hibernate ORM core version 6.5.3.Final
2024-12-08T13:21:22.324+03:00  INFO 17144 --- [WMS] [main] o.h.c.internal.RegionFactoryInitiator    : HHH000026: Second-level cache disabled
2024-12-08T13:21:22.565+03:00  INFO 17144 --- [WMS] [main] o.s.o.j.p.SpringPersistenceUnitInfo      : No LoadTimeWeaver setup: ignoring JPA class transformer
2024-12-08T13:21:23.503+03:00  INFO 17144 --- [WMS] [main] o.h.e.t.j.p.i.JtaPlatformInitiator       : HHH000489: No JTA platform available (set 'hibernate.transaction.jta.platform' to enable JTA platform integration)
2024-12-08T13:21:23.506+03:00  INFO 17144 --- [WMS] [main] j.LocalContainerEntityManagerFactoryBean : Initialized JPA EntityManagerFactory for persistence unit 'default'
2024-12-08T13:21:23.874+03:00  WARN 17144 --- [WMS] [main] JpaBaseConfiguration$JpaWebConfiguration : spring.jpa.open-in-view is enabled by default. Therefore, database queries may be performed during view rendering. Explicitly configure spring.jpa.open-in-view to disable this warning
2024-12-08T13:21:24.236+03:00  INFO 17144 --- [WMS] [main] o.s.b.w.embedded.tomcat.TomcatWebServer  : Tomcat started on port 8080 (http) with context path '/'
2024-12-08T13:21:24.244+03:00  INFO 17144 --- [WMS] [main] com.warehouse.WMS.WmsApplication         : Started WmsApplication in 3.992 seconds (process running for 4.55)
2024-12-08T13:21:26.767+03:00  INFO 17144 --- [WMS] [http-nio-8080-exec-1] o.a.c.c.C.[Tomcat].[localhost].[/]       : Initializing Spring DispatcherServlet 'dispatcherServlet'
2024-12-08T13:21:26.768+03:00  INFO 17144 --- [WMS] [http-nio-8080-exec-1] o.s.web.servlet.DispatcherServlet        : Initializing Servlet 'dispatcherServlet'
2024-12-08T13:21:26.768+03:00  INFO 17144 --- [WMS] [http-nio-8080-exec-1] o.s.web.servlet.DispatcherServlet        : Completed initialization in 0 ms
2024-12-08T13:21:26.967+03:00  INFO 17144 --- [WMS] [http-nio-8080-exec-1] c.w.W.o.s.DemandAnalysisOrderService     : [OrderDTO(id=2, orderDate=2024-11-02, deliveryDate=2024-11-12, components=[ComponentDTO(id=6, name=Оперативная память Corsair, category=Оперативная память, manufacture=Corsair, model=Vengeance LPX 16GB, price=116), ComponentDTO(id=12, name=Корпус NZXT, category=Корпус, manufacture=NZXT, model=H510 Elite, price=260)], quantities=[-12, 10], totalQuantity=-2, status=Завершен), OrderDTO(id=1, orderDate=2024-11-01, deliveryDate=2024-11-10, components=[ComponentDTO(id=11, name=Внешний жёсткий диск Seagate, category=Накопитель, manufacture=Seagate, model=Backup Plus 4TB, price=230), ComponentDTO(id=18, name=SSD Kingston, category=Накопитель, manufacture=Kingston, model=A2000 1TB, price=100)], quantities=[15, -8], totalQuantity=7, status=Завершен), OrderDTO(id=3, orderDate=2024-11-03, deliveryDate=2024-11-13, components=[ComponentDTO(id=13, name=Вентилятор Noctua, category=Система охлаждения, manufacture=Noctua, model=NF-A12x25 PWM, price=45), ComponentDTO(id=19, name=Видеокарта ASUS, category=Видеокарта, manufacture=ASUS, model=ROG Strix RTX 3060, price=550)], quantities=[20, -5], totalQuantity=15, status=Завершен), OrderDTO(id=4, orderDate=2024-11-04, deliveryDate=2024-11-14, components=[ComponentDTO(id=14, name=Материнская плата ASUS, category=Материнская плата, manufacture=ASUS, model=ROG Strix Z490-E, price=560), ComponentDTO(id=20, name=Блок питания Seasonic, category=Блок питания, manufacture=Seasonic, model=Focus GX-750, price=120)], quantities=[10, -4], totalQuantity=6, status=Завершен), OrderDTO(id=5, orderDate=2024-11-05, deliveryDate=2024-11-15, components=[ComponentDTO(id=15, name=Игровой монитор Xiaomi Redmi, category=Монитор, manufacture=Xiaomi Redmi, model=G24 A24FAA-RG, price=335), ComponentDTO(id=21, name=Кулер Noctua, category=Система охлаждения, manufacture=Noctua, model=NH-D15, price=90)], quantities=[8, -6], totalQuantity=2, status=Завершен), OrderDTO(id=38, orderDate=2024-11-06, deliveryDate=2024-11-16, components=[ComponentDTO(id=22, name=Материнская плата MSI, category=Материнская плата, manufacture=MSI, model=B550-A PRO, price=150)], quantities=[-3], totalQuantity=-3, status=Завершен), OrderDTO(id=39, orderDate=2024-11-07, deliveryDate=2024-11-17, components=[ComponentDTO(id=23, name=Монитор LG, category=Монитор, manufacture=LG, model=UltraGear 27GN950, price=900)], quantities=[-1], totalQuantity=-1, status=Завершен), OrderDTO(id=40, orderDate=2024-11-08, deliveryDate=2024-11-18, components=[ComponentDTO(id=24, name=Клавиатура Razer, category=Клавиатура, manufacture=Razer, model=BlackWidow V3, price=130)], quantities=[-9], totalQuantity=-9, status=Завершен), OrderDTO(id=41, orderDate=2024-10-09, deliveryDate=2024-10-19, components=[ComponentDTO(id=25, name=Мышь Logitech, category=Компьютерная мышь, manufacture=Logitech, model=G502 HERO, price=50)], quantities=[-23], totalQuantity=-23, status=Завершен), OrderDTO(id=42, orderDate=2024-10-10, deliveryDate=2024-10-20, components=[ComponentDTO(id=26, name=Внешний жесткий диск WD, category=Накопитель, manufacture=Western Digital, model=My Passport 4TB, price=120)], quantities=[-6], totalQuantity=-6, status=Завершен), OrderDTO(id=43, orderDate=2024-10-13, deliveryDate=2024-10-23, components=[ComponentDTO(id=27, name=Кулер Arctic, category=Система охлаждения, manufacture=Arctic, model=Freezer 34 eSports DUO, price=70)], quantities=[-12], totalQuantity=-12, status=Завершен), OrderDTO(id=44, orderDate=2024-10-15, deliveryDate=2024-10-25, components=[ComponentDTO(id=28, name=Системный блок Thermaltake, category=Корпус, manufacture=Thermaltake, model=V200, price=100)], quantities=[-10], totalQuantity=-10, status=Завершен), OrderDTO(id=45, orderDate=2024-10-16, deliveryDate=2024-10-26, components=[ComponentDTO(id=29, name=Память G.Skill, category=Оперативная память, manufacture=G.Skill, model=Ripjaws V 32GB, price=150)], quantities=[-9], totalQuantity=-9, status=Завершен), OrderDTO(id=46, orderDate=2024-10-17, deliveryDate=2024-10-27, components=[ComponentDTO(id=30, name=Клавиатура SteelSeries, category=Клавиатура, manufacture=SteelSeries, model=Apex 7, price=130)], quantities=[-10], totalQuantity=-10, status=Завершен), OrderDTO(id=47, orderDate=2024-10-18, deliveryDate=2024-10-28, components=[ComponentDTO(id=31, name=Мышь Corsair, category=Компьютерная мышь, manufacture=Corsair, model=M65 RGB Elite, price=80)], quantities=[-16], totalQuantity=-16, status=Завершен), OrderDTO(id=48, orderDate=2024-10-19, deliveryDate=2024-10-29, components=[ComponentDTO(id=32, name=Внешний SSD Samsung, category=Накопитель, manufacture=Samsung, model=T7 1TB, price=150)], quantities=[-7], totalQuantity=-7, status=Завершен)]
2024-12-08T13:21:26.968+03:00  INFO 17144 --- [WMS] [http-nio-8080-exec-1] c.w.W.o.s.DemandAnalysisOrderService     : componentIdQuantityMap : {19=5, 20=4, 21=6, 6=12, 22=3, 23=1, 24=9, 12=10, 13=20, 14=10, 15=8}
2024-12-08T13:21:26.968+03:00  INFO 17144 --- [WMS] [http-nio-8080-exec-1] c.w.W.o.s.DemandAnalysisOrderService     : componentIdQuantityMap : {32=7, 6=12, 11=15, 12=10, 13=20, 14=10, 15=8, 18=8, 19=5, 20=4, 21=6, 22=3, 23=1, 24=9, 25=23, 26=6, 27=12, 28=10, 29=9, 30=10, 31=16}
2024-12-08T13:21:26.969+03:00  INFO 17144 --- [WMS] [http-nio-8080-exec-1] c.w.W.o.s.DemandAnalysisOrderService     : componentIdQuantityMap : {19=5, 20=4, 21=6, 6=12, 22=3, 23=1, 24=9, 12=10, 13=20, 14=10, 15=8}
2024-12-08T13:21:26.969+03:00  INFO 17144 --- [WMS] [http-nio-8080-exec-1] c.w.W.o.s.DemandAnalysisOrderService     : componentIdQuantityMap : {32=7, 18=8, 25=23, 26=6, 11=15, 27=12, 28=10, 29=9, 30=10, 31=16}
2024-12-08T13:21:26.969+03:00  INFO 17144 --- [WMS] [http-nio-8080-exec-1] c.w.W.o.s.DemandAnalysisOrderService     : componentIdQuantityMap : {32=7, 6=12, 11=15, 12=10, 13=20, 14=10, 15=8, 18=8, 19=5, 20=4, 21=6, 22=3, 23=1, 24=9, 25=23, 26=6, 27=12, 28=10, 29=9, 30=10, 31=16}
2024-12-08T13:21:26.969+03:00  INFO 17144 --- [WMS] [http-nio-8080-exec-1] c.w.W.o.s.DemandAnalysisOrderService     : componentIdQuantityMap : {}
2024-12-08T13:22:46.722+03:00  INFO 17144 --- [WMS] [SpringApplicationShutdownHook] j.LocalContainerEntityManagerFactoryBean : Closing JPA EntityManagerFactory for persistence unit 'default'
2024-12-08T13:22:46.725+03:00  INFO 17144 --- [WMS] [SpringApplicationShutdownHook] com.zaxxer.hikari.HikariDataSource       : HikariPool-1 - Shutdown initiated...
2024-12-08T13:22:46.731+03:00  INFO 17144 --- [WMS] [SpringApplicationShutdownHook] com.zaxxer.hikari.HikariDataSource       : HikariPool-1 - Shutdown completed.
2024-12-08T14:55:16.282+03:00  INFO 10648 --- [WMS] [main] com.warehouse.WMS.WmsApplication         : Starting WmsApplication using Java 22.0.2 with PID 10648 (C:\Users\Vadim\Desktop\WMS\target\classes started by Vadim in C:\Users\Vadim\Desktop\WMS)
2024-12-08T14:55:16.285+03:00  INFO 10648 --- [WMS] [main] com.warehouse.WMS.WmsApplication         : No active profile set, falling back to 1 default profile: "default"
2024-12-08T14:55:17.421+03:00  INFO 10648 --- [WMS] [main] .s.d.r.c.RepositoryConfigurationDelegate : Bootstrapping Spring Data JPA repositories in DEFAULT mode.
2024-12-08T14:55:17.489+03:00  INFO 10648 --- [WMS] [main] .s.d.r.c.RepositoryConfigurationDelegate : Finished Spring Data repository scanning in 61 ms. Found 5 JPA repository interfaces.
2024-12-08T14:55:18.070+03:00  INFO 10648 --- [WMS] [main] o.s.b.w.embedded.tomcat.TomcatWebServer  : Tomcat initialized with port 8080 (http)
2024-12-08T14:55:18.088+03:00  INFO 10648 --- [WMS] [main] o.apache.catalina.core.StandardService   : Starting service [Tomcat]
2024-12-08T14:55:18.088+03:00  INFO 10648 --- [WMS] [main] o.apache.catalina.core.StandardEngine    : Starting Servlet engine: [Apache Tomcat/10.1.31]
2024-12-08T14:55:18.158+03:00  INFO 10648 --- [WMS] [main] o.a.c.c.C.[Tomcat].[localhost].[/]       : Initializing Spring embedded WebApplicationContext
2024-12-08T14:55:18.159+03:00  INFO 10648 --- [WMS] [main] w.s.c.ServletWebServerApplicationContext : Root WebApplicationContext: initialization completed in 1827 ms
2024-12-08T14:55:18.303+03:00  INFO 10648 --- [WMS] [main] com.zaxxer.hikari.HikariDataSource       : HikariPool-1 - Starting...
2024-12-08T14:55:18.721+03:00  INFO 10648 --- [WMS] [main] com.zaxxer.hikari.pool.HikariPool        : HikariPool-1 - Added connection com.mysql.cj.jdbc.ConnectionImpl@133aacbe
2024-12-08T14:55:18.723+03:00  INFO 10648 --- [WMS] [main] com.zaxxer.hikari.HikariDataSource       : HikariPool-1 - Start completed.
2024-12-08T14:55:18.764+03:00  INFO 10648 --- [WMS] [main] o.hibernate.jpa.internal.util.LogHelper  : HHH000204: Processing PersistenceUnitInfo [name: default]
2024-12-08T14:55:18.832+03:00  INFO 10648 --- [WMS] [main] org.hibernate.Version                    : HHH000412: Hibernate ORM core version 6.5.3.Final
2024-12-08T14:55:18.870+03:00  INFO 10648 --- [WMS] [main] o.h.c.internal.RegionFactoryInitiator    : HHH000026: Second-level cache disabled
2024-12-08T14:55:19.219+03:00  INFO 10648 --- [WMS] [main] o.s.o.j.p.SpringPersistenceUnitInfo      : No LoadTimeWeaver setup: ignoring JPA class transformer
2024-12-08T14:55:20.486+03:00  INFO 10648 --- [WMS] [main] o.h.e.t.j.p.i.JtaPlatformInitiator       : HHH000489: No JTA platform available (set 'hibernate.transaction.jta.platform' to enable JTA platform integration)
2024-12-08T14:55:20.489+03:00  INFO 10648 --- [WMS] [main] j.LocalContainerEntityManagerFactoryBean : Initialized JPA EntityManagerFactory for persistence unit 'default'
2024-12-08T14:55:20.941+03:00  WARN 10648 --- [WMS] [main] JpaBaseConfiguration$JpaWebConfiguration : spring.jpa.open-in-view is enabled by default. Therefore, database queries may be performed during view rendering. Explicitly configure spring.jpa.open-in-view to disable this warning
2024-12-08T14:55:21.342+03:00  INFO 10648 --- [WMS] [main] o.s.b.w.embedded.tomcat.TomcatWebServer  : Tomcat started on port 8080 (http) with context path '/'
2024-12-08T14:55:21.351+03:00  INFO 10648 --- [WMS] [main] com.warehouse.WMS.WmsApplication         : Started WmsApplication in 5.521 seconds (process running for 6.27)
2024-12-08T14:55:26.752+03:00  INFO 10648 --- [WMS] [http-nio-8080-exec-1] o.a.c.c.C.[Tomcat].[localhost].[/]       : Initializing Spring DispatcherServlet 'dispatcherServlet'
2024-12-08T14:55:26.752+03:00  INFO 10648 --- [WMS] [http-nio-8080-exec-1] o.s.web.servlet.DispatcherServlet        : Initializing Servlet 'dispatcherServlet'
2024-12-08T14:55:26.753+03:00  INFO 10648 --- [WMS] [http-nio-8080-exec-1] o.s.web.servlet.DispatcherServlet        : Completed initialization in 1 ms
2024-12-08T14:55:26.989+03:00  INFO 10648 --- [WMS] [http-nio-8080-exec-1] c.w.W.o.s.DemandAnalysisOrderService     : [OrderDTO(id=2, orderDate=2024-11-02, deliveryDate=2024-11-12, components=[ComponentDTO(id=6, name=Оперативная память Corsair, category=Оперативная память, manufacture=Corsair, model=Vengeance LPX 16GB, price=116), ComponentDTO(id=12, name=Корпус NZXT, category=Корпус, manufacture=NZXT, model=H510 Elite, price=260)], quantities=[-12, 10], totalQuantity=-2, status=Завершен), OrderDTO(id=1, orderDate=2024-11-01, deliveryDate=2024-11-10, components=[ComponentDTO(id=11, name=Внешний жёсткий диск Seagate, category=Накопитель, manufacture=Seagate, model=Backup Plus 4TB, price=230), ComponentDTO(id=18, name=SSD Kingston, category=Накопитель, manufacture=Kingston, model=A2000 1TB, price=100)], quantities=[15, -8], totalQuantity=7, status=Завершен), OrderDTO(id=3, orderDate=2024-11-03, deliveryDate=2024-11-13, components=[ComponentDTO(id=13, name=Вентилятор Noctua, category=Система охлаждения, manufacture=Noctua, model=NF-A12x25 PWM, price=45), ComponentDTO(id=19, name=Видеокарта ASUS, category=Видеокарта, manufacture=ASUS, model=ROG Strix RTX 3060, price=550)], quantities=[20, -5], totalQuantity=15, status=Завершен), OrderDTO(id=4, orderDate=2024-11-04, deliveryDate=2024-11-14, components=[ComponentDTO(id=14, name=Материнская плата ASUS, category=Материнская плата, manufacture=ASUS, model=ROG Strix Z490-E, price=560), ComponentDTO(id=20, name=Блок питания Seasonic, category=Блок питания, manufacture=Seasonic, model=Focus GX-750, price=120)], quantities=[10, -4], totalQuantity=6, status=Завершен), OrderDTO(id=5, orderDate=2024-11-05, deliveryDate=2024-11-15, components=[ComponentDTO(id=15, name=Игровой монитор Xiaomi Redmi, category=Монитор, manufacture=Xiaomi Redmi, model=G24 A24FAA-RG, price=335), ComponentDTO(id=21, name=Кулер Noctua, category=Система охлаждения, manufacture=Noctua, model=NH-D15, price=90)], quantities=[8, -6], totalQuantity=2, status=Завершен), OrderDTO(id=38, orderDate=2024-11-06, deliveryDate=2024-11-16, components=[ComponentDTO(id=22, name=Материнская плата MSI, category=Материнская плата, manufacture=MSI, model=B550-A PRO, price=150)], quantities=[-3], totalQuantity=-3, status=Завершен), OrderDTO(id=39, orderDate=2024-11-07, deliveryDate=2024-11-17, components=[ComponentDTO(id=23, name=Монитор LG, category=Монитор, manufacture=LG, model=UltraGear 27GN950, price=900)], quantities=[-1], totalQuantity=-1, status=Завершен), OrderDTO(id=40, orderDate=2024-11-08, deliveryDate=2024-11-18, components=[ComponentDTO(id=24, name=Клавиатура Razer, category=Клавиатура, manufacture=Razer, model=BlackWidow V3, price=130)], quantities=[-9], totalQuantity=-9, status=Завершен), OrderDTO(id=41, orderDate=2024-10-09, deliveryDate=2024-10-19, components=[ComponentDTO(id=25, name=Мышь Logitech, category=Компьютерная мышь, manufacture=Logitech, model=G502 HERO, price=50)], quantities=[-23], totalQuantity=-23, status=Завершен), OrderDTO(id=42, orderDate=2024-10-10, deliveryDate=2024-10-20, components=[ComponentDTO(id=26, name=Внешний жесткий диск WD, category=Накопитель, manufacture=Western Digital, model=My Passport 4TB, price=120)], quantities=[-6], totalQuantity=-6, status=Завершен), OrderDTO(id=43, orderDate=2024-10-13, deliveryDate=2024-10-23, components=[ComponentDTO(id=27, name=Кулер Arctic, category=Система охлаждения, manufacture=Arctic, model=Freezer 34 eSports DUO, price=70)], quantities=[-12], totalQuantity=-12, status=Завершен), OrderDTO(id=44, orderDate=2024-10-15, deliveryDate=2024-10-25, components=[ComponentDTO(id=28, name=Системный блок Thermaltake, category=Корпус, manufacture=Thermaltake, model=V200, price=100)], quantities=[-10], totalQuantity=-10, status=Завершен), OrderDTO(id=45, orderDate=2024-10-16, deliveryDate=2024-10-26, components=[ComponentDTO(id=29, name=Память G.Skill, category=Оперативная память, manufacture=G.Skill, model=Ripjaws V 32GB, price=150)], quantities=[-9], totalQuantity=-9, status=Завершен), OrderDTO(id=46, orderDate=2024-10-17, deliveryDate=2024-10-27, components=[ComponentDTO(id=30, name=Клавиатура SteelSeries, category=Клавиатура, manufacture=SteelSeries, model=Apex 7, price=130)], quantities=[-10], totalQuantity=-10, status=Завершен), OrderDTO(id=47, orderDate=2024-10-18, deliveryDate=2024-10-28, components=[ComponentDTO(id=31, name=Мышь Corsair, category=Компьютерная мышь, manufacture=Corsair, model=M65 RGB Elite, price=80)], quantities=[-16], totalQuantity=-16, status=Завершен), OrderDTO(id=48, orderDate=2024-10-19, deliveryDate=2024-10-29, components=[ComponentDTO(id=32, name=Внешний SSD Samsung, category=Накопитель, manufacture=Samsung, model=T7 1TB, price=150)], quantities=[-7], totalQuantity=-7, status=Завершен)]
2024-12-08T14:55:27.104+03:00  INFO 10648 --- [WMS] [http-nio-8080-exec-3] c.w.W.o.s.DemandAnalysisOrderService     : [OrderDTO(id=2, orderDate=2024-11-02, deliveryDate=2024-11-12, components=[ComponentDTO(id=6, name=Оперативная память Corsair, category=Оперативная память, manufacture=Corsair, model=Vengeance LPX 16GB, price=116), ComponentDTO(id=12, name=Корпус NZXT, category=Корпус, manufacture=NZXT, model=H510 Elite, price=260)], quantities=[-12, 10], totalQuantity=-2, status=Завершен), OrderDTO(id=1, orderDate=2024-11-01, deliveryDate=2024-11-10, components=[ComponentDTO(id=11, name=Внешний жёсткий диск Seagate, category=Накопитель, manufacture=Seagate, model=Backup Plus 4TB, price=230), ComponentDTO(id=18, name=SSD Kingston, category=Накопитель, manufacture=Kingston, model=A2000 1TB, price=100)], quantities=[15, -8], totalQuantity=7, status=Завершен), OrderDTO(id=3, orderDate=2024-11-03, deliveryDate=2024-11-13, components=[ComponentDTO(id=13, name=Вентилятор Noctua, category=Система охлаждения, manufacture=Noctua, model=NF-A12x25 PWM, price=45), ComponentDTO(id=19, name=Видеокарта ASUS, category=Видеокарта, manufacture=ASUS, model=ROG Strix RTX 3060, price=550)], quantities=[20, -5], totalQuantity=15, status=Завершен), OrderDTO(id=4, orderDate=2024-11-04, deliveryDate=2024-11-14, components=[ComponentDTO(id=14, name=Материнская плата ASUS, category=Материнская плата, manufacture=ASUS, model=ROG Strix Z490-E, price=560), ComponentDTO(id=20, name=Блок питания Seasonic, category=Блок питания, manufacture=Seasonic, model=Focus GX-750, price=120)], quantities=[10, -4], totalQuantity=6, status=Завершен), OrderDTO(id=5, orderDate=2024-11-05, deliveryDate=2024-11-15, components=[ComponentDTO(id=15, name=Игровой монитор Xiaomi Redmi, category=Монитор, manufacture=Xiaomi Redmi, model=G24 A24FAA-RG, price=335), ComponentDTO(id=21, name=Кулер Noctua, category=Система охлаждения, manufacture=Noctua, model=NH-D15, price=90)], quantities=[8, -6], totalQuantity=2, status=Завершен), OrderDTO(id=38, orderDate=2024-11-06, deliveryDate=2024-11-16, components=[ComponentDTO(id=22, name=Материнская плата MSI, category=Материнская плата, manufacture=MSI, model=B550-A PRO, price=150)], quantities=[-3], totalQuantity=-3, status=Завершен), OrderDTO(id=39, orderDate=2024-11-07, deliveryDate=2024-11-17, components=[ComponentDTO(id=23, name=Монитор LG, category=Монитор, manufacture=LG, model=UltraGear 27GN950, price=900)], quantities=[-1], totalQuantity=-1, status=Завершен), OrderDTO(id=40, orderDate=2024-11-08, deliveryDate=2024-11-18, components=[ComponentDTO(id=24, name=Клавиатура Razer, category=Клавиатура, manufacture=Razer, model=BlackWidow V3, price=130)], quantities=[-9], totalQuantity=-9, status=Завершен), OrderDTO(id=41, orderDate=2024-10-09, deliveryDate=2024-10-19, components=[ComponentDTO(id=25, name=Мышь Logitech, category=Компьютерная мышь, manufacture=Logitech, model=G502 HERO, price=50)], quantities=[-23], totalQuantity=-23, status=Завершен), OrderDTO(id=42, orderDate=2024-10-10, deliveryDate=2024-10-20, components=[ComponentDTO(id=26, name=Внешний жесткий диск WD, category=Накопитель, manufacture=Western Digital, model=My Passport 4TB, price=120)], quantities=[-6], totalQuantity=-6, status=Завершен), OrderDTO(id=43, orderDate=2024-10-13, deliveryDate=2024-10-23, components=[ComponentDTO(id=27, name=Кулер Arctic, category=Система охлаждения, manufacture=Arctic, model=Freezer 34 eSports DUO, price=70)], quantities=[-12], totalQuantity=-12, status=Завершен), OrderDTO(id=44, orderDate=2024-10-15, deliveryDate=2024-10-25, components=[ComponentDTO(id=28, name=Системный блок Thermaltake, category=Корпус, manufacture=Thermaltake, model=V200, price=100)], quantities=[-10], totalQuantity=-10, status=Завершен), OrderDTO(id=45, orderDate=2024-10-16, deliveryDate=2024-10-26, components=[ComponentDTO(id=29, name=Память G.Skill, category=Оперативная память, manufacture=G.Skill, model=Ripjaws V 32GB, price=150)], quantities=[-9], totalQuantity=-9, status=Завершен), OrderDTO(id=46, orderDate=2024-10-17, deliveryDate=2024-10-27, components=[ComponentDTO(id=30, name=Клавиатура SteelSeries, category=Клавиатура, manufacture=SteelSeries, model=Apex 7, price=130)], quantities=[-10], totalQuantity=-10, status=Завершен), OrderDTO(id=47, orderDate=2024-10-18, deliveryDate=2024-10-28, components=[ComponentDTO(id=31, name=Мышь Corsair, category=Компьютерная мышь, manufacture=Corsair, model=M65 RGB Elite, price=80)], quantities=[-16], totalQuantity=-16, status=Завершен), OrderDTO(id=48, orderDate=2024-10-19, deliveryDate=2024-10-29, components=[ComponentDTO(id=32, name=Внешний SSD Samsung, category=Накопитель, manufacture=Samsung, model=T7 1TB, price=150)], quantities=[-7], totalQuantity=-7, status=Завершен)]
2024-12-08T14:58:54.110+03:00  INFO 10648 --- [WMS] [http-nio-8080-exec-5] c.w.W.o.s.GetOrdersByStatusService       : Преобразование статуса Запланирован в id
2024-12-08T14:58:54.111+03:00  INFO 10648 --- [WMS] [http-nio-8080-exec-5] c.w.W.o.s.GetOrdersByStatusService       : Анализ запасов для автоматического создания заказов
2024-12-08T14:58:54.192+03:00  INFO 10648 --- [WMS] [http-nio-8080-exec-5] c.w.W.o.s.GetOrdersByStatusService       : Получение заказов со статутсом id 1
2024-12-08T14:58:54.222+03:00  INFO 10648 --- [WMS] [http-nio-8080-exec-8] c.w.W.o.s.GetOrdersByStatusService       : Преобразование статуса Запланирован в id
2024-12-08T14:58:54.223+03:00  INFO 10648 --- [WMS] [http-nio-8080-exec-8] c.w.W.o.s.GetOrdersByStatusService       : Анализ запасов для автоматического создания заказов
2024-12-08T14:58:54.265+03:00  INFO 10648 --- [WMS] [http-nio-8080-exec-8] c.w.W.o.s.GetOrdersByStatusService       : Получение заказов со статутсом id 1
2024-12-08T15:00:10.395+03:00  INFO 10648 --- [WMS] [http-nio-8080-exec-3] c.w.W.w.services.GetWarehousesService    : Получение всех запасов со склада
2024-12-08T15:00:10.421+03:00  INFO 10648 --- [WMS] [http-nio-8080-exec-2] c.w.W.w.services.GetWarehousesService    : Получение всех запасов со склада
2024-12-08T15:00:18.018+03:00  INFO 10648 --- [WMS] [http-nio-8080-exec-4] c.w.W.o.s.GetOrdersByStatusService       : Преобразование статуса Запланирован в id
2024-12-08T15:00:18.018+03:00  INFO 10648 --- [WMS] [http-nio-8080-exec-4] c.w.W.o.s.GetOrdersByStatusService       : Анализ запасов для автоматического создания заказов
2024-12-08T15:00:18.064+03:00  INFO 10648 --- [WMS] [http-nio-8080-exec-4] c.w.W.o.s.GetOrdersByStatusService       : Получение заказов со статутсом id 1
2024-12-08T15:00:18.069+03:00  INFO 10648 --- [WMS] [http-nio-8080-exec-5] c.w.W.o.s.GetOrdersByStatusService       : Преобразование статуса Запланирован в id
2024-12-08T15:00:18.069+03:00  INFO 10648 --- [WMS] [http-nio-8080-exec-5] c.w.W.o.s.GetOrdersByStatusService       : Анализ запасов для автоматического создания заказов
2024-12-08T15:00:18.106+03:00  INFO 10648 --- [WMS] [http-nio-8080-exec-5] c.w.W.o.s.GetOrdersByStatusService       : Получение заказов со статутсом id 1
2024-12-08T15:00:51.881+03:00  INFO 10648 --- [WMS] [http-nio-8080-exec-1] c.w.W.order.services.CreateOrderService  : Получение компонентов orderDTO : OrderDTO(id=null, orderDate=2024-12-06, deliveryDate=2024-12-09, components=[ComponentDTO(id=31, name=Мышь Corsair, category=Компьютерная мышь, manufacture=Corsair, model=M65 RGB Elite, price=80)], quantities=[12], totalQuantity=12, status=Запланирован)
 getComponents(): [ComponentDTO(id=31, name=Мышь Corsair, category=Компьютерная мышь, manufacture=Corsair, model=M65 RGB Elite, price=80)]
2024-12-08T15:00:51.881+03:00  INFO 10648 --- [WMS] [http-nio-8080-exec-1] c.w.W.order.services.CreateOrderService  : Получение всех комплектующих заказа, которые уже есть в базе данных
2024-12-08T15:00:51.884+03:00  INFO 10648 --- [WMS] [http-nio-8080-exec-1] c.w.W.order.services.CreateOrderService  : Устанавливание связей между таблицами заказа и комплектующего
2024-12-08T15:00:51.979+03:00  INFO 10648 --- [WMS] [http-nio-8080-exec-1] c.w.W.order.services.CreateOrderService  : Сохрание заказа в базу данных
2024-12-08T15:00:51.991+03:00  INFO 10648 --- [WMS] [http-nio-8080-exec-9] c.w.W.o.s.GetOrdersByStatusService       : Преобразование статуса Запланирован в id
2024-12-08T15:00:51.992+03:00  INFO 10648 --- [WMS] [http-nio-8080-exec-9] c.w.W.o.s.GetOrdersByStatusService       : Анализ запасов для автоматического создания заказов
2024-12-08T15:00:52.039+03:00  INFO 10648 --- [WMS] [http-nio-8080-exec-9] c.w.W.o.s.GetOrdersByStatusService       : Получение заказов со статутсом id 1
2024-12-08T15:01:51.383+03:00  INFO 10648 --- [WMS] [http-nio-8080-exec-2] c.w.W.o.s.GetOrdersByStatusService       : Преобразование статуса В исполнении в id
2024-12-08T15:01:51.384+03:00  INFO 10648 --- [WMS] [http-nio-8080-exec-2] c.w.W.o.s.GetOrdersByStatusService       : Получение заказов со статутсом id 2
2024-12-08T15:01:51.392+03:00  INFO 10648 --- [WMS] [http-nio-8080-exec-7] c.w.W.o.s.GetOrdersByStatusService       : Преобразование статуса В исполнении в id
2024-12-08T15:01:51.392+03:00  INFO 10648 --- [WMS] [http-nio-8080-exec-7] c.w.W.o.s.GetOrdersByStatusService       : Получение заказов со статутсом id 2
2024-12-08T15:01:51.394+03:00  INFO 10648 --- [WMS] [http-nio-8080-exec-6] c.w.W.o.s.GetOrdersByStatusService       : Преобразование статуса Готовится к отправке в id
2024-12-08T15:01:51.395+03:00  INFO 10648 --- [WMS] [http-nio-8080-exec-6] c.w.W.o.s.GetOrdersByStatusService       : Получение заказов со статутсом id 4
2024-12-08T15:01:51.402+03:00  INFO 10648 --- [WMS] [http-nio-8080-exec-4] c.w.W.o.s.GetOrdersByStatusService       : Преобразование статуса Готовится к отправке в id
2024-12-08T15:01:51.403+03:00  INFO 10648 --- [WMS] [http-nio-8080-exec-4] c.w.W.o.s.GetOrdersByStatusService       : Получение заказов со статутсом id 4
2024-12-08T15:01:52.673+03:00  INFO 10648 --- [WMS] [http-nio-8080-exec-5] c.w.W.w.services.GetWarehousesService    : Получение всех запасов со склада
2024-12-08T15:01:52.692+03:00  INFO 10648 --- [WMS] [http-nio-8080-exec-8] c.w.W.w.services.GetWarehousesService    : Получение всех запасов со склада
2024-12-08T15:05:00.424+03:00  INFO 10648 --- [WMS] [SpringApplicationShutdownHook] j.LocalContainerEntityManagerFactoryBean : Closing JPA EntityManagerFactory for persistence unit 'default'
2024-12-08T15:05:00.427+03:00  INFO 10648 --- [WMS] [SpringApplicationShutdownHook] com.zaxxer.hikari.HikariDataSource       : HikariPool-1 - Shutdown initiated...
2024-12-08T15:05:00.436+03:00  INFO 10648 --- [WMS] [SpringApplicationShutdownHook] com.zaxxer.hikari.HikariDataSource       : HikariPool-1 - Shutdown completed.
2024-12-08T20:33:45.302+03:00  INFO 20108 --- [WMS] [main] com.warehouse.WMS.WmsApplication         : Starting WmsApplication using Java 22.0.2 with PID 20108 (C:\Users\Vadim\Desktop\WMS\target\classes started by Vadim in C:\Users\Vadim\Desktop\WMS)
2024-12-08T20:33:45.304+03:00  INFO 20108 --- [WMS] [main] com.warehouse.WMS.WmsApplication         : No active profile set, falling back to 1 default profile: "default"
2024-12-08T20:33:46.302+03:00  INFO 20108 --- [WMS] [main] .s.d.r.c.RepositoryConfigurationDelegate : Bootstrapping Spring Data JPA repositories in DEFAULT mode.
2024-12-08T20:33:46.374+03:00  INFO 20108 --- [WMS] [main] .s.d.r.c.RepositoryConfigurationDelegate : Finished Spring Data repository scanning in 64 ms. Found 5 JPA repository interfaces.
2024-12-08T20:33:46.910+03:00  INFO 20108 --- [WMS] [main] o.s.b.w.embedded.tomcat.TomcatWebServer  : Tomcat initialized with port 8080 (http)
2024-12-08T20:33:46.925+03:00  INFO 20108 --- [WMS] [main] o.apache.catalina.core.StandardService   : Starting service [Tomcat]
2024-12-08T20:33:46.926+03:00  INFO 20108 --- [WMS] [main] o.apache.catalina.core.StandardEngine    : Starting Servlet engine: [Apache Tomcat/10.1.31]
2024-12-08T20:33:46.990+03:00  INFO 20108 --- [WMS] [main] o.a.c.c.C.[Tomcat].[localhost].[/]       : Initializing Spring embedded WebApplicationContext
2024-12-08T20:33:46.990+03:00  INFO 20108 --- [WMS] [main] w.s.c.ServletWebServerApplicationContext : Root WebApplicationContext: initialization completed in 1635 ms
2024-12-08T20:33:47.124+03:00  INFO 20108 --- [WMS] [main] com.zaxxer.hikari.HikariDataSource       : HikariPool-1 - Starting...
2024-12-08T20:33:47.584+03:00  INFO 20108 --- [WMS] [main] com.zaxxer.hikari.pool.HikariPool        : HikariPool-1 - Added connection com.mysql.cj.jdbc.ConnectionImpl@418f0534
2024-12-08T20:33:47.586+03:00  INFO 20108 --- [WMS] [main] com.zaxxer.hikari.HikariDataSource       : HikariPool-1 - Start completed.
2024-12-08T20:33:47.641+03:00  INFO 20108 --- [WMS] [main] o.hibernate.jpa.internal.util.LogHelper  : HHH000204: Processing PersistenceUnitInfo [name: default]
2024-12-08T20:33:47.723+03:00  INFO 20108 --- [WMS] [main] org.hibernate.Version                    : HHH000412: Hibernate ORM core version 6.5.3.Final
2024-12-08T20:33:47.763+03:00  INFO 20108 --- [WMS] [main] o.h.c.internal.RegionFactoryInitiator    : HHH000026: Second-level cache disabled
2024-12-08T20:33:48.118+03:00  INFO 20108 --- [WMS] [main] o.s.o.j.p.SpringPersistenceUnitInfo      : No LoadTimeWeaver setup: ignoring JPA class transformer
2024-12-08T20:33:49.246+03:00  INFO 20108 --- [WMS] [main] o.h.e.t.j.p.i.JtaPlatformInitiator       : HHH000489: No JTA platform available (set 'hibernate.transaction.jta.platform' to enable JTA platform integration)
2024-12-08T20:33:49.249+03:00  INFO 20108 --- [WMS] [main] j.LocalContainerEntityManagerFactoryBean : Initialized JPA EntityManagerFactory for persistence unit 'default'
2024-12-08T20:33:49.680+03:00  WARN 20108 --- [WMS] [main] JpaBaseConfiguration$JpaWebConfiguration : spring.jpa.open-in-view is enabled by default. Therefore, database queries may be performed during view rendering. Explicitly configure spring.jpa.open-in-view to disable this warning
2024-12-08T20:33:50.179+03:00  INFO 20108 --- [WMS] [main] o.s.b.w.embedded.tomcat.TomcatWebServer  : Tomcat started on port 8080 (http) with context path '/'
2024-12-08T20:33:50.186+03:00  INFO 20108 --- [WMS] [main] com.warehouse.WMS.WmsApplication         : Started WmsApplication in 5.451 seconds (process running for 6.878)
2024-12-08T20:33:50.665+03:00  INFO 20108 --- [WMS] [http-nio-8080-exec-2] o.a.c.c.C.[Tomcat].[localhost].[/]       : Initializing Spring DispatcherServlet 'dispatcherServlet'
2024-12-08T20:33:50.665+03:00  INFO 20108 --- [WMS] [http-nio-8080-exec-2] o.s.web.servlet.DispatcherServlet        : Initializing Servlet 'dispatcherServlet'
2024-12-08T20:33:50.667+03:00  INFO 20108 --- [WMS] [http-nio-8080-exec-2] o.s.web.servlet.DispatcherServlet        : Completed initialization in 2 ms
2024-12-08T20:35:42.507+03:00  INFO 20108 --- [WMS] [http-nio-8080-exec-5] c.w.W.o.s.GetOrdersByStatusService       : Преобразование статуса Запланирован в id
2024-12-08T20:35:42.508+03:00  INFO 20108 --- [WMS] [http-nio-8080-exec-5] c.w.W.o.s.GetOrdersByStatusService       : Анализ запасов для автоматического создания заказов
2024-12-08T20:35:42.604+03:00  INFO 20108 --- [WMS] [http-nio-8080-exec-5] c.w.W.o.s.GetOrdersByStatusService       : Получение заказов со статутсом id 1
2024-12-08T20:35:42.620+03:00  INFO 20108 --- [WMS] [http-nio-8080-exec-8] c.w.W.o.s.GetOrdersByStatusService       : Преобразование статуса Запланирован в id
2024-12-08T20:35:42.620+03:00  INFO 20108 --- [WMS] [http-nio-8080-exec-8] c.w.W.o.s.GetOrdersByStatusService       : Анализ запасов для автоматического создания заказов
2024-12-08T20:35:42.662+03:00  INFO 20108 --- [WMS] [http-nio-8080-exec-8] c.w.W.o.s.GetOrdersByStatusService       : Получение заказов со статутсом id 1
2024-12-08T20:35:45.047+03:00  INFO 20108 --- [WMS] [http-nio-8080-exec-9] c.w.W.o.s.GetOrdersByStatusService       : Преобразование статуса Запланирован в id
2024-12-08T20:35:45.048+03:00  INFO 20108 --- [WMS] [http-nio-8080-exec-9] c.w.W.o.s.GetOrdersByStatusService       : Анализ запасов для автоматического создания заказов
2024-12-08T20:35:45.093+03:00  INFO 20108 --- [WMS] [http-nio-8080-exec-9] c.w.W.o.s.GetOrdersByStatusService       : Получение заказов со статутсом id 1
2024-12-08T20:35:45.099+03:00  INFO 20108 --- [WMS] [http-nio-8080-exec-1] c.w.W.o.s.GetOrdersByStatusService       : Преобразование статуса Запланирован в id
2024-12-08T20:35:45.099+03:00  INFO 20108 --- [WMS] [http-nio-8080-exec-1] c.w.W.o.s.GetOrdersByStatusService       : Анализ запасов для автоматического создания заказов
2024-12-08T20:35:45.128+03:00  INFO 20108 --- [WMS] [http-nio-8080-exec-1] c.w.W.o.s.GetOrdersByStatusService       : Получение заказов со статутсом id 1
2024-12-08T20:38:38.293+03:00  INFO 20108 --- [WMS] [SpringApplicationShutdownHook] j.LocalContainerEntityManagerFactoryBean : Closing JPA EntityManagerFactory for persistence unit 'default'
2024-12-08T20:38:38.294+03:00  INFO 20108 --- [WMS] [SpringApplicationShutdownHook] com.zaxxer.hikari.HikariDataSource       : HikariPool-1 - Shutdown initiated...
2024-12-08T20:38:38.300+03:00  INFO 20108 --- [WMS] [SpringApplicationShutdownHook] com.zaxxer.hikari.HikariDataSource       : HikariPool-1 - Shutdown completed.
2024-12-08T20:39:05.005+03:00  INFO 9892 --- [WMS] [main] com.warehouse.WMS.WmsApplication         : Starting WmsApplication using Java 22.0.2 with PID 9892 (C:\Users\Vadim\Desktop\WMS\target\classes started by Vadim in C:\Users\Vadim\Desktop\WMS)
2024-12-08T20:39:05.007+03:00  INFO 9892 --- [WMS] [main] com.warehouse.WMS.WmsApplication         : No active profile set, falling back to 1 default profile: "default"
2024-12-08T20:39:05.641+03:00  INFO 9892 --- [WMS] [main] .s.d.r.c.RepositoryConfigurationDelegate : Bootstrapping Spring Data JPA repositories in DEFAULT mode.
2024-12-08T20:39:05.695+03:00  INFO 9892 --- [WMS] [main] .s.d.r.c.RepositoryConfigurationDelegate : Finished Spring Data repository scanning in 49 ms. Found 5 JPA repository interfaces.
2024-12-08T20:39:06.058+03:00  INFO 9892 --- [WMS] [main] o.s.b.w.embedded.tomcat.TomcatWebServer  : Tomcat initialized with port 8080 (http)
2024-12-08T20:39:06.068+03:00  INFO 9892 --- [WMS] [main] o.apache.catalina.core.StandardService   : Starting service [Tomcat]
2024-12-08T20:39:06.068+03:00  INFO 9892 --- [WMS] [main] o.apache.catalina.core.StandardEngine    : Starting Servlet engine: [Apache Tomcat/10.1.31]
2024-12-08T20:39:06.111+03:00  INFO 9892 --- [WMS] [main] o.a.c.c.C.[Tomcat].[localhost].[/]       : Initializing Spring embedded WebApplicationContext
2024-12-08T20:39:06.111+03:00  INFO 9892 --- [WMS] [main] w.s.c.ServletWebServerApplicationContext : Root WebApplicationContext: initialization completed in 1064 ms
2024-12-08T20:39:06.208+03:00  INFO 9892 --- [WMS] [main] com.zaxxer.hikari.HikariDataSource       : HikariPool-1 - Starting...
2024-12-08T20:39:06.466+03:00  INFO 9892 --- [WMS] [main] com.zaxxer.hikari.pool.HikariPool        : HikariPool-1 - Added connection com.mysql.cj.jdbc.ConnectionImpl@4975dda1
2024-12-08T20:39:06.468+03:00  INFO 9892 --- [WMS] [main] com.zaxxer.hikari.HikariDataSource       : HikariPool-1 - Start completed.
2024-12-08T20:39:06.499+03:00  INFO 9892 --- [WMS] [main] o.hibernate.jpa.internal.util.LogHelper  : HHH000204: Processing PersistenceUnitInfo [name: default]
2024-12-08T20:39:06.538+03:00  INFO 9892 --- [WMS] [main] org.hibernate.Version                    : HHH000412: Hibernate ORM core version 6.5.3.Final
2024-12-08T20:39:06.569+03:00  INFO 9892 --- [WMS] [main] o.h.c.internal.RegionFactoryInitiator    : HHH000026: Second-level cache disabled
2024-12-08T20:39:06.804+03:00  INFO 9892 --- [WMS] [main] o.s.o.j.p.SpringPersistenceUnitInfo      : No LoadTimeWeaver setup: ignoring JPA class transformer
2024-12-08T20:39:07.651+03:00  INFO 9892 --- [WMS] [main] o.h.e.t.j.p.i.JtaPlatformInitiator       : HHH000489: No JTA platform available (set 'hibernate.transaction.jta.platform' to enable JTA platform integration)
2024-12-08T20:39:07.653+03:00  INFO 9892 --- [WMS] [main] j.LocalContainerEntityManagerFactoryBean : Initialized JPA EntityManagerFactory for persistence unit 'default'
2024-12-08T20:39:08.001+03:00  WARN 9892 --- [WMS] [main] JpaBaseConfiguration$JpaWebConfiguration : spring.jpa.open-in-view is enabled by default. Therefore, database queries may be performed during view rendering. Explicitly configure spring.jpa.open-in-view to disable this warning
2024-12-08T20:39:08.319+03:00  INFO 9892 --- [WMS] [main] o.s.b.w.embedded.tomcat.TomcatWebServer  : Tomcat started on port 8080 (http) with context path '/'
2024-12-08T20:39:08.326+03:00  INFO 9892 --- [WMS] [main] com.warehouse.WMS.WmsApplication         : Started WmsApplication in 3.663 seconds (process running for 4.199)
2024-12-08T20:39:12.407+03:00  INFO 9892 --- [WMS] [http-nio-8080-exec-2] o.a.c.c.C.[Tomcat].[localhost].[/]       : Initializing Spring DispatcherServlet 'dispatcherServlet'
2024-12-08T20:39:12.407+03:00  INFO 9892 --- [WMS] [http-nio-8080-exec-2] o.s.web.servlet.DispatcherServlet        : Initializing Servlet 'dispatcherServlet'
2024-12-08T20:39:12.408+03:00  INFO 9892 --- [WMS] [http-nio-8080-exec-2] o.s.web.servlet.DispatcherServlet        : Completed initialization in 1 ms
2024-12-08T20:39:12.460+03:00  INFO 9892 --- [WMS] [http-nio-8080-exec-1] c.w.W.o.s.GetOrdersByStatusService       : Преобразование статуса Запланирован в id
2024-12-08T20:39:12.460+03:00  INFO 9892 --- [WMS] [http-nio-8080-exec-1] c.w.W.o.s.GetOrdersByStatusService       : Анализ запасов для автоматического создания заказов
2024-12-08T20:39:12.654+03:00  INFO 9892 --- [WMS] [http-nio-8080-exec-1] c.w.W.o.s.GetOrdersByStatusService       : Получение заказов со статутсом id 1
2024-12-08T20:39:12.671+03:00  INFO 9892 --- [WMS] [http-nio-8080-exec-4] c.w.W.o.s.GetOrdersByStatusService       : Преобразование статуса Запланирован в id
2024-12-08T20:39:12.672+03:00  INFO 9892 --- [WMS] [http-nio-8080-exec-4] c.w.W.o.s.GetOrdersByStatusService       : Анализ запасов для автоматического создания заказов
2024-12-08T20:39:12.727+03:00  INFO 9892 --- [WMS] [http-nio-8080-exec-4] c.w.W.o.s.GetOrdersByStatusService       : Получение заказов со статутсом id 1
2024-12-08T20:40:54.727+03:00  INFO 9892 --- [WMS] [SpringApplicationShutdownHook] j.LocalContainerEntityManagerFactoryBean : Closing JPA EntityManagerFactory for persistence unit 'default'
2024-12-08T20:40:54.729+03:00  INFO 9892 --- [WMS] [SpringApplicationShutdownHook] com.zaxxer.hikari.HikariDataSource       : HikariPool-1 - Shutdown initiated...
2024-12-08T20:40:54.734+03:00  INFO 9892 --- [WMS] [SpringApplicationShutdownHook] com.zaxxer.hikari.HikariDataSource       : HikariPool-1 - Shutdown completed.
2024-12-08T20:40:58.186+03:00  INFO 19720 --- [WMS] [main] com.warehouse.WMS.WmsApplication         : Starting WmsApplication using Java 22.0.2 with PID 19720 (C:\Users\Vadim\Desktop\WMS\target\classes started by Vadim in C:\Users\Vadim\Desktop\WMS)
2024-12-08T20:40:58.188+03:00  INFO 19720 --- [WMS] [main] com.warehouse.WMS.WmsApplication         : No active profile set, falling back to 1 default profile: "default"
2024-12-08T20:40:58.868+03:00  INFO 19720 --- [WMS] [main] .s.d.r.c.RepositoryConfigurationDelegate : Bootstrapping Spring Data JPA repositories in DEFAULT mode.
2024-12-08T20:40:58.923+03:00  INFO 19720 --- [WMS] [main] .s.d.r.c.RepositoryConfigurationDelegate : Finished Spring Data repository scanning in 48 ms. Found 5 JPA repository interfaces.
2024-12-08T20:40:59.282+03:00  INFO 19720 --- [WMS] [main] o.s.b.w.embedded.tomcat.TomcatWebServer  : Tomcat initialized with port 8080 (http)
2024-12-08T20:40:59.300+03:00  INFO 19720 --- [WMS] [main] o.apache.catalina.core.StandardService   : Starting service [Tomcat]
2024-12-08T20:40:59.301+03:00  INFO 19720 --- [WMS] [main] o.apache.catalina.core.StandardEngine    : Starting Servlet engine: [Apache Tomcat/10.1.31]
2024-12-08T20:40:59.345+03:00  INFO 19720 --- [WMS] [main] o.a.c.c.C.[Tomcat].[localhost].[/]       : Initializing Spring embedded WebApplicationContext
2024-12-08T20:40:59.345+03:00  INFO 19720 --- [WMS] [main] w.s.c.ServletWebServerApplicationContext : Root WebApplicationContext: initialization completed in 1111 ms
2024-12-08T20:40:59.439+03:00  INFO 19720 --- [WMS] [main] com.zaxxer.hikari.HikariDataSource       : HikariPool-1 - Starting...
2024-12-08T20:40:59.714+03:00  INFO 19720 --- [WMS] [main] com.zaxxer.hikari.pool.HikariPool        : HikariPool-1 - Added connection com.mysql.cj.jdbc.ConnectionImpl@e0d1dc4
2024-12-08T20:40:59.716+03:00  INFO 19720 --- [WMS] [main] com.zaxxer.hikari.HikariDataSource       : HikariPool-1 - Start completed.
2024-12-08T20:40:59.746+03:00  INFO 19720 --- [WMS] [main] o.hibernate.jpa.internal.util.LogHelper  : HHH000204: Processing PersistenceUnitInfo [name: default]
2024-12-08T20:40:59.786+03:00  INFO 19720 --- [WMS] [main] org.hibernate.Version                    : HHH000412: Hibernate ORM core version 6.5.3.Final
2024-12-08T20:40:59.810+03:00  INFO 19720 --- [WMS] [main] o.h.c.internal.RegionFactoryInitiator    : HHH000026: Second-level cache disabled
2024-12-08T20:41:00.065+03:00  INFO 19720 --- [WMS] [main] o.s.o.j.p.SpringPersistenceUnitInfo      : No LoadTimeWeaver setup: ignoring JPA class transformer
2024-12-08T20:41:00.914+03:00  INFO 19720 --- [WMS] [main] o.h.e.t.j.p.i.JtaPlatformInitiator       : HHH000489: No JTA platform available (set 'hibernate.transaction.jta.platform' to enable JTA platform integration)
2024-12-08T20:41:00.916+03:00  INFO 19720 --- [WMS] [main] j.LocalContainerEntityManagerFactoryBean : Initialized JPA EntityManagerFactory for persistence unit 'default'
2024-12-08T20:41:01.268+03:00  WARN 19720 --- [WMS] [main] JpaBaseConfiguration$JpaWebConfiguration : spring.jpa.open-in-view is enabled by default. Therefore, database queries may be performed during view rendering. Explicitly configure spring.jpa.open-in-view to disable this warning
2024-12-08T20:41:01.588+03:00  INFO 19720 --- [WMS] [main] o.s.b.w.embedded.tomcat.TomcatWebServer  : Tomcat started on port 8080 (http) with context path '/'
2024-12-08T20:41:01.595+03:00  INFO 19720 --- [WMS] [main] com.warehouse.WMS.WmsApplication         : Started WmsApplication in 3.755 seconds (process running for 4.292)
2024-12-08T20:41:11.514+03:00  INFO 19720 --- [WMS] [http-nio-8080-exec-3] o.a.c.c.C.[Tomcat].[localhost].[/]       : Initializing Spring DispatcherServlet 'dispatcherServlet'
2024-12-08T20:41:11.514+03:00  INFO 19720 --- [WMS] [http-nio-8080-exec-3] o.s.web.servlet.DispatcherServlet        : Initializing Servlet 'dispatcherServlet'
2024-12-08T20:41:11.514+03:00  INFO 19720 --- [WMS] [http-nio-8080-exec-3] o.s.web.servlet.DispatcherServlet        : Completed initialization in 0 ms
2024-12-08T20:41:11.555+03:00  INFO 19720 --- [WMS] [http-nio-8080-exec-1] c.w.W.o.s.GetOrdersByStatusService       : Преобразование статуса Запланирован в id
2024-12-08T20:41:11.555+03:00  INFO 19720 --- [WMS] [http-nio-8080-exec-1] c.w.W.o.s.GetOrdersByStatusService       : Анализ запасов для автоматического создания заказов
2024-12-08T20:41:11.696+03:00  INFO 19720 --- [WMS] [http-nio-8080-exec-1] c.w.W.w.s.FindShortageOfStockService     : componentAndQuantityList: [ComponentAndQuantity[component=Component{id=3, name='Процессор AMD', category=Процессор, manufacture='AMD', model='Ryzen 5 7600X', price=560}, quantity=20], ComponentAndQuantity[component=Component{id=6, name='Оперативная память Corsair', category=Оперативная память, manufacture='Corsair', model='Vengeance LPX 16GB', price=116}, quantity=30], ComponentAndQuantity[component=Component{id=22, name='Материнская плата MSI', category=Материнская плата, manufacture='MSI', model='B550-A PRO', price=150}, quantity=20], ComponentAndQuantity[component=Component{id=23, name='Монитор LG', category=Монитор, manufacture='LG', model='UltraGear 27GN950', price=900}, quantity=5], ComponentAndQuantity[component=Component{id=24, name='Клавиатура Razer', category=Клавиатура, manufacture='Razer', model='BlackWidow V3', price=130}, quantity=20], ComponentAndQuantity[component=Component{id=32, name='Внешний SSD Samsung', category=Накопитель, manufacture='Samsung', model='T7 1TB', price=150}, quantity=30], ComponentAndQuantity[component=Component{id=30, name='Клавиатура SteelSeries', category=Клавиатура, manufacture='SteelSeries', model='Apex 7', price=130}, quantity=20], ComponentAndQuantity[component=Component{id=26, name='Внешний жесткий диск WD', category=Накопитель, manufacture='Western Digital', model='My Passport 4TB', price=120}, quantity=30]]
2024-12-08T20:41:11.795+03:00  INFO 19720 --- [WMS] [http-nio-8080-exec-1] c.w.W.o.s.GetOrdersByStatusService       : Получение заказов со статутсом id 1
2024-12-08T20:41:11.813+03:00  INFO 19720 --- [WMS] [http-nio-8080-exec-4] c.w.W.o.s.GetOrdersByStatusService       : Преобразование статуса Запланирован в id
2024-12-08T20:41:11.813+03:00  INFO 19720 --- [WMS] [http-nio-8080-exec-4] c.w.W.o.s.GetOrdersByStatusService       : Анализ запасов для автоматического создания заказов
2024-12-08T20:41:11.841+03:00  INFO 19720 --- [WMS] [http-nio-8080-exec-4] c.w.W.w.s.FindShortageOfStockService     : componentAndQuantityList: [ComponentAndQuantity[component=Component{id=3, name='Процессор AMD', category=Процессор, manufacture='AMD', model='Ryzen 5 7600X', price=560}, quantity=20], ComponentAndQuantity[component=Component{id=6, name='Оперативная память Corsair', category=Оперативная память, manufacture='Corsair', model='Vengeance LPX 16GB', price=116}, quantity=30], ComponentAndQuantity[component=Component{id=22, name='Материнская плата MSI', category=Материнская плата, manufacture='MSI', model='B550-A PRO', price=150}, quantity=20], ComponentAndQuantity[component=Component{id=23, name='Монитор LG', category=Монитор, manufacture='LG', model='UltraGear 27GN950', price=900}, quantity=5], ComponentAndQuantity[component=Component{id=24, name='Клавиатура Razer', category=Клавиатура, manufacture='Razer', model='BlackWidow V3', price=130}, quantity=20], ComponentAndQuantity[component=Component{id=32, name='Внешний SSD Samsung', category=Накопитель, manufacture='Samsung', model='T7 1TB', price=150}, quantity=30], ComponentAndQuantity[component=Component{id=30, name='Клавиатура SteelSeries', category=Клавиатура, manufacture='SteelSeries', model='Apex 7', price=130}, quantity=20], ComponentAndQuantity[component=Component{id=26, name='Внешний жесткий диск WD', category=Накопитель, manufacture='Western Digital', model='My Passport 4TB', price=120}, quantity=30]]
2024-12-08T20:41:11.867+03:00  INFO 19720 --- [WMS] [http-nio-8080-exec-4] c.w.W.o.s.GetOrdersByStatusService       : Получение заказов со статутсом id 1
2024-12-08T20:42:18.192+03:00  INFO 19720 --- [WMS] [SpringApplicationShutdownHook] j.LocalContainerEntityManagerFactoryBean : Closing JPA EntityManagerFactory for persistence unit 'default'
2024-12-08T20:42:18.195+03:00  INFO 19720 --- [WMS] [SpringApplicationShutdownHook] com.zaxxer.hikari.HikariDataSource       : HikariPool-1 - Shutdown initiated...
2024-12-08T20:42:18.201+03:00  INFO 19720 --- [WMS] [SpringApplicationShutdownHook] com.zaxxer.hikari.HikariDataSource       : HikariPool-1 - Shutdown completed.
2024-12-08T20:44:16.341+03:00  INFO 7592 --- [WMS] [main] com.warehouse.WMS.WmsApplication         : Starting WmsApplication using Java 22.0.2 with PID 7592 (C:\Users\Vadim\Desktop\WMS\target\classes started by Vadim in C:\Users\Vadim\Desktop\WMS)
2024-12-08T20:44:16.343+03:00  INFO 7592 --- [WMS] [main] com.warehouse.WMS.WmsApplication         : No active profile set, falling back to 1 default profile: "default"
2024-12-08T20:44:16.984+03:00  INFO 7592 --- [WMS] [main] .s.d.r.c.RepositoryConfigurationDelegate : Bootstrapping Spring Data JPA repositories in DEFAULT mode.
2024-12-08T20:44:17.038+03:00  INFO 7592 --- [WMS] [main] .s.d.r.c.RepositoryConfigurationDelegate : Finished Spring Data repository scanning in 49 ms. Found 5 JPA repository interfaces.
2024-12-08T20:44:17.396+03:00  INFO 7592 --- [WMS] [main] o.s.b.w.embedded.tomcat.TomcatWebServer  : Tomcat initialized with port 8080 (http)
2024-12-08T20:44:17.407+03:00  INFO 7592 --- [WMS] [main] o.apache.catalina.core.StandardService   : Starting service [Tomcat]
2024-12-08T20:44:17.407+03:00  INFO 7592 --- [WMS] [main] o.apache.catalina.core.StandardEngine    : Starting Servlet engine: [Apache Tomcat/10.1.31]
2024-12-08T20:44:17.451+03:00  INFO 7592 --- [WMS] [main] o.a.c.c.C.[Tomcat].[localhost].[/]       : Initializing Spring embedded WebApplicationContext
2024-12-08T20:44:17.451+03:00  INFO 7592 --- [WMS] [main] w.s.c.ServletWebServerApplicationContext : Root WebApplicationContext: initialization completed in 1066 ms
2024-12-08T20:44:17.547+03:00  INFO 7592 --- [WMS] [main] com.zaxxer.hikari.HikariDataSource       : HikariPool-1 - Starting...
2024-12-08T20:44:17.810+03:00  INFO 7592 --- [WMS] [main] com.zaxxer.hikari.pool.HikariPool        : HikariPool-1 - Added connection com.mysql.cj.jdbc.ConnectionImpl@722531ab
2024-12-08T20:44:17.811+03:00  INFO 7592 --- [WMS] [main] com.zaxxer.hikari.HikariDataSource       : HikariPool-1 - Start completed.
2024-12-08T20:44:17.842+03:00  INFO 7592 --- [WMS] [main] o.hibernate.jpa.internal.util.LogHelper  : HHH000204: Processing PersistenceUnitInfo [name: default]
2024-12-08T20:44:17.882+03:00  INFO 7592 --- [WMS] [main] org.hibernate.Version                    : HHH000412: Hibernate ORM core version 6.5.3.Final
2024-12-08T20:44:17.906+03:00  INFO 7592 --- [WMS] [main] o.h.c.internal.RegionFactoryInitiator    : HHH000026: Second-level cache disabled
2024-12-08T20:44:18.150+03:00  INFO 7592 --- [WMS] [main] o.s.o.j.p.SpringPersistenceUnitInfo      : No LoadTimeWeaver setup: ignoring JPA class transformer
2024-12-08T20:44:19.002+03:00  INFO 7592 --- [WMS] [main] o.h.e.t.j.p.i.JtaPlatformInitiator       : HHH000489: No JTA platform available (set 'hibernate.transaction.jta.platform' to enable JTA platform integration)
2024-12-08T20:44:19.004+03:00  INFO 7592 --- [WMS] [main] j.LocalContainerEntityManagerFactoryBean : Initialized JPA EntityManagerFactory for persistence unit 'default'
2024-12-08T20:44:19.353+03:00  WARN 7592 --- [WMS] [main] JpaBaseConfiguration$JpaWebConfiguration : spring.jpa.open-in-view is enabled by default. Therefore, database queries may be performed during view rendering. Explicitly configure spring.jpa.open-in-view to disable this warning
2024-12-08T20:44:19.686+03:00  INFO 7592 --- [WMS] [main] o.s.b.w.embedded.tomcat.TomcatWebServer  : Tomcat started on port 8080 (http) with context path '/'
2024-12-08T20:44:19.693+03:00  INFO 7592 --- [WMS] [main] com.warehouse.WMS.WmsApplication         : Started WmsApplication in 3.695 seconds (process running for 4.218)
2024-12-08T20:44:22.613+03:00  INFO 7592 --- [WMS] [http-nio-8080-exec-2] o.a.c.c.C.[Tomcat].[localhost].[/]       : Initializing Spring DispatcherServlet 'dispatcherServlet'
2024-12-08T20:44:22.614+03:00  INFO 7592 --- [WMS] [http-nio-8080-exec-2] o.s.web.servlet.DispatcherServlet        : Initializing Servlet 'dispatcherServlet'
2024-12-08T20:44:22.615+03:00  INFO 7592 --- [WMS] [http-nio-8080-exec-2] o.s.web.servlet.DispatcherServlet        : Completed initialization in 1 ms
2024-12-08T20:44:22.663+03:00  INFO 7592 --- [WMS] [http-nio-8080-exec-2] c.w.W.o.s.GetOrdersByStatusService       : Преобразование статуса Запланирован в id
2024-12-08T20:44:22.663+03:00  INFO 7592 --- [WMS] [http-nio-8080-exec-2] c.w.W.o.s.GetOrdersByStatusService       : Анализ запасов для автоматического создания заказов
2024-12-08T20:44:22.931+03:00  INFO 7592 --- [WMS] [http-nio-8080-exec-2] c.w.W.o.s.GetOrdersByStatusService       : Получение заказов со статутсом id 1
2024-12-08T20:44:22.948+03:00  INFO 7592 --- [WMS] [http-nio-8080-exec-6] c.w.W.o.s.GetOrdersByStatusService       : Преобразование статуса Запланирован в id
2024-12-08T20:44:22.949+03:00  INFO 7592 --- [WMS] [http-nio-8080-exec-6] c.w.W.o.s.GetOrdersByStatusService       : Анализ запасов для автоматического создания заказов
2024-12-08T20:44:22.994+03:00  INFO 7592 --- [WMS] [http-nio-8080-exec-6] c.w.W.o.s.GetOrdersByStatusService       : Получение заказов со статутсом id 1
2024-12-08T20:45:03.840+03:00  INFO 7592 --- [WMS] [http-nio-8080-exec-8] c.w.W.o.s.DemandAnalysisOrderService     : [OrderDTO(id=2, orderDate=2024-11-02, deliveryDate=2024-11-12, components=[ComponentDTO(id=6, name=Оперативная память Corsair, category=Оперативная память, manufacture=Corsair, model=Vengeance LPX 16GB, price=116), ComponentDTO(id=12, name=Корпус NZXT, category=Корпус, manufacture=NZXT, model=H510 Elite, price=260)], quantities=[-12, 10], totalQuantity=-2, status=Завершен), OrderDTO(id=1, orderDate=2024-11-01, deliveryDate=2024-11-10, components=[ComponentDTO(id=11, name=Внешний жёсткий диск Seagate, category=Накопитель, manufacture=Seagate, model=Backup Plus 4TB, price=230), ComponentDTO(id=18, name=SSD Kingston, category=Накопитель, manufacture=Kingston, model=A2000 1TB, price=100)], quantities=[15, -8], totalQuantity=7, status=Завершен), OrderDTO(id=3, orderDate=2024-11-03, deliveryDate=2024-11-13, components=[ComponentDTO(id=13, name=Вентилятор Noctua, category=Система охлаждения, manufacture=Noctua, model=NF-A12x25 PWM, price=45), ComponentDTO(id=19, name=Видеокарта ASUS, category=Видеокарта, manufacture=ASUS, model=ROG Strix RTX 3060, price=550)], quantities=[20, -5], totalQuantity=15, status=Завершен), OrderDTO(id=4, orderDate=2024-11-04, deliveryDate=2024-11-14, components=[ComponentDTO(id=14, name=Материнская плата ASUS, category=Материнская плата, manufacture=ASUS, model=ROG Strix Z490-E, price=560), ComponentDTO(id=20, name=Блок питания Seasonic, category=Блок питания, manufacture=Seasonic, model=Focus GX-750, price=120)], quantities=[10, -4], totalQuantity=6, status=Завершен), OrderDTO(id=5, orderDate=2024-11-05, deliveryDate=2024-11-15, components=[ComponentDTO(id=15, name=Игровой монитор Xiaomi Redmi, category=Монитор, manufacture=Xiaomi Redmi, model=G24 A24FAA-RG, price=335), ComponentDTO(id=21, name=Кулер Noctua, category=Система охлаждения, manufacture=Noctua, model=NH-D15, price=90)], quantities=[8, -6], totalQuantity=2, status=Завершен), OrderDTO(id=38, orderDate=2024-11-06, deliveryDate=2024-11-16, components=[ComponentDTO(id=22, name=Материнская плата MSI, category=Материнская плата, manufacture=MSI, model=B550-A PRO, price=150)], quantities=[-3], totalQuantity=-3, status=Завершен), OrderDTO(id=39, orderDate=2024-11-07, deliveryDate=2024-11-17, components=[ComponentDTO(id=23, name=Монитор LG, category=Монитор, manufacture=LG, model=UltraGear 27GN950, price=900)], quantities=[-1], totalQuantity=-1, status=Завершен), OrderDTO(id=40, orderDate=2024-11-08, deliveryDate=2024-11-18, components=[ComponentDTO(id=24, name=Клавиатура Razer, category=Клавиатура, manufacture=Razer, model=BlackWidow V3, price=130)], quantities=[-9], totalQuantity=-9, status=Завершен), OrderDTO(id=41, orderDate=2024-10-09, deliveryDate=2024-10-19, components=[ComponentDTO(id=25, name=Мышь Logitech, category=Компьютерная мышь, manufacture=Logitech, model=G502 HERO, price=50)], quantities=[-23], totalQuantity=-23, status=Завершен), OrderDTO(id=42, orderDate=2024-10-10, deliveryDate=2024-10-20, components=[ComponentDTO(id=26, name=Внешний жесткий диск WD, category=Накопитель, manufacture=Western Digital, model=My Passport 4TB, price=120)], quantities=[-6], totalQuantity=-6, status=Завершен), OrderDTO(id=43, orderDate=2024-10-13, deliveryDate=2024-10-23, components=[ComponentDTO(id=27, name=Кулер Arctic, category=Система охлаждения, manufacture=Arctic, model=Freezer 34 eSports DUO, price=70)], quantities=[-12], totalQuantity=-12, status=Завершен), OrderDTO(id=44, orderDate=2024-10-15, deliveryDate=2024-10-25, components=[ComponentDTO(id=28, name=Системный блок Thermaltake, category=Корпус, manufacture=Thermaltake, model=V200, price=100)], quantities=[-10], totalQuantity=-10, status=Завершен), OrderDTO(id=45, orderDate=2024-10-16, deliveryDate=2024-10-26, components=[ComponentDTO(id=29, name=Память G.Skill, category=Оперативная память, manufacture=G.Skill, model=Ripjaws V 32GB, price=150)], quantities=[-9], totalQuantity=-9, status=Завершен), OrderDTO(id=46, orderDate=2024-10-17, deliveryDate=2024-10-27, components=[ComponentDTO(id=30, name=Клавиатура SteelSeries, category=Клавиатура, manufacture=SteelSeries, model=Apex 7, price=130)], quantities=[-10], totalQuantity=-10, status=Завершен), OrderDTO(id=47, orderDate=2024-10-18, deliveryDate=2024-10-28, components=[ComponentDTO(id=31, name=Мышь Corsair, category=Компьютерная мышь, manufacture=Corsair, model=M65 RGB Elite, price=80)], quantities=[-16], totalQuantity=-16, status=Завершен), OrderDTO(id=48, orderDate=2024-10-19, deliveryDate=2024-10-29, components=[ComponentDTO(id=32, name=Внешний SSD Samsung, category=Накопитель, manufacture=Samsung, model=T7 1TB, price=150)], quantities=[-7], totalQuantity=-7, status=Завершен)]
2024-12-08T20:45:03.899+03:00  INFO 7592 --- [WMS] [http-nio-8080-exec-10] c.w.W.o.s.DemandAnalysisOrderService     : [OrderDTO(id=2, orderDate=2024-11-02, deliveryDate=2024-11-12, components=[ComponentDTO(id=6, name=Оперативная память Corsair, category=Оперативная память, manufacture=Corsair, model=Vengeance LPX 16GB, price=116), ComponentDTO(id=12, name=Корпус NZXT, category=Корпус, manufacture=NZXT, model=H510 Elite, price=260)], quantities=[-12, 10], totalQuantity=-2, status=Завершен), OrderDTO(id=1, orderDate=2024-11-01, deliveryDate=2024-11-10, components=[ComponentDTO(id=11, name=Внешний жёсткий диск Seagate, category=Накопитель, manufacture=Seagate, model=Backup Plus 4TB, price=230), ComponentDTO(id=18, name=SSD Kingston, category=Накопитель, manufacture=Kingston, model=A2000 1TB, price=100)], quantities=[15, -8], totalQuantity=7, status=Завершен), OrderDTO(id=3, orderDate=2024-11-03, deliveryDate=2024-11-13, components=[ComponentDTO(id=13, name=Вентилятор Noctua, category=Система охлаждения, manufacture=Noctua, model=NF-A12x25 PWM, price=45), ComponentDTO(id=19, name=Видеокарта ASUS, category=Видеокарта, manufacture=ASUS, model=ROG Strix RTX 3060, price=550)], quantities=[20, -5], totalQuantity=15, status=Завершен), OrderDTO(id=4, orderDate=2024-11-04, deliveryDate=2024-11-14, components=[ComponentDTO(id=14, name=Материнская плата ASUS, category=Материнская плата, manufacture=ASUS, model=ROG Strix Z490-E, price=560), ComponentDTO(id=20, name=Блок питания Seasonic, category=Блок питания, manufacture=Seasonic, model=Focus GX-750, price=120)], quantities=[10, -4], totalQuantity=6, status=Завершен), OrderDTO(id=5, orderDate=2024-11-05, deliveryDate=2024-11-15, components=[ComponentDTO(id=15, name=Игровой монитор Xiaomi Redmi, category=Монитор, manufacture=Xiaomi Redmi, model=G24 A24FAA-RG, price=335), ComponentDTO(id=21, name=Кулер Noctua, category=Система охлаждения, manufacture=Noctua, model=NH-D15, price=90)], quantities=[8, -6], totalQuantity=2, status=Завершен), OrderDTO(id=38, orderDate=2024-11-06, deliveryDate=2024-11-16, components=[ComponentDTO(id=22, name=Материнская плата MSI, category=Материнская плата, manufacture=MSI, model=B550-A PRO, price=150)], quantities=[-3], totalQuantity=-3, status=Завершен), OrderDTO(id=39, orderDate=2024-11-07, deliveryDate=2024-11-17, components=[ComponentDTO(id=23, name=Монитор LG, category=Монитор, manufacture=LG, model=UltraGear 27GN950, price=900)], quantities=[-1], totalQuantity=-1, status=Завершен), OrderDTO(id=40, orderDate=2024-11-08, deliveryDate=2024-11-18, components=[ComponentDTO(id=24, name=Клавиатура Razer, category=Клавиатура, manufacture=Razer, model=BlackWidow V3, price=130)], quantities=[-9], totalQuantity=-9, status=Завершен), OrderDTO(id=41, orderDate=2024-10-09, deliveryDate=2024-10-19, components=[ComponentDTO(id=25, name=Мышь Logitech, category=Компьютерная мышь, manufacture=Logitech, model=G502 HERO, price=50)], quantities=[-23], totalQuantity=-23, status=Завершен), OrderDTO(id=42, orderDate=2024-10-10, deliveryDate=2024-10-20, components=[ComponentDTO(id=26, name=Внешний жесткий диск WD, category=Накопитель, manufacture=Western Digital, model=My Passport 4TB, price=120)], quantities=[-6], totalQuantity=-6, status=Завершен), OrderDTO(id=43, orderDate=2024-10-13, deliveryDate=2024-10-23, components=[ComponentDTO(id=27, name=Кулер Arctic, category=Система охлаждения, manufacture=Arctic, model=Freezer 34 eSports DUO, price=70)], quantities=[-12], totalQuantity=-12, status=Завершен), OrderDTO(id=44, orderDate=2024-10-15, deliveryDate=2024-10-25, components=[ComponentDTO(id=28, name=Системный блок Thermaltake, category=Корпус, manufacture=Thermaltake, model=V200, price=100)], quantities=[-10], totalQuantity=-10, status=Завершен), OrderDTO(id=45, orderDate=2024-10-16, deliveryDate=2024-10-26, components=[ComponentDTO(id=29, name=Память G.Skill, category=Оперативная память, manufacture=G.Skill, model=Ripjaws V 32GB, price=150)], quantities=[-9], totalQuantity=-9, status=Завершен), OrderDTO(id=46, orderDate=2024-10-17, deliveryDate=2024-10-27, components=[ComponentDTO(id=30, name=Клавиатура SteelSeries, category=Клавиатура, manufacture=SteelSeries, model=Apex 7, price=130)], quantities=[-10], totalQuantity=-10, status=Завершен), OrderDTO(id=47, orderDate=2024-10-18, deliveryDate=2024-10-28, components=[ComponentDTO(id=31, name=Мышь Corsair, category=Компьютерная мышь, manufacture=Corsair, model=M65 RGB Elite, price=80)], quantities=[-16], totalQuantity=-16, status=Завершен), OrderDTO(id=48, orderDate=2024-10-19, deliveryDate=2024-10-29, components=[ComponentDTO(id=32, name=Внешний SSD Samsung, category=Накопитель, manufacture=Samsung, model=T7 1TB, price=150)], quantities=[-7], totalQuantity=-7, status=Завершен)]
2024-12-08T20:45:21.887+03:00  INFO 7592 --- [WMS] [http-nio-8080-exec-9] c.w.W.w.services.GetWarehousesService    : Получение всех запасов со склада
2024-12-08T20:45:21.915+03:00  INFO 7592 --- [WMS] [http-nio-8080-exec-4] c.w.W.w.services.GetWarehousesService    : Получение всех запасов со склада
2024-12-08T20:45:28.856+03:00  INFO 7592 --- [WMS] [SpringApplicationShutdownHook] j.LocalContainerEntityManagerFactoryBean : Closing JPA EntityManagerFactory for persistence unit 'default'
2024-12-08T20:45:28.858+03:00  INFO 7592 --- [WMS] [SpringApplicationShutdownHook] com.zaxxer.hikari.HikariDataSource       : HikariPool-1 - Shutdown initiated...
2024-12-08T20:45:28.865+03:00  INFO 7592 --- [WMS] [SpringApplicationShutdownHook] com.zaxxer.hikari.HikariDataSource       : HikariPool-1 - Shutdown completed.
2024-12-08T20:58:00.170+03:00  INFO 9516 --- [WMS] [main] com.warehouse.WMS.WmsApplication         : Starting WmsApplication using Java 22.0.2 with PID 9516 (C:\Users\Vadim\Desktop\WMS\target\classes started by Vadim in C:\Users\Vadim\Desktop\WMS)
2024-12-08T20:58:00.173+03:00  INFO 9516 --- [WMS] [main] com.warehouse.WMS.WmsApplication         : No active profile set, falling back to 1 default profile: "default"
2024-12-08T20:58:00.975+03:00  INFO 9516 --- [WMS] [main] .s.d.r.c.RepositoryConfigurationDelegate : Bootstrapping Spring Data JPA repositories in DEFAULT mode.
2024-12-08T20:58:01.030+03:00  INFO 9516 --- [WMS] [main] .s.d.r.c.RepositoryConfigurationDelegate : Finished Spring Data repository scanning in 50 ms. Found 5 JPA repository interfaces.
2024-12-08T20:58:01.442+03:00  INFO 9516 --- [WMS] [main] o.s.b.w.embedded.tomcat.TomcatWebServer  : Tomcat initialized with port 8080 (http)
2024-12-08T20:58:01.455+03:00  INFO 9516 --- [WMS] [main] o.apache.catalina.core.StandardService   : Starting service [Tomcat]
2024-12-08T20:58:01.455+03:00  INFO 9516 --- [WMS] [main] o.apache.catalina.core.StandardEngine    : Starting Servlet engine: [Apache Tomcat/10.1.31]
2024-12-08T20:58:01.509+03:00  INFO 9516 --- [WMS] [main] o.a.c.c.C.[Tomcat].[localhost].[/]       : Initializing Spring embedded WebApplicationContext
2024-12-08T20:58:01.509+03:00  INFO 9516 --- [WMS] [main] w.s.c.ServletWebServerApplicationContext : Root WebApplicationContext: initialization completed in 1284 ms
2024-12-08T20:58:01.616+03:00  INFO 9516 --- [WMS] [main] com.zaxxer.hikari.HikariDataSource       : HikariPool-1 - Starting...
2024-12-08T20:58:01.893+03:00  INFO 9516 --- [WMS] [main] com.zaxxer.hikari.pool.HikariPool        : HikariPool-1 - Added connection com.mysql.cj.jdbc.ConnectionImpl@5463f035
2024-12-08T20:58:01.895+03:00  INFO 9516 --- [WMS] [main] com.zaxxer.hikari.HikariDataSource       : HikariPool-1 - Start completed.
2024-12-08T20:58:01.924+03:00  INFO 9516 --- [WMS] [main] o.hibernate.jpa.internal.util.LogHelper  : HHH000204: Processing PersistenceUnitInfo [name: default]
2024-12-08T20:58:01.964+03:00  INFO 9516 --- [WMS] [main] org.hibernate.Version                    : HHH000412: Hibernate ORM core version 6.5.3.Final
2024-12-08T20:58:01.989+03:00  INFO 9516 --- [WMS] [main] o.h.c.internal.RegionFactoryInitiator    : HHH000026: Second-level cache disabled
2024-12-08T20:58:02.237+03:00  INFO 9516 --- [WMS] [main] o.s.o.j.p.SpringPersistenceUnitInfo      : No LoadTimeWeaver setup: ignoring JPA class transformer
2024-12-08T20:58:03.099+03:00  INFO 9516 --- [WMS] [main] o.h.e.t.j.p.i.JtaPlatformInitiator       : HHH000489: No JTA platform available (set 'hibernate.transaction.jta.platform' to enable JTA platform integration)
2024-12-08T20:58:03.102+03:00  INFO 9516 --- [WMS] [main] j.LocalContainerEntityManagerFactoryBean : Initialized JPA EntityManagerFactory for persistence unit 'default'
2024-12-08T20:58:03.451+03:00  WARN 9516 --- [WMS] [main] JpaBaseConfiguration$JpaWebConfiguration : spring.jpa.open-in-view is enabled by default. Therefore, database queries may be performed during view rendering. Explicitly configure spring.jpa.open-in-view to disable this warning
2024-12-08T20:58:03.774+03:00  INFO 9516 --- [WMS] [main] o.s.b.w.embedded.tomcat.TomcatWebServer  : Tomcat started on port 8080 (http) with context path '/'
2024-12-08T20:58:03.781+03:00  INFO 9516 --- [WMS] [main] com.warehouse.WMS.WmsApplication         : Started WmsApplication in 4.068 seconds (process running for 4.718)
2024-12-08T20:58:22.529+03:00  INFO 9516 --- [WMS] [http-nio-8080-exec-2] o.a.c.c.C.[Tomcat].[localhost].[/]       : Initializing Spring DispatcherServlet 'dispatcherServlet'
2024-12-08T20:58:22.529+03:00  INFO 9516 --- [WMS] [http-nio-8080-exec-2] o.s.web.servlet.DispatcherServlet        : Initializing Servlet 'dispatcherServlet'
2024-12-08T20:58:22.531+03:00  INFO 9516 --- [WMS] [http-nio-8080-exec-2] o.s.web.servlet.DispatcherServlet        : Completed initialization in 2 ms
2024-12-08T20:58:22.578+03:00  INFO 9516 --- [WMS] [http-nio-8080-exec-2] c.w.W.o.s.GetOrdersByStatusService       : Преобразование статуса Запланирован в id
2024-12-08T20:58:22.578+03:00  INFO 9516 --- [WMS] [http-nio-8080-exec-2] c.w.W.o.s.GetOrdersByStatusService       : Анализ запасов для автоматического создания заказов
2024-12-08T20:58:22.805+03:00  INFO 9516 --- [WMS] [http-nio-8080-exec-2] c.w.W.o.s.GetOrdersByStatusService       : Получение заказов со статутсом id 1
2024-12-08T20:58:22.824+03:00  INFO 9516 --- [WMS] [http-nio-8080-exec-4] c.w.W.o.s.GetOrdersByStatusService       : Преобразование статуса Запланирован в id
2024-12-08T20:58:22.825+03:00  INFO 9516 --- [WMS] [http-nio-8080-exec-4] c.w.W.o.s.GetOrdersByStatusService       : Анализ запасов для автоматического создания заказов
2024-12-08T20:58:22.872+03:00  INFO 9516 --- [WMS] [http-nio-8080-exec-4] c.w.W.o.s.GetOrdersByStatusService       : Получение заказов со статутсом id 1
2024-12-08T20:58:25.576+03:00  INFO 9516 --- [WMS] [http-nio-8080-exec-5] c.w.W.o.s.GetOrdersByStatusService       : Преобразование статуса Запланирован в id
2024-12-08T20:58:25.576+03:00  INFO 9516 --- [WMS] [http-nio-8080-exec-5] c.w.W.o.s.GetOrdersByStatusService       : Анализ запасов для автоматического создания заказов
2024-12-08T20:58:25.630+03:00  INFO 9516 --- [WMS] [http-nio-8080-exec-5] c.w.W.o.s.GetOrdersByStatusService       : Получение заказов со статутсом id 1
2024-12-08T20:58:25.640+03:00  INFO 9516 --- [WMS] [http-nio-8080-exec-8] c.w.W.o.s.GetOrdersByStatusService       : Преобразование статуса Запланирован в id
2024-12-08T20:58:25.640+03:00  INFO 9516 --- [WMS] [http-nio-8080-exec-8] c.w.W.o.s.GetOrdersByStatusService       : Анализ запасов для автоматического создания заказов
2024-12-08T20:58:25.674+03:00  INFO 9516 --- [WMS] [http-nio-8080-exec-8] c.w.W.o.s.GetOrdersByStatusService       : Получение заказов со статутсом id 1
2024-12-08T20:58:26.130+03:00  INFO 9516 --- [WMS] [http-nio-8080-exec-9] c.w.W.o.s.GetOrdersByStatusService       : Преобразование статуса Запланирован в id
2024-12-08T20:58:26.131+03:00  INFO 9516 --- [WMS] [http-nio-8080-exec-9] c.w.W.o.s.GetOrdersByStatusService       : Анализ запасов для автоматического создания заказов
2024-12-08T20:58:26.175+03:00  INFO 9516 --- [WMS] [http-nio-8080-exec-9] c.w.W.o.s.GetOrdersByStatusService       : Получение заказов со статутсом id 1
2024-12-08T20:58:26.183+03:00  INFO 9516 --- [WMS] [http-nio-8080-exec-3] c.w.W.o.s.GetOrdersByStatusService       : Преобразование статуса Запланирован в id
2024-12-08T20:58:26.183+03:00  INFO 9516 --- [WMS] [http-nio-8080-exec-3] c.w.W.o.s.GetOrdersByStatusService       : Анализ запасов для автоматического создания заказов
2024-12-08T20:58:26.214+03:00  INFO 9516 --- [WMS] [http-nio-8080-exec-3] c.w.W.o.s.GetOrdersByStatusService       : Получение заказов со статутсом id 1
2024-12-08T20:58:41.318+03:00  INFO 9516 --- [WMS] [SpringApplicationShutdownHook] j.LocalContainerEntityManagerFactoryBean : Closing JPA EntityManagerFactory for persistence unit 'default'
2024-12-08T20:58:41.319+03:00  INFO 9516 --- [WMS] [SpringApplicationShutdownHook] com.zaxxer.hikari.HikariDataSource       : HikariPool-1 - Shutdown initiated...
2024-12-08T20:58:41.324+03:00  INFO 9516 --- [WMS] [SpringApplicationShutdownHook] com.zaxxer.hikari.HikariDataSource       : HikariPool-1 - Shutdown completed.
